[
    {
        "prefix_item": "acm-pca"
    },
    {
        "link": "https://docs.aws.amazon.com/service-authorization/latest/reference/./list_awsprivatecertificateauthority.html"
    },
    {
        "actions": [
            {
                "name": "CreateCertificateAuthority",
                "description": "Grants permission to create an AWS Private CA and its associated private key and configuration",
                "access level": "Write",
                "resource types": [
                    ""
                ],
                "conditionKeys": "aws:RequestTag/${TagKey}\n\n\naws:TagKeys",
                "dependentActions": [
                    ""
                ]
            },
            {
                "name": "CreateCertificateAuthorityAuditReport",
                "description": "Grants permission to create an audit report for an AWS Private CA",
                "access level": "Write",
                "resource types": [
                    "certificate-authority*"
                ],
                "conditionKeys": "",
                "dependentActions": [
                    ""
                ]
            },
            {
                "name": "CreatePermission",
                "description": "Grants permission to create a permission for an AWS Private CA",
                "access level": "Permissions management",
                "resource types": [
                    "certificate-authority*"
                ],
                "conditionKeys": "",
                "dependentActions": [
                    ""
                ]
            },
            {
                "name": "DeleteCertificateAuthority",
                "description": "Grants permission to delete an AWS Private CA and its associated private key and configuration",
                "access level": "Write",
                "resource types": [
                    "certificate-authority*"
                ],
                "conditionKeys": "",
                "dependentActions": [
                    ""
                ]
            },
            {
                "name": "DeletePermission",
                "description": "Grants permission to delete a permission for an AWS Private CA",
                "access level": "Permissions management",
                "resource types": [
                    "certificate-authority*"
                ],
                "conditionKeys": "",
                "dependentActions": [
                    ""
                ]
            },
            {
                "name": "DeletePolicy",
                "description": "Grants permission to delete the policy for an AWS Private CA",
                "access level": "Permissions management",
                "resource types": [
                    "certificate-authority*"
                ],
                "conditionKeys": "",
                "dependentActions": [
                    ""
                ]
            },
            {
                "name": "DescribeCertificateAuthority",
                "description": "Grants permission to return a list of the configuration and status fields contained in the specified AWS Private CA",
                "access level": "Read",
                "resource types": [
                    "certificate-authority*"
                ],
                "conditionKeys": "",
                "dependentActions": [
                    ""
                ]
            },
            {
                "name": "DescribeCertificateAuthorityAuditReport",
                "description": "Grants permission to return the status and information about an AWS Private CA audit report",
                "access level": "Read",
                "resource types": [
                    "certificate-authority*"
                ],
                "conditionKeys": "",
                "dependentActions": [
                    ""
                ]
            },
            {
                "name": "GetCertificate",
                "description": "Grants permission to retrieve an AWS Private CA certificate and certificate chain for the certificate authority specified by an ARN",
                "access level": "Read",
                "resource types": [
                    "certificate-authority*"
                ],
                "conditionKeys": "",
                "dependentActions": [
                    ""
                ]
            },
            {
                "name": "GetCertificateAuthorityCertificate",
                "description": "Grants permission to retrieve an AWS Private CA certificate and certificate chain for the certificate authority specified by an ARN",
                "access level": "Read",
                "resource types": [
                    "certificate-authority*"
                ],
                "conditionKeys": "",
                "dependentActions": [
                    ""
                ]
            },
            {
                "name": "GetCertificateAuthorityCsr",
                "description": "Grants permission to retrieve an AWS Private CA certificate signing request (CSR) for the certificate-authority specified by an ARN",
                "access level": "Read",
                "resource types": [
                    "certificate-authority*"
                ],
                "conditionKeys": "",
                "dependentActions": [
                    ""
                ]
            },
            {
                "name": "GetPolicy",
                "description": "Grants permission to retrieve the policy on an AWS Private CA",
                "access level": "Read",
                "resource types": [
                    "certificate-authority*"
                ],
                "conditionKeys": "",
                "dependentActions": [
                    ""
                ]
            },
            {
                "name": "ImportCertificateAuthorityCertificate",
                "description": "Grants permission to import an SSL/TLS certificate into AWS Private CA for use as the CA certificate of an AWS Private CA",
                "access level": "Write",
                "resource types": [
                    "certificate-authority*"
                ],
                "conditionKeys": "",
                "dependentActions": [
                    ""
                ]
            },
            {
                "name": "IssueCertificate",
                "description": "Grants permission to issue an AWS Private CA certificate",
                "access level": "Write",
                "resource types": [
                    "certificate-authority*"
                ],
                "conditionKeys": "",
                "dependentActions": [
                    ""
                ]
            },
            {
                "name": "ListCertificateAuthorities",
                "description": "Grants permission to retrieve a list of the AWS Private CA certificate authority ARNs, and a summary of the status of each CA in the calling account",
                "access level": "List",
                "resource types": [
                    ""
                ],
                "conditionKeys": "",
                "dependentActions": [
                    ""
                ]
            },
            {
                "name": "ListPermissions",
                "description": "Grants permission to list the permissions that have been applied to the AWS Private CA certificate authority",
                "access level": "Read",
                "resource types": [
                    "certificate-authority*"
                ],
                "conditionKeys": "",
                "dependentActions": [
                    ""
                ]
            },
            {
                "name": "ListTags",
                "description": "Grants permission to list the tags that have been applied to the AWS Private CA certificate authority",
                "access level": "Read",
                "resource types": [
                    "certificate-authority*"
                ],
                "conditionKeys": "",
                "dependentActions": [
                    ""
                ]
            },
            {
                "name": "PutPolicy",
                "description": "Grants permission to put a policy on an AWS Private CA",
                "access level": "Permissions management",
                "resource types": [
                    "certificate-authority*"
                ],
                "conditionKeys": "",
                "dependentActions": [
                    ""
                ]
            },
            {
                "name": "RestoreCertificateAuthority",
                "description": "Grants permission to restore an AWS Private CA from the deleted state to the state it was in when deleted",
                "access level": "Write",
                "resource types": [
                    "certificate-authority*"
                ],
                "conditionKeys": "",
                "dependentActions": [
                    ""
                ]
            },
            {
                "name": "RevokeCertificate",
                "description": "Grants permission to revoke a certificate issued by an AWS Private CA",
                "access level": "Write",
                "resource types": [
                    "certificate-authority*"
                ],
                "conditionKeys": "",
                "dependentActions": [
                    ""
                ]
            },
            {
                "name": "TagCertificateAuthority",
                "description": "Grants permission to add one or more tags to an AWS Private CA",
                "access level": "Tagging",
                "resource types": [
                    "certificate-authority*"
                ],
                "conditionKeys": "",
                "dependentActions": [
                    ""
                ]
            },
            {
                "name": "UntagCertificateAuthority",
                "description": "Grants permission to remove one or more tags from an AWS Private CA",
                "access level": "Tagging",
                "resource types": [
                    "certificate-authority*"
                ],
                "conditionKeys": "",
                "dependentActions": [
                    ""
                ]
            },
            {
                "name": "UpdateCertificateAuthority",
                "description": "Grants permission to update the configuration of an AWS Private CA",
                "access level": "Write",
                "resource types": [
                    "certificate-authority*"
                ],
                "conditionKeys": "",
                "dependentActions": [
                    ""
                ]
            }
        ]
    },
    {
        "resources": [
            {
                "resource_type": "certificate-authority",
                "ARN": "arn:${Partition}:acm-pca:${Region}:${Account}:certificate-authority/${CertificateAuthorityId}",
                "conditionKeys": "aws:ResourceTag/${TagKey}"
            }
        ]
    },
    {
        "conditions": [
            {
                "Condition keys": "acm-pca:TemplateArn",
                "Description": "Filters issue certificate requests based on the presence of TemplateArn in the request",
                "Type": "String"
            },
            {
                "Condition keys": "aws:RequestTag/${TagKey}",
                "Description": "Filters create requests based on the allowed set of values for each of the tags",
                "Type": "String"
            },
            {
                "Condition keys": "aws:ResourceTag/${TagKey}",
                "Description": "Filters actions based on tag-value associated with the resource",
                "Type": "String"
            },
            {
                "Condition keys": "aws:TagKeys",
                "Description": "Filters create requests based on the presence of mandatory tags in the request",
                "Type": "ArrayOfString"
            }
        ]
    }
]