[
    {
        "prefix_item": "amplify"
    },
    {
        "link": "https://docs.aws.amazon.com/service-authorization/latest/reference/./list_awsamplify.html"
    },
    {
        "actions": [
            {
                "name": "CreateApp",
                "description": "Grants permission to create a new Amplify App",
                "access level": "Write",
                "resource types": [
                    "apps*"
                ],
                "conditionKeys": "",
                "dependentActions": [
                    ""
                ]
            },
            {
                "name": "CreateBackendEnvironment",
                "description": "Grants permission to create a new backend environment for an Amplify App",
                "access level": "Write",
                "resource types": [
                    "apps*"
                ],
                "conditionKeys": "",
                "dependentActions": [
                    ""
                ]
            },
            {
                "name": "CreateBranch",
                "description": "Grants permission to create a new Branch for an Amplify App",
                "access level": "Write",
                "resource types": [
                    "apps*"
                ],
                "conditionKeys": "",
                "dependentActions": [
                    ""
                ]
            },
            {
                "name": "CreateDeployment",
                "description": "Grants permission to create a deployment for manual deploy apps. (Apps are not connected to repository)",
                "access level": "Write",
                "resource types": [
                    "branches*"
                ],
                "conditionKeys": "",
                "dependentActions": [
                    ""
                ]
            },
            {
                "name": "CreateDomainAssociation",
                "description": "Grants permission to create a new DomainAssociation on an App",
                "access level": "Write",
                "resource types": [
                    "apps*"
                ],
                "conditionKeys": "",
                "dependentActions": [
                    ""
                ]
            },
            {
                "name": "CreateWebHook",
                "description": "Grants permission to create a new webhook on an App",
                "access level": "Write",
                "resource types": [
                    "branches*"
                ],
                "conditionKeys": "",
                "dependentActions": [
                    ""
                ]
            },
            {
                "name": "DeleteApp",
                "description": "Grants permission to delete an existing Amplify App by appId",
                "access level": "Write",
                "resource types": [
                    "apps*"
                ],
                "conditionKeys": "",
                "dependentActions": [
                    ""
                ]
            },
            {
                "name": "DeleteBackendEnvironment",
                "description": "Grants permission to delete a branch for an Amplify App",
                "access level": "Write",
                "resource types": [
                    "apps*"
                ],
                "conditionKeys": "",
                "dependentActions": [
                    ""
                ]
            },
            {
                "name": "DeleteBranch",
                "description": "Grants permission to delete a branch for an Amplify App",
                "access level": "Write",
                "resource types": [
                    "branches*"
                ],
                "conditionKeys": "",
                "dependentActions": [
                    ""
                ]
            },
            {
                "name": "DeleteDomainAssociation",
                "description": "Grants permission to delete a DomainAssociation",
                "access level": "Write",
                "resource types": [
                    "domains*"
                ],
                "conditionKeys": "",
                "dependentActions": [
                    ""
                ]
            },
            {
                "name": "DeleteJob",
                "description": "Grants permission to delete a job, for an Amplify branch, part of Amplify App",
                "access level": "Write",
                "resource types": [
                    "jobs*"
                ],
                "conditionKeys": "",
                "dependentActions": [
                    ""
                ]
            },
            {
                "name": "DeleteWebHook",
                "description": "Grants permission to delete a webhook by id",
                "access level": "Write",
                "resource types": [
                    "webhooks*"
                ],
                "conditionKeys": "",
                "dependentActions": [
                    ""
                ]
            },
            {
                "name": "GenerateAccessLogs",
                "description": "Grants permission to generate website access logs for a specific time range via a pre-signed URL",
                "access level": "Write",
                "resource types": [
                    "apps*"
                ],
                "conditionKeys": "",
                "dependentActions": [
                    ""
                ]
            },
            {
                "name": "GetApp",
                "description": "Grants permission to retrieve an existing Amplify App by appId",
                "access level": "Read",
                "resource types": [
                    "apps*"
                ],
                "conditionKeys": "",
                "dependentActions": [
                    ""
                ]
            },
            {
                "name": "GetArtifactUrl",
                "description": "Grants permission to retrieve artifact info that corresponds to a artifactId",
                "access level": "Read",
                "resource types": [
                    "apps*"
                ],
                "conditionKeys": "",
                "dependentActions": [
                    ""
                ]
            },
            {
                "name": "GetBackendEnvironment",
                "description": "Grants permission to retrieve a backend environment for an Amplify App",
                "access level": "Read",
                "resource types": [
                    "apps*"
                ],
                "conditionKeys": "",
                "dependentActions": [
                    ""
                ]
            },
            {
                "name": "GetBranch",
                "description": "Grants permission to retrieve a branch for an Amplify App",
                "access level": "Read",
                "resource types": [
                    "branches*"
                ],
                "conditionKeys": "",
                "dependentActions": [
                    ""
                ]
            },
            {
                "name": "GetDomainAssociation",
                "description": "Grants permission to retrieve domain info that corresponds to an appId and domainName",
                "access level": "Read",
                "resource types": [
                    "domains*"
                ],
                "conditionKeys": "",
                "dependentActions": [
                    ""
                ]
            },
            {
                "name": "GetJob",
                "description": "Grants permission to get a job for a branch, part of an Amplify App",
                "access level": "Read",
                "resource types": [
                    "jobs*"
                ],
                "conditionKeys": "",
                "dependentActions": [
                    ""
                ]
            },
            {
                "name": "GetWebHook",
                "description": "Grants permission to retrieve webhook info that corresponds to a webhookId",
                "access level": "Read",
                "resource types": [
                    "webhooks*"
                ],
                "conditionKeys": "",
                "dependentActions": [
                    ""
                ]
            },
            {
                "name": "ListApps",
                "description": "Grants permission to list existing Amplify Apps",
                "access level": "List",
                "resource types": [
                    ""
                ],
                "conditionKeys": "",
                "dependentActions": [
                    ""
                ]
            },
            {
                "name": "ListArtifacts",
                "description": "Grants permission to list artifacts with an app, a branch, a job and an artifact type",
                "access level": "List",
                "resource types": [
                    "apps*"
                ],
                "conditionKeys": "",
                "dependentActions": [
                    ""
                ]
            },
            {
                "name": "ListBackendEnvironments",
                "description": "Grants permission to list backend environments for an Amplify App",
                "access level": "List",
                "resource types": [
                    "apps*"
                ],
                "conditionKeys": "",
                "dependentActions": [
                    ""
                ]
            },
            {
                "name": "ListBranches",
                "description": "Grants permission to list branches for an Amplify App",
                "access level": "List",
                "resource types": [
                    "apps*"
                ],
                "conditionKeys": "",
                "dependentActions": [
                    ""
                ]
            },
            {
                "name": "ListDomainAssociations",
                "description": "Grants permission to list domains with an app",
                "access level": "List",
                "resource types": [
                    "apps*"
                ],
                "conditionKeys": "",
                "dependentActions": [
                    ""
                ]
            },
            {
                "name": "ListJobs",
                "description": "Grants permission to list Jobs for a branch, part of an Amplify App",
                "access level": "List",
                "resource types": [
                    "branches*"
                ],
                "conditionKeys": "",
                "dependentActions": [
                    ""
                ]
            },
            {
                "name": "ListTagsForResource",
                "description": "Grants permission to list tags for an AWS Amplify Console resource",
                "access level": "Read",
                "resource types": [
                    "apps"
                ],
                "conditionKeys": "",
                "dependentActions": [
                    ""
                ]
            },
            {
                "name": "ListWebHooks",
                "description": "Grants permission to list webhooks on an App",
                "access level": "List",
                "resource types": [
                    "apps*"
                ],
                "conditionKeys": "",
                "dependentActions": [
                    ""
                ]
            },
            {
                "name": "StartDeployment",
                "description": "Grants permission to start a deployment for manual deploy apps. (Apps are not connected to repository)",
                "access level": "Write",
                "resource types": [
                    "branches*"
                ],
                "conditionKeys": "",
                "dependentActions": [
                    ""
                ]
            },
            {
                "name": "StartJob",
                "description": "Grants permission to start a new job for a branch, part of an Amplify App",
                "access level": "Write",
                "resource types": [
                    "jobs*"
                ],
                "conditionKeys": "",
                "dependentActions": [
                    ""
                ]
            },
            {
                "name": "StopJob",
                "description": "Grants permission to stop a job that is in progress, for an Amplify branch, part of Amplify App",
                "access level": "Write",
                "resource types": [
                    "jobs*"
                ],
                "conditionKeys": "",
                "dependentActions": [
                    ""
                ]
            },
            {
                "name": "TagResource",
                "description": "Grants permission to tag an AWS Amplify Console resource",
                "access level": "Tagging",
                "resource types": [
                    "apps"
                ],
                "conditionKeys": "",
                "dependentActions": [
                    ""
                ]
            },
            {
                "name": "UntagResource",
                "description": "Grants permission to remove a tag from an AWS Amplify Console resource",
                "access level": "Tagging",
                "resource types": [
                    "apps"
                ],
                "conditionKeys": "",
                "dependentActions": [
                    ""
                ]
            },
            {
                "name": "UpdateApp",
                "description": "Grants permission to update an existing Amplify App",
                "access level": "Write",
                "resource types": [
                    "apps*"
                ],
                "conditionKeys": "",
                "dependentActions": [
                    ""
                ]
            },
            {
                "name": "UpdateBranch",
                "description": "Grants permission to update a branch for an Amplify App",
                "access level": "Write",
                "resource types": [
                    "branches*"
                ],
                "conditionKeys": "",
                "dependentActions": [
                    ""
                ]
            },
            {
                "name": "UpdateDomainAssociation",
                "description": "Grants permission to update a DomainAssociation on an App",
                "access level": "Write",
                "resource types": [
                    "domains*"
                ],
                "conditionKeys": "",
                "dependentActions": [
                    ""
                ]
            },
            {
                "name": "UpdateWebHook",
                "description": "Grants permission to update a webhook",
                "access level": "Write",
                "resource types": [
                    "webhooks*"
                ],
                "conditionKeys": "",
                "dependentActions": [
                    ""
                ]
            }
        ]
    },
    {
        "resources": [
            {
                "resource_type": "apps",
                "ARN": "arn:${Partition}:amplify:${Region}:${Account}:apps/${AppId}",
                "conditionKeys": "aws:ResourceTag/${TagKey}"
            },
            {
                "resource_type": "branches",
                "ARN": "arn:${Partition}:amplify:${Region}:${Account}:apps/${AppId}/branches/${BranchName}",
                "conditionKeys": "aws:ResourceTag/${TagKey}"
            },
            {
                "resource_type": "jobs",
                "ARN": "arn:${Partition}:amplify:${Region}:${Account}:apps/${AppId}/branches/${BranchName}/jobs/${JobId}",
                "conditionKeys": ""
            },
            {
                "resource_type": "domains",
                "ARN": "arn:${Partition}:amplify:${Region}:${Account}:apps/${AppId}/domains/${DomainName}",
                "conditionKeys": "aws:ResourceTag/${TagKey}"
            },
            {
                "resource_type": "webhooks",
                "ARN": "arn:${Partition}:amplify:${Region}:${Account}:webhooks/${WebhookId}",
                "conditionKeys": "aws:ResourceTag/${TagKey}"
            }
        ]
    },
    {
        "conditions": [
            {
                "Condition keys": "aws:RequestTag/${TagKey}",
                "Description": "Filters access by a tag's key and value in a request",
                "Type": "String"
            },
            {
                "Condition keys": "aws:ResourceTag/${TagKey}",
                "Description": "Filters access by a tag's key associated with the resource",
                "Type": "String"
            },
            {
                "Condition keys": "aws:TagKeys",
                "Description": "Filters access by the tag keys in a request",
                "Type": "ArrayOfString"
            }
        ]
    }
]