[
    {
        "prefix_item": "aoss"
    },
    {
        "link": "https://docs.aws.amazon.com/service-authorization/latest/reference/./list_amazonopensearchserverless.html"
    },
    {
        "actions": [
            {
                "name": "APIAccessAll",
                "description": "Grant permission to all the supported Opensearch APIs",
                "access level": "Write",
                "resource types": [
                    "Collection*"
                ],
                "conditionKeys": "",
                "dependentActions": [
                    ""
                ]
            },
            {
                "name": "BatchGetCollection",
                "description": "Grants permission to get attributes for one or more collections",
                "access level": "Read",
                "resource types": [
                    ""
                ],
                "conditionKeys": "",
                "dependentActions": [
                    ""
                ]
            },
            {
                "name": "BatchGetVpcEndpoint",
                "description": "Grants permission to get attributes for one or more VPC endpoints",
                "access level": "Read",
                "resource types": [
                    ""
                ],
                "conditionKeys": "",
                "dependentActions": [
                    ""
                ]
            },
            {
                "name": "CreateAccessPolicy",
                "description": "Grants permission to create a data access policy",
                "access level": "Write",
                "resource types": [
                    ""
                ],
                "conditionKeys": "",
                "dependentActions": [
                    ""
                ]
            },
            {
                "name": "CreateCollection",
                "description": "Grants permission to create a serverless collection",
                "access level": "Write",
                "resource types": [
                    ""
                ],
                "conditionKeys": "aws:RequestTag/${TagKey}\n\n\naws:TagKeys",
                "dependentActions": [
                    ""
                ]
            },
            {
                "name": "CreateSecurityConfig",
                "description": "Grants permission to create a serverless security configuration",
                "access level": "Write",
                "resource types": [
                    ""
                ],
                "conditionKeys": "",
                "dependentActions": [
                    ""
                ]
            },
            {
                "name": "CreateSecurityPolicy",
                "description": "Grants permission to create a network or encryption policy",
                "access level": "Write",
                "resource types": [
                    ""
                ],
                "conditionKeys": "",
                "dependentActions": [
                    ""
                ]
            },
            {
                "name": "CreateVpcEndpoint",
                "description": "Grants permission to create an OpenSearch-Serverless-managed interface VPC endpoint",
                "access level": "Write",
                "resource types": [
                    ""
                ],
                "conditionKeys": "",
                "dependentActions": [
                    ""
                ]
            },
            {
                "name": "DashboardsAccessAll",
                "description": "Grants permission to Opensearch Serverless Dashboards",
                "access level": "Write",
                "resource types": [
                    "Dashboards*"
                ],
                "conditionKeys": "",
                "dependentActions": [
                    ""
                ]
            },
            {
                "name": "DeleteAccessPolicy",
                "description": "Grants permission to delete a data access policy",
                "access level": "Write",
                "resource types": [
                    ""
                ],
                "conditionKeys": "",
                "dependentActions": [
                    ""
                ]
            },
            {
                "name": "DeleteCollection",
                "description": "Grants permission to delete a serverless collection",
                "access level": "Write",
                "resource types": [
                    "Collection*"
                ],
                "conditionKeys": "",
                "dependentActions": [
                    ""
                ]
            },
            {
                "name": "DeleteSecurityConfig",
                "description": "Grants permission to delete a security configuration",
                "access level": "Write",
                "resource types": [
                    ""
                ],
                "conditionKeys": "",
                "dependentActions": [
                    ""
                ]
            },
            {
                "name": "DeleteSecurityPolicy",
                "description": "Grants permission to delete a security policy",
                "access level": "Write",
                "resource types": [
                    ""
                ],
                "conditionKeys": "",
                "dependentActions": [
                    ""
                ]
            },
            {
                "name": "DeleteVpcEndpoint",
                "description": "Grants permission to delete an OpenSearch Serverless-managed interface VPC endpoint",
                "access level": "Write",
                "resource types": [
                    ""
                ],
                "conditionKeys": "",
                "dependentActions": [
                    ""
                ]
            },
            {
                "name": "GetAccessPolicy",
                "description": "Grants permission to get information about a data access policy",
                "access level": "Read",
                "resource types": [
                    ""
                ],
                "conditionKeys": "",
                "dependentActions": [
                    ""
                ]
            },
            {
                "name": "GetAccountSettings",
                "description": "Grants permission to get account settings, including capacity settings",
                "access level": "Read",
                "resource types": [
                    ""
                ],
                "conditionKeys": "",
                "dependentActions": [
                    ""
                ]
            },
            {
                "name": "GetPoliciesStats",
                "description": "Grants permission to get statistis about the security policies in your account",
                "access level": "Read",
                "resource types": [
                    ""
                ],
                "conditionKeys": "",
                "dependentActions": [
                    ""
                ]
            },
            {
                "name": "GetSecurityConfig",
                "description": "Grants permission to get information about a serverless security configuration",
                "access level": "Read",
                "resource types": [
                    ""
                ],
                "conditionKeys": "",
                "dependentActions": [
                    ""
                ]
            },
            {
                "name": "GetSecurityPolicy",
                "description": "Grants permission to get information about a security policy",
                "access level": "Read",
                "resource types": [
                    ""
                ],
                "conditionKeys": "",
                "dependentActions": [
                    ""
                ]
            },
            {
                "name": "ListAccessPolicies",
                "description": "Grants permission to list data access policies",
                "access level": "List",
                "resource types": [
                    ""
                ],
                "conditionKeys": "",
                "dependentActions": [
                    ""
                ]
            },
            {
                "name": "ListCollections",
                "description": "Grants permission to list collections",
                "access level": "List",
                "resource types": [
                    ""
                ],
                "conditionKeys": "",
                "dependentActions": [
                    ""
                ]
            },
            {
                "name": "ListSecurityConfigs",
                "description": "Grants permission to list security configurations",
                "access level": "List",
                "resource types": [
                    ""
                ],
                "conditionKeys": "",
                "dependentActions": [
                    ""
                ]
            },
            {
                "name": "ListSecurityPolicies",
                "description": "Grants permission to list security policies",
                "access level": "List",
                "resource types": [
                    ""
                ],
                "conditionKeys": "",
                "dependentActions": [
                    ""
                ]
            },
            {
                "name": "ListTagsForResource",
                "description": "Grants permission to list tags for a collection",
                "access level": "List",
                "resource types": [
                    ""
                ],
                "conditionKeys": "",
                "dependentActions": [
                    ""
                ]
            },
            {
                "name": "ListVpcEndpoints",
                "description": "Grants permission to list OpenSearch Serverless-managed VPC endpoints",
                "access level": "List",
                "resource types": [
                    ""
                ],
                "conditionKeys": "",
                "dependentActions": [
                    ""
                ]
            },
            {
                "name": "TagResource",
                "description": "Grants permission to tag a serverless collection",
                "access level": "Write",
                "resource types": [
                    ""
                ],
                "conditionKeys": "aws:RequestTag/${TagKey}\n\n\naws:TagKeys",
                "dependentActions": [
                    ""
                ]
            },
            {
                "name": "UntagResource",
                "description": "Grants permission to remove tags from a collection",
                "access level": "Write",
                "resource types": [
                    ""
                ],
                "conditionKeys": "aws:TagKeys",
                "dependentActions": [
                    ""
                ]
            },
            {
                "name": "UpdateAccessPolicy",
                "description": "Grants permission to update a data access policy",
                "access level": "Write",
                "resource types": [
                    ""
                ],
                "conditionKeys": "",
                "dependentActions": [
                    ""
                ]
            },
            {
                "name": "UpdateAccountSettings",
                "description": "Grants permission to update account settings, including capacity settings",
                "access level": "Write",
                "resource types": [
                    ""
                ],
                "conditionKeys": "",
                "dependentActions": [
                    ""
                ]
            },
            {
                "name": "UpdateCollection",
                "description": "Grants permission to update a collection",
                "access level": "Write",
                "resource types": [
                    "Collection*"
                ],
                "conditionKeys": "",
                "dependentActions": [
                    ""
                ]
            },
            {
                "name": "UpdateSecurityConfig",
                "description": "Grants permission to update a security configuration",
                "access level": "Write",
                "resource types": [
                    ""
                ],
                "conditionKeys": "",
                "dependentActions": [
                    ""
                ]
            },
            {
                "name": "UpdateSecurityPolicy",
                "description": "Grants permission to update a security policy",
                "access level": "Write",
                "resource types": [
                    ""
                ],
                "conditionKeys": "",
                "dependentActions": [
                    ""
                ]
            },
            {
                "name": "UpdateVpcEndpoint",
                "description": "Grants permission to update an OpenSearch Serverless-managed VPC endpoint",
                "access level": "Write",
                "resource types": [
                    ""
                ],
                "conditionKeys": "",
                "dependentActions": [
                    ""
                ]
            }
        ]
    },
    {
        "resources": [
            {
                "resource_type": "Collection",
                "ARN": "arn:${Partition}:aoss:${Region}:${Account}:collection/${CollectionId}",
                "conditionKeys": "aws:ResourceTag/${TagKey}"
            },
            {
                "resource_type": "Dashboards",
                "ARN": "arn:${Partition}:aoss:${Region}:${Account}:dashboards/default",
                "conditionKeys": ""
            }
        ]
    },
    {
        "conditions": [
            {
                "Condition keys": "aoss:CollectionId",
                "Description": "Filters access by the identifier of the collection",
                "Type": "String"
            },
            {
                "Condition keys": "aoss:collection",
                "Description": "Filters access by the collection name",
                "Type": "String"
            },
            {
                "Condition keys": "aoss:index",
                "Description": "Filters access by the index",
                "Type": "String"
            },
            {
                "Condition keys": "aws:RequestTag/${TagKey}",
                "Description": "Filters access based on the tags that are passed in the request",
                "Type": "String"
            },
            {
                "Condition keys": "aws:ResourceTag/${TagKey}",
                "Description": "Filters access based on the tags associated with the resource",
                "Type": "String"
            },
            {
                "Condition keys": "aws:TagKeys",
                "Description": "Filters access based on the tag keys that are passed in the request",
                "Type": "ArrayOfString"
            }
        ]
    }
]