[
    {
        "prefix_item": "application-autoscaling"
    },
    {
        "link": "https://docs.aws.amazon.com/service-authorization/latest/reference/./list_awsapplicationautoscaling.html"
    },
    {
        "actions": [
            {
                "name": "DeleteScalingPolicy",
                "description": "Grants permission to delete a scaling policy",
                "access level": "Write",
                "resource types": [
                    "ScalableTarget*"
                ],
                "conditionKeys": "",
                "dependentActions": [
                    ""
                ]
            },
            {
                "name": "DeleteScheduledAction",
                "description": "Grants permission to delete a scheduled action",
                "access level": "Write",
                "resource types": [
                    "ScalableTarget*"
                ],
                "conditionKeys": "",
                "dependentActions": [
                    ""
                ]
            },
            {
                "name": "DeregisterScalableTarget",
                "description": "Grants permission to deregister a scalable target",
                "access level": "Write",
                "resource types": [
                    "ScalableTarget*"
                ],
                "conditionKeys": "",
                "dependentActions": [
                    ""
                ]
            },
            {
                "name": "DescribeScalableTargets",
                "description": "Grants permission to describe one or more scalable targets in the specified namespace",
                "access level": "Read",
                "resource types": [
                    ""
                ],
                "conditionKeys": "",
                "dependentActions": [
                    ""
                ]
            },
            {
                "name": "DescribeScalingActivities",
                "description": "Grants permission to describe a set of scaling activities or all scaling activities in the specified namespace",
                "access level": "Read",
                "resource types": [
                    ""
                ],
                "conditionKeys": "",
                "dependentActions": [
                    ""
                ]
            },
            {
                "name": "DescribeScalingPolicies",
                "description": "Grants permission to describe a set of scaling policies or all scaling policies in the specified namespace",
                "access level": "Read",
                "resource types": [
                    ""
                ],
                "conditionKeys": "",
                "dependentActions": [
                    ""
                ]
            },
            {
                "name": "DescribeScheduledActions",
                "description": "Grants permission to describe a set of scheduled actions or all scheduled actions in the specified namespace",
                "access level": "Read",
                "resource types": [
                    ""
                ],
                "conditionKeys": "",
                "dependentActions": [
                    ""
                ]
            },
            {
                "name": "ListTagsForResource",
                "description": "Grants permission to list tags for a scalable target",
                "access level": "Tagging",
                "resource types": [
                    "ScalableTarget*"
                ],
                "conditionKeys": "",
                "dependentActions": [
                    ""
                ]
            },
            {
                "name": "PutScalingPolicy",
                "description": "Grants permission to create and update a scaling policy for a scalable target",
                "access level": "Write",
                "resource types": [
                    "ScalableTarget*"
                ],
                "conditionKeys": "",
                "dependentActions": [
                    ""
                ]
            },
            {
                "name": "PutScheduledAction",
                "description": "Grants permission to create and update a scheduled action for a scalable target",
                "access level": "Write",
                "resource types": [
                    "ScalableTarget*"
                ],
                "conditionKeys": "",
                "dependentActions": [
                    ""
                ]
            },
            {
                "name": "RegisterScalableTarget",
                "description": "Grants permission to register AWS or custom resources as scalable targets with Application Auto Scaling and to update configuration parameters used to manage a scalable target",
                "access level": "Write",
                "resource types": [
                    "ScalableTarget*"
                ],
                "conditionKeys": "",
                "dependentActions": [
                    "application-autoscaling:TagResource"
                ]
            },
            {
                "name": "TagResource",
                "description": "Grants permission to tag a scalable target",
                "access level": "Tagging",
                "resource types": [
                    "ScalableTarget*"
                ],
                "conditionKeys": "",
                "dependentActions": [
                    ""
                ]
            },
            {
                "name": "UntagResource",
                "description": "Grants permission to remove tags from a scalable target",
                "access level": "Tagging",
                "resource types": [
                    "ScalableTarget*"
                ],
                "conditionKeys": "",
                "dependentActions": [
                    ""
                ]
            }
        ]
    },
    {
        "resources": [
            {
                "resource_type": "ScalableTarget",
                "ARN": "arn:${Partition}:application-autoscaling:${Region}:${Account}:scalable-target/${ResourceId}",
                "conditionKeys": "aws:ResourceTag/${TagKey}"
            }
        ]
    },
    {
        "conditions": [
            {
                "Condition keys": "application-autoscaling:scalable-dimension",
                "Description": "Filters access by the scalable dimension that is passed in the request",
                "Type": "String"
            },
            {
                "Condition keys": "application-autoscaling:service-namespace",
                "Description": "Filters access by the service namespace that is passed in the request",
                "Type": "String"
            },
            {
                "Condition keys": "aws:RequestTag/${TagKey}",
                "Description": "Filters access by the tags that are passed in the request",
                "Type": "String"
            },
            {
                "Condition keys": "aws:ResourceTag/${TagKey}",
                "Description": "Filters access by the tags associated with the resource",
                "Type": "String"
            },
            {
                "Condition keys": "aws:TagKeys",
                "Description": "Filters access by the tag keys that are passed in the request",
                "Type": "ArrayOfString"
            }
        ]
    }
]