[
    {
        "prefix_item": "appmesh"
    },
    {
        "link": "https://docs.aws.amazon.com/service-authorization/latest/reference/./list_awsappmesh.html"
    },
    {
        "actions": [
            {
                "name": "CreateGatewayRoute",
                "description": "Grants permission to create a gateway route that is associated with a virtual gateway",
                "access level": "Write",
                "resource types": [
                    "gatewayRoute*"
                ],
                "conditionKeys": "",
                "dependentActions": [
                    ""
                ]
            },
            {
                "name": "CreateMesh",
                "description": "Grants permission to create a service mesh",
                "access level": "Write",
                "resource types": [
                    "mesh*"
                ],
                "conditionKeys": "",
                "dependentActions": [
                    ""
                ]
            },
            {
                "name": "CreateRoute",
                "description": "Grants permission to create a route that is associated with a virtual router",
                "access level": "Write",
                "resource types": [
                    "route*"
                ],
                "conditionKeys": "",
                "dependentActions": [
                    ""
                ]
            },
            {
                "name": "CreateVirtualGateway",
                "description": "Grants permission to create a virtual gateway within a service mesh",
                "access level": "Write",
                "resource types": [
                    "virtualGateway*"
                ],
                "conditionKeys": "",
                "dependentActions": [
                    ""
                ]
            },
            {
                "name": "CreateVirtualNode",
                "description": "Grants permission to create a virtual node within a service mesh",
                "access level": "Write",
                "resource types": [
                    "virtualNode*"
                ],
                "conditionKeys": "",
                "dependentActions": [
                    ""
                ]
            },
            {
                "name": "CreateVirtualRouter",
                "description": "Grants permission to create a virtual router within a service mesh",
                "access level": "Write",
                "resource types": [
                    "virtualRouter*"
                ],
                "conditionKeys": "",
                "dependentActions": [
                    ""
                ]
            },
            {
                "name": "CreateVirtualService",
                "description": "Grants permission to create a virtual service within a service mesh",
                "access level": "Write",
                "resource types": [
                    "virtualService*"
                ],
                "conditionKeys": "",
                "dependentActions": [
                    ""
                ]
            },
            {
                "name": "DeleteGatewayRoute",
                "description": "Grants permission to delete an existing gateway route",
                "access level": "Write",
                "resource types": [
                    "gatewayRoute*"
                ],
                "conditionKeys": "",
                "dependentActions": [
                    ""
                ]
            },
            {
                "name": "DeleteMesh",
                "description": "Grants permission to delete an existing service mesh",
                "access level": "Write",
                "resource types": [
                    "mesh*"
                ],
                "conditionKeys": "",
                "dependentActions": [
                    ""
                ]
            },
            {
                "name": "DeleteRoute",
                "description": "Grants permission to delete an existing route",
                "access level": "Write",
                "resource types": [
                    "route*"
                ],
                "conditionKeys": "",
                "dependentActions": [
                    ""
                ]
            },
            {
                "name": "DeleteVirtualGateway",
                "description": "Grants permission to delete an existing virtual gateway",
                "access level": "Write",
                "resource types": [
                    "virtualGateway*"
                ],
                "conditionKeys": "",
                "dependentActions": [
                    ""
                ]
            },
            {
                "name": "DeleteVirtualNode",
                "description": "Grants permission to delete an existing virtual node",
                "access level": "Write",
                "resource types": [
                    "virtualNode*"
                ],
                "conditionKeys": "",
                "dependentActions": [
                    ""
                ]
            },
            {
                "name": "DeleteVirtualRouter",
                "description": "Grants permission to delete an existing virtual router",
                "access level": "Write",
                "resource types": [
                    "virtualRouter*"
                ],
                "conditionKeys": "",
                "dependentActions": [
                    ""
                ]
            },
            {
                "name": "DeleteVirtualService",
                "description": "Grants permission to delete an existing virtual service",
                "access level": "Write",
                "resource types": [
                    "virtualService*"
                ],
                "conditionKeys": "",
                "dependentActions": [
                    ""
                ]
            },
            {
                "name": "DescribeGatewayRoute",
                "description": "Grants permission to describe an existing gateway route",
                "access level": "Read",
                "resource types": [
                    "gatewayRoute*"
                ],
                "conditionKeys": "",
                "dependentActions": [
                    ""
                ]
            },
            {
                "name": "DescribeMesh",
                "description": "Grants permission to describe an existing service mesh",
                "access level": "Read",
                "resource types": [
                    "mesh*"
                ],
                "conditionKeys": "",
                "dependentActions": [
                    ""
                ]
            },
            {
                "name": "DescribeRoute",
                "description": "Grants permission to describe an existing route",
                "access level": "Read",
                "resource types": [
                    "route*"
                ],
                "conditionKeys": "",
                "dependentActions": [
                    ""
                ]
            },
            {
                "name": "DescribeVirtualGateway",
                "description": "Grants permission to describe an existing virtual gateway",
                "access level": "Read",
                "resource types": [
                    "virtualGateway*"
                ],
                "conditionKeys": "",
                "dependentActions": [
                    ""
                ]
            },
            {
                "name": "DescribeVirtualNode",
                "description": "Grants permission to describe an existing virtual node",
                "access level": "Read",
                "resource types": [
                    "virtualNode*"
                ],
                "conditionKeys": "",
                "dependentActions": [
                    ""
                ]
            },
            {
                "name": "DescribeVirtualRouter",
                "description": "Grants permission to describe an existing virtual router",
                "access level": "Read",
                "resource types": [
                    "virtualRouter*"
                ],
                "conditionKeys": "",
                "dependentActions": [
                    ""
                ]
            },
            {
                "name": "DescribeVirtualService",
                "description": "Grants permission to describe an existing virtual service",
                "access level": "Read",
                "resource types": [
                    "virtualService*"
                ],
                "conditionKeys": "",
                "dependentActions": [
                    ""
                ]
            },
            {
                "name": "ListGatewayRoutes",
                "description": "Grants permission to list existing gateway routes in a service mesh",
                "access level": "List",
                "resource types": [
                    "virtualGateway*"
                ],
                "conditionKeys": "",
                "dependentActions": [
                    ""
                ]
            },
            {
                "name": "ListMeshes",
                "description": "Grants permission to list existing service meshes",
                "access level": "List",
                "resource types": [
                    ""
                ],
                "conditionKeys": "",
                "dependentActions": [
                    ""
                ]
            },
            {
                "name": "ListRoutes",
                "description": "Grants permission to list existing routes in a service mesh",
                "access level": "List",
                "resource types": [
                    "virtualRouter*"
                ],
                "conditionKeys": "",
                "dependentActions": [
                    ""
                ]
            },
            {
                "name": "ListTagsForResource",
                "description": "Grants permission to list the tags for an App Mesh resource",
                "access level": "List",
                "resource types": [
                    "gatewayRoute"
                ],
                "conditionKeys": "",
                "dependentActions": [
                    ""
                ]
            },
            {
                "name": "ListVirtualGateways",
                "description": "Grants permission to list existing virtual gateways in a service mesh",
                "access level": "List",
                "resource types": [
                    "mesh*"
                ],
                "conditionKeys": "",
                "dependentActions": [
                    ""
                ]
            },
            {
                "name": "ListVirtualNodes",
                "description": "Grants permission to list existing virtual nodes",
                "access level": "List",
                "resource types": [
                    "mesh*"
                ],
                "conditionKeys": "",
                "dependentActions": [
                    ""
                ]
            },
            {
                "name": "ListVirtualRouters",
                "description": "Grants permission to list existing virtual routers in a service mesh",
                "access level": "List",
                "resource types": [
                    "mesh*"
                ],
                "conditionKeys": "",
                "dependentActions": [
                    ""
                ]
            },
            {
                "name": "ListVirtualServices",
                "description": "Grants permission to list existing virtual services in a service mesh",
                "access level": "List",
                "resource types": [
                    "mesh*"
                ],
                "conditionKeys": "",
                "dependentActions": [
                    ""
                ]
            },
            {
                "name": "StreamAggregatedResources",
                "description": "Grants permission to receive streamed resources for an App Mesh endpoint (VirtualNode/VirtualGateway)",
                "access level": "Read",
                "resource types": [
                    "virtualGateway"
                ],
                "conditionKeys": "",
                "dependentActions": [
                    ""
                ]
            },
            {
                "name": "TagResource",
                "description": "Grants permission to tag a resource with a specified resourceArn",
                "access level": "Tagging",
                "resource types": [
                    "gatewayRoute"
                ],
                "conditionKeys": "",
                "dependentActions": [
                    ""
                ]
            },
            {
                "name": "UntagResource",
                "description": "Grants permission to delete a tag from a resource",
                "access level": "Tagging",
                "resource types": [
                    "gatewayRoute"
                ],
                "conditionKeys": "",
                "dependentActions": [
                    ""
                ]
            },
            {
                "name": "UpdateGatewayRoute",
                "description": "Grants permission to update an existing gateway route for a specified service mesh and virtual gateway",
                "access level": "Write",
                "resource types": [
                    "gatewayRoute*"
                ],
                "conditionKeys": "",
                "dependentActions": [
                    ""
                ]
            },
            {
                "name": "UpdateMesh",
                "description": "Grants permission to update an existing service mesh",
                "access level": "Write",
                "resource types": [
                    "mesh*"
                ],
                "conditionKeys": "",
                "dependentActions": [
                    ""
                ]
            },
            {
                "name": "UpdateRoute",
                "description": "Grants permission to update an existing route for a specified service mesh and virtual router",
                "access level": "Write",
                "resource types": [
                    "route*"
                ],
                "conditionKeys": "",
                "dependentActions": [
                    ""
                ]
            },
            {
                "name": "UpdateVirtualGateway",
                "description": "Grants permission to update an existing virtual gateway in a specified service mesh",
                "access level": "Write",
                "resource types": [
                    "virtualGateway*"
                ],
                "conditionKeys": "",
                "dependentActions": [
                    ""
                ]
            },
            {
                "name": "UpdateVirtualNode",
                "description": "Grants permission to update an existing virtual node in a specified service mesh",
                "access level": "Write",
                "resource types": [
                    "virtualNode*"
                ],
                "conditionKeys": "",
                "dependentActions": [
                    ""
                ]
            },
            {
                "name": "UpdateVirtualRouter",
                "description": "Grants permission to update an existing virtual router in a specified service mesh",
                "access level": "Write",
                "resource types": [
                    "virtualRouter*"
                ],
                "conditionKeys": "",
                "dependentActions": [
                    ""
                ]
            },
            {
                "name": "UpdateVirtualService",
                "description": "Grants permission to update an existing virtual service in a specified service mesh",
                "access level": "Write",
                "resource types": [
                    "virtualService*"
                ],
                "conditionKeys": "",
                "dependentActions": [
                    ""
                ]
            }
        ]
    },
    {
        "resources": [
            {
                "resource_type": "mesh",
                "ARN": "arn:${Partition}:appmesh:${Region}:${Account}:mesh/${MeshName}",
                "conditionKeys": "aws:ResourceTag/${TagKey}"
            },
            {
                "resource_type": "virtualService",
                "ARN": "arn:${Partition}:appmesh:${Region}:${Account}:mesh/${MeshName}/virtualService/${VirtualServiceName}",
                "conditionKeys": "aws:ResourceTag/${TagKey}"
            },
            {
                "resource_type": "virtualNode",
                "ARN": "arn:${Partition}:appmesh:${Region}:${Account}:mesh/${MeshName}/virtualNode/${VirtualNodeName}",
                "conditionKeys": "aws:ResourceTag/${TagKey}"
            },
            {
                "resource_type": "virtualRouter",
                "ARN": "arn:${Partition}:appmesh:${Region}:${Account}:mesh/${MeshName}/virtualRouter/${VirtualRouterName}",
                "conditionKeys": "aws:ResourceTag/${TagKey}"
            },
            {
                "resource_type": "route",
                "ARN": "arn:${Partition}:appmesh:${Region}:${Account}:mesh/${MeshName}/virtualRouter/${VirtualRouterName}/route/${RouteName}",
                "conditionKeys": "aws:ResourceTag/${TagKey}"
            },
            {
                "resource_type": "virtualGateway",
                "ARN": "arn:${Partition}:appmesh:${Region}:${Account}:mesh/${MeshName}/virtualGateway/${VirtualGatewayName}",
                "conditionKeys": "aws:ResourceTag/${TagKey}"
            },
            {
                "resource_type": "gatewayRoute",
                "ARN": "arn:${Partition}:appmesh:${Region}:${Account}:mesh/${MeshName}/virtualGateway/${VirtualGatewayName}/gatewayRoute/${GatewayRouteName}",
                "conditionKeys": "aws:ResourceTag/${TagKey}"
            }
        ]
    },
    {
        "conditions": [
            {
                "Condition keys": "aws:RequestTag/${TagKey}",
                "Description": "Filters actions by the presence of tag key-value pairs in the request",
                "Type": "String"
            },
            {
                "Condition keys": "aws:ResourceTag/${TagKey}",
                "Description": "Filters actions by the tag key-value pairs attached to the resource",
                "Type": "String"
            },
            {
                "Condition keys": "aws:TagKeys",
                "Description": "Filters actions by the presence of tag keys in the request",
                "Type": "ArrayOfString"
            }
        ]
    }
]