[
    {
        "prefix_item": "appstream"
    },
    {
        "link": "https://docs.aws.amazon.com/service-authorization/latest/reference/./list_amazonappstream2.0.html"
    },
    {
        "actions": [
            {
                "name": "AssociateApplicationFleet",
                "description": "Grants permission to associate the specified application with the fleet",
                "access level": "Write",
                "resource types": [
                    "application*"
                ],
                "conditionKeys": "",
                "dependentActions": [
                    ""
                ]
            },
            {
                "name": "AssociateApplicationToEntitlement",
                "description": "Grants permission to associate the specified application to the specified entitlement",
                "access level": "Write",
                "resource types": [
                    "stack*"
                ],
                "conditionKeys": "",
                "dependentActions": [
                    ""
                ]
            },
            {
                "name": "AssociateFleet",
                "description": "Grants permission to associate the specified fleet with the specified stack",
                "access level": "Write",
                "resource types": [
                    "fleet*"
                ],
                "conditionKeys": "",
                "dependentActions": [
                    ""
                ]
            },
            {
                "name": "BatchAssociateUserStack",
                "description": "Grants permission to associate the specified users with the specified stacks. Users in a user pool cannot be assigned to stacks with fleets that are joined to an Active Directory domain",
                "access level": "Write",
                "resource types": [
                    "stack*"
                ],
                "conditionKeys": "",
                "dependentActions": [
                    ""
                ]
            },
            {
                "name": "BatchDisassociateUserStack",
                "description": "Grants permission to disassociate the specified users from the specified stacks",
                "access level": "Write",
                "resource types": [
                    "stack*"
                ],
                "conditionKeys": "",
                "dependentActions": [
                    ""
                ]
            },
            {
                "name": "CopyImage",
                "description": "Grants permission to copy the specified image within the same Region or to a new Region within the same AWS account",
                "access level": "Write",
                "resource types": [
                    "image*"
                ],
                "conditionKeys": "",
                "dependentActions": [
                    ""
                ]
            },
            {
                "name": "CreateAppBlock",
                "description": "Grants permission to create an app block. App blocks store details about the virtual hard disk that contains the files for the application in an S3 bucket. It also stores the setup script with details about how to mount the virtual hard disk. App blocks are only supported for Elastic fleets",
                "access level": "Write",
                "resource types": [
                    ""
                ],
                "conditionKeys": "aws:RequestTag/${TagKey}\n\n\naws:ResourceTag/${TagKey}\n\n\naws:TagKeys",
                "dependentActions": [
                    ""
                ]
            },
            {
                "name": "CreateApplication",
                "description": "Grants permission to create an application within customer account. Applications store the details about how to launch applications on streaming instances. This is only supported for Elastic fleets",
                "access level": "Write",
                "resource types": [
                    "app-block*"
                ],
                "conditionKeys": "",
                "dependentActions": [
                    ""
                ]
            },
            {
                "name": "CreateDirectoryConfig",
                "description": "Grants permission to create a Directory Config object in AppStream 2.0. This object includes the configuration information required to join fleets and image builders to Microsoft Active Directory domains",
                "access level": "Write",
                "resource types": [
                    ""
                ],
                "conditionKeys": "",
                "dependentActions": [
                    ""
                ]
            },
            {
                "name": "CreateEntitlement",
                "description": "Grants permission to create an entitlement to control access to applications based on user attributes",
                "access level": "Write",
                "resource types": [
                    "stack*"
                ],
                "conditionKeys": "",
                "dependentActions": [
                    ""
                ]
            },
            {
                "name": "CreateFleet",
                "description": "Grants permission to create a fleet. A fleet is a group of streaming instances from which applications are launched and streamed to users",
                "access level": "Write",
                "resource types": [
                    "fleet*"
                ],
                "conditionKeys": "",
                "dependentActions": [
                    ""
                ]
            },
            {
                "name": "CreateImageBuilder",
                "description": "Grants permission to create an image builder. An image builder is a virtual machine that is used to create an image",
                "access level": "Write",
                "resource types": [
                    "image*"
                ],
                "conditionKeys": "",
                "dependentActions": [
                    ""
                ]
            },
            {
                "name": "CreateImageBuilderStreamingURL",
                "description": "Grants permission to create a URL to start an image builder streaming session",
                "access level": "Write",
                "resource types": [
                    "image-builder*"
                ],
                "conditionKeys": "",
                "dependentActions": [
                    ""
                ]
            },
            {
                "name": "CreateStack",
                "description": "Grants permission to create a stack to start streaming applications to users. A stack consists of an associated fleet, user access policies, and storage configurations",
                "access level": "Write",
                "resource types": [
                    "stack*"
                ],
                "conditionKeys": "",
                "dependentActions": [
                    ""
                ]
            },
            {
                "name": "CreateStreamingURL",
                "description": "Grants permission to create a temporary URL to start an AppStream 2.0 streaming session for the specified user. A streaming URL enables application streaming to be tested without user setup",
                "access level": "Write",
                "resource types": [
                    "fleet*"
                ],
                "conditionKeys": "",
                "dependentActions": [
                    ""
                ]
            },
            {
                "name": "CreateUpdatedImage",
                "description": "Grants permission to update an existing image within customer account",
                "access level": "Write",
                "resource types": [
                    "image*"
                ],
                "conditionKeys": "",
                "dependentActions": [
                    ""
                ]
            },
            {
                "name": "CreateUsageReportSubscription",
                "description": "Grants permission to create a usage report subscription. Usage reports are generated daily",
                "access level": "Write",
                "resource types": [
                    ""
                ],
                "conditionKeys": "",
                "dependentActions": [
                    ""
                ]
            },
            {
                "name": "CreateUser",
                "description": "Grants permission to create a new user in the user pool",
                "access level": "Write",
                "resource types": [
                    ""
                ],
                "conditionKeys": "",
                "dependentActions": [
                    ""
                ]
            },
            {
                "name": "DeleteAppBlock",
                "description": "Grants permission to delete the specified app block",
                "access level": "Write",
                "resource types": [
                    "app-block*"
                ],
                "conditionKeys": "",
                "dependentActions": [
                    ""
                ]
            },
            {
                "name": "DeleteApplication",
                "description": "Grants permission to delete the specified application",
                "access level": "Write",
                "resource types": [
                    "application*"
                ],
                "conditionKeys": "",
                "dependentActions": [
                    ""
                ]
            },
            {
                "name": "DeleteDirectoryConfig",
                "description": "Grants permission to delete the specified Directory Config object from AppStream 2.0. This object includes the configuration information required to join fleets and image builders to Microsoft Active Directory domains",
                "access level": "Write",
                "resource types": [
                    ""
                ],
                "conditionKeys": "",
                "dependentActions": [
                    ""
                ]
            },
            {
                "name": "DeleteEntitlement",
                "description": "Grants permission to delete the specified entitlement",
                "access level": "Write",
                "resource types": [
                    "stack*"
                ],
                "conditionKeys": "",
                "dependentActions": [
                    ""
                ]
            },
            {
                "name": "DeleteFleet",
                "description": "Grants permission to delete the specified fleet",
                "access level": "Write",
                "resource types": [
                    "fleet*"
                ],
                "conditionKeys": "",
                "dependentActions": [
                    ""
                ]
            },
            {
                "name": "DeleteImage",
                "description": "Grants permission to delete the specified image. An image cannot be deleted when it is in use",
                "access level": "Write",
                "resource types": [
                    "image*"
                ],
                "conditionKeys": "",
                "dependentActions": [
                    ""
                ]
            },
            {
                "name": "DeleteImageBuilder",
                "description": "Grants permission to delete the specified image builder and release capacity",
                "access level": "Write",
                "resource types": [
                    "image-builder*"
                ],
                "conditionKeys": "",
                "dependentActions": [
                    ""
                ]
            },
            {
                "name": "DeleteImagePermissions",
                "description": "Grants permission to delete permissions for the specified private image",
                "access level": "Write",
                "resource types": [
                    "image*"
                ],
                "conditionKeys": "",
                "dependentActions": [
                    ""
                ]
            },
            {
                "name": "DeleteStack",
                "description": "Grants permission to delete the specified stack. After the stack is deleted, the application streaming environment provided by the stack is no longer available to users. Also, any reservations made for application streaming sessions for the stack are released",
                "access level": "Write",
                "resource types": [
                    "stack*"
                ],
                "conditionKeys": "",
                "dependentActions": [
                    ""
                ]
            },
            {
                "name": "DeleteUsageReportSubscription",
                "description": "Grants permission to disable usage report generation",
                "access level": "Write",
                "resource types": [
                    ""
                ],
                "conditionKeys": "",
                "dependentActions": [
                    ""
                ]
            },
            {
                "name": "DeleteUser",
                "description": "Grants permission to delete a user from the user pool",
                "access level": "Write",
                "resource types": [
                    ""
                ],
                "conditionKeys": "",
                "dependentActions": [
                    ""
                ]
            },
            {
                "name": "DescribeAppBlocks",
                "description": "Grants permission to retrieve a list that describes one or more specified app blocks, if the app block arns are provided. Otherwise, all app blocks in the account are described",
                "access level": "Read",
                "resource types": [
                    "app-block"
                ],
                "conditionKeys": "",
                "dependentActions": [
                    ""
                ]
            },
            {
                "name": "DescribeApplicationFleetAssociations",
                "description": "Grants permission to retrieve the associations that are associated with the specified application or fleet",
                "access level": "Read",
                "resource types": [
                    "application"
                ],
                "conditionKeys": "",
                "dependentActions": [
                    ""
                ]
            },
            {
                "name": "DescribeApplications",
                "description": "Grants permission to retrieve a list that describes one or more specified applications, if the application arns are provided. Otherwise, all applications in the account are described",
                "access level": "Read",
                "resource types": [
                    "application"
                ],
                "conditionKeys": "",
                "dependentActions": [
                    ""
                ]
            },
            {
                "name": "DescribeDirectoryConfigs",
                "description": "Grants permission to retrieve a list that describes one or more specified Directory Config objects for AppStream 2.0, if the names for these objects are provided. Otherwise, all Directory Config objects in the account are described. This object includes the configuration information required to join fleets and image builders to Microsoft Active Directory domains",
                "access level": "Read",
                "resource types": [
                    ""
                ],
                "conditionKeys": "",
                "dependentActions": [
                    ""
                ]
            },
            {
                "name": "DescribeEntitlements",
                "description": "Grants permission to retrieve one or all entitlements for the specified stack",
                "access level": "Read",
                "resource types": [
                    "stack*"
                ],
                "conditionKeys": "",
                "dependentActions": [
                    ""
                ]
            },
            {
                "name": "DescribeFleets",
                "description": "Grants permission to retrieve a list that describes one or more specified fleets, if the fleet names are provided. Otherwise, all fleets in the account are described",
                "access level": "Read",
                "resource types": [
                    "fleet"
                ],
                "conditionKeys": "",
                "dependentActions": [
                    ""
                ]
            },
            {
                "name": "DescribeImageBuilders",
                "description": "Grants permission to retrieve a list that describes one or more specified image builders, if the image builder names are provided. Otherwise, all image builders in the account are described",
                "access level": "Read",
                "resource types": [
                    "image-builder"
                ],
                "conditionKeys": "",
                "dependentActions": [
                    ""
                ]
            },
            {
                "name": "DescribeImagePermissions",
                "description": "Grants permission to retrieve a list that describes the permissions for shared AWS account IDs on a private image that you own",
                "access level": "Read",
                "resource types": [
                    "image*"
                ],
                "conditionKeys": "",
                "dependentActions": [
                    ""
                ]
            },
            {
                "name": "DescribeImages",
                "description": "Grants permission to retrieve a list that describes one or more specified images, if the image names or image ARNs are provided. Otherwise, all images in the account are described",
                "access level": "Read",
                "resource types": [
                    "image"
                ],
                "conditionKeys": "",
                "dependentActions": [
                    ""
                ]
            },
            {
                "name": "DescribeSessions",
                "description": "Grants permission to retrieve a list that describes the streaming sessions for the specified stack and fleet. If a user ID is provided for the stack and fleet, only the streaming sessions for that user are described",
                "access level": "Read",
                "resource types": [
                    "fleet*"
                ],
                "conditionKeys": "",
                "dependentActions": [
                    ""
                ]
            },
            {
                "name": "DescribeStacks",
                "description": "Grants permission to retrieve a list that describes one or more specified stacks, if the stack names are provided. Otherwise, all stacks in the account are described",
                "access level": "Read",
                "resource types": [
                    "stack"
                ],
                "conditionKeys": "",
                "dependentActions": [
                    ""
                ]
            },
            {
                "name": "DescribeUsageReportSubscriptions",
                "description": "Grants permission to retrieve a list that describes one or more usage report subscriptions",
                "access level": "Read",
                "resource types": [
                    ""
                ],
                "conditionKeys": "",
                "dependentActions": [
                    ""
                ]
            },
            {
                "name": "DescribeUserStackAssociations",
                "description": "Grants permission to retrieve a list that describes the UserStackAssociation objects",
                "access level": "Read",
                "resource types": [
                    "stack"
                ],
                "conditionKeys": "",
                "dependentActions": [
                    ""
                ]
            },
            {
                "name": "DescribeUsers",
                "description": "Grants permission to retrieve a list that describes users in the user pool",
                "access level": "Read",
                "resource types": [
                    ""
                ],
                "conditionKeys": "",
                "dependentActions": [
                    ""
                ]
            },
            {
                "name": "DisableUser",
                "description": "Grants permission to disable the specified user in the user pool. This action does not delete the user",
                "access level": "Write",
                "resource types": [
                    ""
                ],
                "conditionKeys": "",
                "dependentActions": [
                    ""
                ]
            },
            {
                "name": "DisassociateApplicationFleet",
                "description": "Grants permission to disassociate the specified application from the specified fleet",
                "access level": "Write",
                "resource types": [
                    "application*"
                ],
                "conditionKeys": "",
                "dependentActions": [
                    ""
                ]
            },
            {
                "name": "DisassociateApplicationFromEntitlement",
                "description": "Grants permission to disassociate the specified application from the specified entitlement",
                "access level": "Write",
                "resource types": [
                    "stack*"
                ],
                "conditionKeys": "",
                "dependentActions": [
                    ""
                ]
            },
            {
                "name": "DisassociateFleet",
                "description": "Grants permission to disassociate the specified fleet from the specified stack",
                "access level": "Write",
                "resource types": [
                    "fleet*"
                ],
                "conditionKeys": "",
                "dependentActions": [
                    ""
                ]
            },
            {
                "name": "EnableUser",
                "description": "Grants permission to enable a user in the user pool",
                "access level": "Write",
                "resource types": [
                    ""
                ],
                "conditionKeys": "",
                "dependentActions": [
                    ""
                ]
            },
            {
                "name": "ExpireSession",
                "description": "Grants permission to immediately stop the specified streaming session",
                "access level": "Write",
                "resource types": [
                    ""
                ],
                "conditionKeys": "",
                "dependentActions": [
                    ""
                ]
            },
            {
                "name": "ListAssociatedFleets",
                "description": "Grants permission to retrieve the name of the fleet that is associated with the specified stack",
                "access level": "Read",
                "resource types": [
                    "stack*"
                ],
                "conditionKeys": "",
                "dependentActions": [
                    ""
                ]
            },
            {
                "name": "ListAssociatedStacks",
                "description": "Grants permission to retrieve the name of the stack with which the specified fleet is associated",
                "access level": "Read",
                "resource types": [
                    "fleet*"
                ],
                "conditionKeys": "",
                "dependentActions": [
                    ""
                ]
            },
            {
                "name": "ListEntitledApplications",
                "description": "Grants permission to retrieve the applications that are associated with the specified entitlement",
                "access level": "List",
                "resource types": [
                    "stack*"
                ],
                "conditionKeys": "",
                "dependentActions": [
                    ""
                ]
            },
            {
                "name": "ListTagsForResource",
                "description": "Grants permission to retrieve a list of all tags for the specified AppStream 2.0 resource. The following resources can be tagged: Image builders, images, fleets, and stacks",
                "access level": "Read",
                "resource types": [
                    ""
                ],
                "conditionKeys": "",
                "dependentActions": [
                    ""
                ]
            },
            {
                "name": "StartFleet",
                "description": "Grants permission to start the specified fleet",
                "access level": "Write",
                "resource types": [
                    "fleet*"
                ],
                "conditionKeys": "",
                "dependentActions": [
                    ""
                ]
            },
            {
                "name": "StartImageBuilder",
                "description": "Grants permission to start the specified image builder",
                "access level": "Write",
                "resource types": [
                    "image-builder*"
                ],
                "conditionKeys": "",
                "dependentActions": [
                    ""
                ]
            },
            {
                "name": "StopFleet",
                "description": "Grants permission to stop the specified fleet",
                "access level": "Write",
                "resource types": [
                    "fleet*"
                ],
                "conditionKeys": "",
                "dependentActions": [
                    ""
                ]
            },
            {
                "name": "StopImageBuilder",
                "description": "Grants permission to stop the specified image builder",
                "access level": "Write",
                "resource types": [
                    "image-builder*"
                ],
                "conditionKeys": "",
                "dependentActions": [
                    ""
                ]
            },
            {
                "name": "Stream",
                "description": "Grants permission to federated users to sign in by using their existing credentials and stream applications from the specified stack",
                "access level": "Write",
                "resource types": [
                    "stack*"
                ],
                "conditionKeys": "",
                "dependentActions": [
                    ""
                ]
            },
            {
                "name": "TagResource",
                "description": "Grants permission to add or overwrite one or more tags for the specified AppStream 2.0 resource. The following resources can be tagged: Image builders, images, fleets, stacks, app blocks and applications",
                "access level": "Tagging",
                "resource types": [
                    "app-block"
                ],
                "conditionKeys": "",
                "dependentActions": [
                    ""
                ]
            },
            {
                "name": "UntagResource",
                "description": "Grants permission to disassociate one or more tags from the specified AppStream 2.0 resource",
                "access level": "Tagging",
                "resource types": [
                    "app-block"
                ],
                "conditionKeys": "",
                "dependentActions": [
                    ""
                ]
            },
            {
                "name": "UpdateApplication",
                "description": "Grants permission to update the specified fields for the specified application",
                "access level": "Write",
                "resource types": [
                    "application*"
                ],
                "conditionKeys": "",
                "dependentActions": [
                    ""
                ]
            },
            {
                "name": "UpdateDirectoryConfig",
                "description": "Grants permission to update the specified Directory Config object in AppStream 2.0. This object includes the configuration information required to join fleets and image builders to Microsoft Active Directory domains",
                "access level": "Write",
                "resource types": [
                    ""
                ],
                "conditionKeys": "",
                "dependentActions": [
                    ""
                ]
            },
            {
                "name": "UpdateEntitlement",
                "description": "Grants permission to update the specified fields for the specified entitlement",
                "access level": "Write",
                "resource types": [
                    "stack*"
                ],
                "conditionKeys": "",
                "dependentActions": [
                    ""
                ]
            },
            {
                "name": "UpdateFleet",
                "description": "Grants permission to update the specified fleet. All attributes except the fleet name can be updated when the fleet is in the STOPPED state",
                "access level": "Write",
                "resource types": [
                    "fleet*"
                ],
                "conditionKeys": "",
                "dependentActions": [
                    ""
                ]
            },
            {
                "name": "UpdateImagePermissions",
                "description": "Grants permission to add or update permissions for the specified private image",
                "access level": "Write",
                "resource types": [
                    "image*"
                ],
                "conditionKeys": "",
                "dependentActions": [
                    ""
                ]
            },
            {
                "name": "UpdateStack",
                "description": "Grants permission to update the specified fields for the specified stack",
                "access level": "Write",
                "resource types": [
                    "stack*"
                ],
                "conditionKeys": "",
                "dependentActions": [
                    ""
                ]
            }
        ]
    },
    {
        "resources": [
            {
                "resource_type": "fleet",
                "ARN": "arn:${Partition}:appstream:${Region}:${Account}:fleet/${FleetName}",
                "conditionKeys": "aws:ResourceTag/${TagKey}"
            },
            {
                "resource_type": "image",
                "ARN": "arn:${Partition}:appstream:${Region}:${Account}:image/${ImageName}",
                "conditionKeys": "aws:ResourceTag/${TagKey}"
            },
            {
                "resource_type": "image-builder",
                "ARN": "arn:${Partition}:appstream:${Region}:${Account}:image-builder/${ImageBuilderName}",
                "conditionKeys": "aws:ResourceTag/${TagKey}"
            },
            {
                "resource_type": "stack",
                "ARN": "arn:${Partition}:appstream:${Region}:${Account}:stack/${StackName}",
                "conditionKeys": "aws:ResourceTag/${TagKey}"
            },
            {
                "resource_type": "app-block",
                "ARN": "arn:${Partition}:appstream:${Region}:${Account}:app-block/${AppBlockName}",
                "conditionKeys": "aws:ResourceTag/${TagKey}"
            },
            {
                "resource_type": "application",
                "ARN": "arn:${Partition}:appstream:${Region}:${Account}:application/${ApplicationName}",
                "conditionKeys": "aws:ResourceTag/${TagKey}"
            }
        ]
    },
    {
        "conditions": [
            {
                "Condition keys": "appstream:userId",
                "Description": "Filters access by the ID of the AppStream 2.0 user",
                "Type": "String"
            },
            {
                "Condition keys": "aws:RequestTag/${TagKey}",
                "Description": "Filters access by the presence of tag key-value pairs in the request",
                "Type": "String"
            },
            {
                "Condition keys": "aws:ResourceTag/${TagKey}",
                "Description": "Filters access by the tag key-value pairs attached to the resource",
                "Type": "String"
            },
            {
                "Condition keys": "aws:TagKeys",
                "Description": "Filters access by the presence of tag keys in the request",
                "Type": "ArrayOfString"
            }
        ]
    }
]