[
    {
        "prefix_item": "appsync"
    },
    {
        "link": "https://docs.aws.amazon.com/service-authorization/latest/reference/./list_awsappsync.html"
    },
    {
        "actions": [
            {
                "name": "AssociateApi",
                "description": "Grants permission to attach a GraphQL API to a custom domain name in AppSync",
                "access level": "Write",
                "resource types": [
                    "domain*"
                ],
                "conditionKeys": "",
                "dependentActions": [
                    ""
                ]
            },
            {
                "name": "AssociateMergedGraphqlApi",
                "description": "Grants permission to associate a merged API to a source API",
                "access level": "Write",
                "resource types": [
                    "graphqlapi*"
                ],
                "conditionKeys": "",
                "dependentActions": [
                    ""
                ]
            },
            {
                "name": "AssociateSourceGraphqlApi",
                "description": "Grants permission to associate a source API to a merged API",
                "access level": "Write",
                "resource types": [
                    "graphqlapi*"
                ],
                "conditionKeys": "",
                "dependentActions": [
                    ""
                ]
            },
            {
                "name": "CreateApiCache",
                "description": "Grants permission to create an API cache in AppSync",
                "access level": "Write",
                "resource types": [
                    ""
                ],
                "conditionKeys": "",
                "dependentActions": [
                    ""
                ]
            },
            {
                "name": "CreateApiKey",
                "description": "Grants permission to create a unique key that you can distribute to clients who are executing your API",
                "access level": "Write",
                "resource types": [
                    ""
                ],
                "conditionKeys": "",
                "dependentActions": [
                    ""
                ]
            },
            {
                "name": "CreateDataSource",
                "description": "Grants permission to create a data source",
                "access level": "Write",
                "resource types": [
                    ""
                ],
                "conditionKeys": "",
                "dependentActions": [
                    ""
                ]
            },
            {
                "name": "CreateDomainName",
                "description": "Grants permission to create a custom domain name in AppSync",
                "access level": "Write",
                "resource types": [
                    ""
                ],
                "conditionKeys": "",
                "dependentActions": [
                    ""
                ]
            },
            {
                "name": "CreateFunction",
                "description": "Grants permission to create a new function",
                "access level": "Write",
                "resource types": [
                    ""
                ],
                "conditionKeys": "",
                "dependentActions": [
                    ""
                ]
            },
            {
                "name": "CreateGraphqlApi",
                "description": "Grants permission to create a GraphQL API, which is the top level AppSync resource",
                "access level": "Write",
                "resource types": [
                    ""
                ],
                "conditionKeys": "aws:RequestTag/${TagKey}\n\n\naws:TagKeys\n\n\nappsync:Visibility",
                "dependentActions": [
                    "iam:CreateServiceLinkedRole"
                ]
            },
            {
                "name": "CreateResolver",
                "description": "Grants permission to create a resolver. A resolver converts incoming requests into a format that a data source can understand, and converts the data source's responses into GraphQL",
                "access level": "Write",
                "resource types": [
                    ""
                ],
                "conditionKeys": "",
                "dependentActions": [
                    ""
                ]
            },
            {
                "name": "CreateType",
                "description": "Grants permission to create a type",
                "access level": "Write",
                "resource types": [
                    ""
                ],
                "conditionKeys": "",
                "dependentActions": [
                    ""
                ]
            },
            {
                "name": "DeleteApiCache",
                "description": "Grants permission to delete an API cache in AppSync",
                "access level": "Write",
                "resource types": [
                    ""
                ],
                "conditionKeys": "",
                "dependentActions": [
                    ""
                ]
            },
            {
                "name": "DeleteApiKey",
                "description": "Grants permission to delete an API key",
                "access level": "Write",
                "resource types": [
                    ""
                ],
                "conditionKeys": "",
                "dependentActions": [
                    ""
                ]
            },
            {
                "name": "DeleteDataSource",
                "description": "Grants permission to delete a data source",
                "access level": "Write",
                "resource types": [
                    ""
                ],
                "conditionKeys": "",
                "dependentActions": [
                    ""
                ]
            },
            {
                "name": "DeleteDomainName",
                "description": "Grants permission to delete a custom domain name in AppSync",
                "access level": "Write",
                "resource types": [
                    "domain*"
                ],
                "conditionKeys": "",
                "dependentActions": [
                    ""
                ]
            },
            {
                "name": "DeleteFunction",
                "description": "Grants permission to delete a function",
                "access level": "Write",
                "resource types": [
                    ""
                ],
                "conditionKeys": "",
                "dependentActions": [
                    ""
                ]
            },
            {
                "name": "DeleteGraphqlApi",
                "description": "Grants permission to delete a GraphQL Api. This will also clean up every AppSync resource below that API",
                "access level": "Write",
                "resource types": [
                    "graphqlapi*"
                ],
                "conditionKeys": "",
                "dependentActions": [
                    ""
                ]
            },
            {
                "name": "DeleteResolver",
                "description": "Grants permission to delete a resolver",
                "access level": "Write",
                "resource types": [
                    ""
                ],
                "conditionKeys": "",
                "dependentActions": [
                    ""
                ]
            },
            {
                "name": "DeleteResourcePolicy [permission only]",
                "description": "Grants permission to remove a resource policy",
                "access level": "Write",
                "resource types": [
                    ""
                ],
                "conditionKeys": "",
                "dependentActions": [
                    ""
                ]
            },
            {
                "name": "DeleteType",
                "description": "Grants permission to delete a type",
                "access level": "Write",
                "resource types": [
                    ""
                ],
                "conditionKeys": "",
                "dependentActions": [
                    ""
                ]
            },
            {
                "name": "DisassociateApi",
                "description": "Grants permission to detach a GraphQL API to a custom domain name in AppSync",
                "access level": "Write",
                "resource types": [
                    "domain*"
                ],
                "conditionKeys": "",
                "dependentActions": [
                    ""
                ]
            },
            {
                "name": "DisassociateMergedGraphqlApi",
                "description": "Grants permission to remove an associated source API from a merged API identified by the source API",
                "access level": "Write",
                "resource types": [
                    "mergedApiAssociation*"
                ],
                "conditionKeys": "",
                "dependentActions": [
                    ""
                ]
            },
            {
                "name": "DisassociateSourceGraphqlApi",
                "description": "Grants permission to remove an associated source API from a merged API identified by the merged API",
                "access level": "Write",
                "resource types": [
                    "sourceApiAssociation*"
                ],
                "conditionKeys": "",
                "dependentActions": [
                    ""
                ]
            },
            {
                "name": "EvaluateCode",
                "description": "Grants permission to evaluate code with a runtime and context",
                "access level": "Read",
                "resource types": [
                    ""
                ],
                "conditionKeys": "",
                "dependentActions": [
                    ""
                ]
            },
            {
                "name": "EvaluateMappingTemplate",
                "description": "Grants permission to evaluate template mapping",
                "access level": "Read",
                "resource types": [
                    ""
                ],
                "conditionKeys": "",
                "dependentActions": [
                    ""
                ]
            },
            {
                "name": "FlushApiCache",
                "description": "Grants permission to flush an API cache in AppSync",
                "access level": "Write",
                "resource types": [
                    ""
                ],
                "conditionKeys": "",
                "dependentActions": [
                    ""
                ]
            },
            {
                "name": "GetApiAssociation",
                "description": "Grants permission to read custom domain name - GraphQL API association details in AppSync",
                "access level": "Read",
                "resource types": [
                    "domain*"
                ],
                "conditionKeys": "",
                "dependentActions": [
                    ""
                ]
            },
            {
                "name": "GetApiCache",
                "description": "Grants permission to read information about an API cache in AppSync",
                "access level": "Read",
                "resource types": [
                    ""
                ],
                "conditionKeys": "",
                "dependentActions": [
                    ""
                ]
            },
            {
                "name": "GetDataSource",
                "description": "Grants permission to retrieve a data source",
                "access level": "Read",
                "resource types": [
                    ""
                ],
                "conditionKeys": "",
                "dependentActions": [
                    ""
                ]
            },
            {
                "name": "GetDomainName",
                "description": "Grants permission to read information about a custom domain name in AppSync",
                "access level": "Read",
                "resource types": [
                    "domain*"
                ],
                "conditionKeys": "",
                "dependentActions": [
                    ""
                ]
            },
            {
                "name": "GetFunction",
                "description": "Grants permission to retrieve a function",
                "access level": "Read",
                "resource types": [
                    ""
                ],
                "conditionKeys": "",
                "dependentActions": [
                    ""
                ]
            },
            {
                "name": "GetGraphqlApi",
                "description": "Grants permission to retrieve a GraphQL API",
                "access level": "Read",
                "resource types": [
                    "graphqlapi*"
                ],
                "conditionKeys": "",
                "dependentActions": [
                    ""
                ]
            },
            {
                "name": "GetIntrospectionSchema",
                "description": "Grants permission to retrieve the introspection schema for a GraphQL API",
                "access level": "Read",
                "resource types": [
                    ""
                ],
                "conditionKeys": "",
                "dependentActions": [
                    ""
                ]
            },
            {
                "name": "GetResolver",
                "description": "Grants permission to retrieve a resolver",
                "access level": "Read",
                "resource types": [
                    ""
                ],
                "conditionKeys": "",
                "dependentActions": [
                    ""
                ]
            },
            {
                "name": "GetResourcePolicy [permission only]",
                "description": "Grants permission to read a resource policy",
                "access level": "Read",
                "resource types": [
                    ""
                ],
                "conditionKeys": "",
                "dependentActions": [
                    ""
                ]
            },
            {
                "name": "GetSchemaCreationStatus",
                "description": "Grants permission to retrieve the current status of a schema creation operation",
                "access level": "Read",
                "resource types": [
                    ""
                ],
                "conditionKeys": "",
                "dependentActions": [
                    ""
                ]
            },
            {
                "name": "GetSourceApiAssociation",
                "description": "Grants permission to read information about a merged API associated source API",
                "access level": "Read",
                "resource types": [
                    "sourceApiAssociation*"
                ],
                "conditionKeys": "",
                "dependentActions": [
                    ""
                ]
            },
            {
                "name": "GetType",
                "description": "Grants permission to retrieve a type",
                "access level": "Read",
                "resource types": [
                    ""
                ],
                "conditionKeys": "",
                "dependentActions": [
                    ""
                ]
            },
            {
                "name": "GraphQL",
                "description": "Grants permission to send a GraphQL query to a GraphQL API",
                "access level": "Write",
                "resource types": [
                    "field*"
                ],
                "conditionKeys": "",
                "dependentActions": [
                    ""
                ]
            },
            {
                "name": "ListApiKeys",
                "description": "Grants permission to list the API keys for a given API",
                "access level": "List",
                "resource types": [
                    ""
                ],
                "conditionKeys": "",
                "dependentActions": [
                    ""
                ]
            },
            {
                "name": "ListDataSources",
                "description": "Grants permission to list the data sources for a given API",
                "access level": "List",
                "resource types": [
                    ""
                ],
                "conditionKeys": "",
                "dependentActions": [
                    ""
                ]
            },
            {
                "name": "ListDomainNames",
                "description": "Grants permission to enumerate custom domain names in AppSync",
                "access level": "List",
                "resource types": [
                    ""
                ],
                "conditionKeys": "",
                "dependentActions": [
                    ""
                ]
            },
            {
                "name": "ListFunctions",
                "description": "Grants permission to list the functions for a given API",
                "access level": "List",
                "resource types": [
                    ""
                ],
                "conditionKeys": "",
                "dependentActions": [
                    ""
                ]
            },
            {
                "name": "ListGraphqlApis",
                "description": "Grants permission to list GraphQL APIs",
                "access level": "List",
                "resource types": [
                    ""
                ],
                "conditionKeys": "",
                "dependentActions": [
                    ""
                ]
            },
            {
                "name": "ListResolvers",
                "description": "Grants permission to list the resolvers for a given API and type",
                "access level": "List",
                "resource types": [
                    ""
                ],
                "conditionKeys": "",
                "dependentActions": [
                    ""
                ]
            },
            {
                "name": "ListResolversByFunction",
                "description": "Grants permission to list the resolvers that are associated with a specific function",
                "access level": "List",
                "resource types": [
                    ""
                ],
                "conditionKeys": "",
                "dependentActions": [
                    ""
                ]
            },
            {
                "name": "ListSourceApiAssociations",
                "description": "Grants permission to list source APIs associated to a given merged API",
                "access level": "List",
                "resource types": [
                    ""
                ],
                "conditionKeys": "",
                "dependentActions": [
                    ""
                ]
            },
            {
                "name": "ListTagsForResource",
                "description": "Grants permission to list the tags for a resource",
                "access level": "Read",
                "resource types": [
                    "graphqlapi"
                ],
                "conditionKeys": "",
                "dependentActions": [
                    ""
                ]
            },
            {
                "name": "ListTypes",
                "description": "Grants permission to list the types for a given API",
                "access level": "List",
                "resource types": [
                    ""
                ],
                "conditionKeys": "",
                "dependentActions": [
                    ""
                ]
            },
            {
                "name": "ListTypesByAssociation",
                "description": "Grants permission to list the types for a given merged API and source API association",
                "access level": "List",
                "resource types": [
                    ""
                ],
                "conditionKeys": "",
                "dependentActions": [
                    ""
                ]
            },
            {
                "name": "PutResourcePolicy [permission only]",
                "description": "Grants permission to set a resource policy",
                "access level": "Write",
                "resource types": [
                    ""
                ],
                "conditionKeys": "",
                "dependentActions": [
                    ""
                ]
            },
            {
                "name": "SetWebACL",
                "description": "Grants permission to set a web ACL",
                "access level": "Write",
                "resource types": [
                    ""
                ],
                "conditionKeys": "",
                "dependentActions": [
                    ""
                ]
            },
            {
                "name": "SourceGraphQL [permission only]",
                "description": "Grants permission to send a GraphQL query to a source API of a merged API",
                "access level": "Write",
                "resource types": [
                    "field*"
                ],
                "conditionKeys": "",
                "dependentActions": [
                    ""
                ]
            },
            {
                "name": "StartSchemaCreation",
                "description": "Grants permission to add a new schema to your GraphQL API. This operation is asynchronous - GetSchemaCreationStatus can show when it has completed",
                "access level": "Write",
                "resource types": [
                    ""
                ],
                "conditionKeys": "",
                "dependentActions": [
                    ""
                ]
            },
            {
                "name": "StartSchemaMerge",
                "description": "Grants permission to initiate a schema merge for a given merged API and associated source API",
                "access level": "Write",
                "resource types": [
                    "sourceApiAssociation*"
                ],
                "conditionKeys": "",
                "dependentActions": [
                    ""
                ]
            },
            {
                "name": "TagResource",
                "description": "Grants permission to tag a resource",
                "access level": "Tagging",
                "resource types": [
                    "graphqlapi*"
                ],
                "conditionKeys": "",
                "dependentActions": [
                    ""
                ]
            },
            {
                "name": "UntagResource",
                "description": "Grants permission to untag a resource",
                "access level": "Tagging",
                "resource types": [
                    "graphqlapi*"
                ],
                "conditionKeys": "",
                "dependentActions": [
                    ""
                ]
            },
            {
                "name": "UpdateApiCache",
                "description": "Grants permission to update an API cache in AppSync",
                "access level": "Write",
                "resource types": [
                    ""
                ],
                "conditionKeys": "",
                "dependentActions": [
                    ""
                ]
            },
            {
                "name": "UpdateApiKey",
                "description": "Grants permission to update an API key for a given API",
                "access level": "Write",
                "resource types": [
                    ""
                ],
                "conditionKeys": "",
                "dependentActions": [
                    ""
                ]
            },
            {
                "name": "UpdateDataSource",
                "description": "Grants permission to update a data source",
                "access level": "Write",
                "resource types": [
                    ""
                ],
                "conditionKeys": "",
                "dependentActions": [
                    ""
                ]
            },
            {
                "name": "UpdateDomainName",
                "description": "Grants permission to update a custom domain name in AppSync",
                "access level": "Write",
                "resource types": [
                    "domain*"
                ],
                "conditionKeys": "",
                "dependentActions": [
                    ""
                ]
            },
            {
                "name": "UpdateFunction",
                "description": "Grants permission to update an existing function",
                "access level": "Write",
                "resource types": [
                    ""
                ],
                "conditionKeys": "",
                "dependentActions": [
                    ""
                ]
            },
            {
                "name": "UpdateGraphqlApi",
                "description": "Grants permission to update a GraphQL API",
                "access level": "Write",
                "resource types": [
                    "graphqlapi*"
                ],
                "conditionKeys": "",
                "dependentActions": [
                    "iam:CreateServiceLinkedRole"
                ]
            },
            {
                "name": "UpdateResolver",
                "description": "Grants permission to update a resolver",
                "access level": "Write",
                "resource types": [
                    ""
                ],
                "conditionKeys": "",
                "dependentActions": [
                    ""
                ]
            },
            {
                "name": "UpdateSourceApiAssociation",
                "description": "Grants permission to update a merged API source API association",
                "access level": "Write",
                "resource types": [
                    "sourceApiAssociation*"
                ],
                "conditionKeys": "",
                "dependentActions": [
                    ""
                ]
            },
            {
                "name": "UpdateType",
                "description": "Grants permission to update a type",
                "access level": "Write",
                "resource types": [
                    ""
                ],
                "conditionKeys": "",
                "dependentActions": [
                    ""
                ]
            }
        ]
    },
    {
        "resources": [
            {
                "resource_type": "datasource",
                "ARN": "arn:${Partition}:appsync:${Region}:${Account}:apis/${GraphQLAPIId}/datasources/${DatasourceName}",
                "conditionKeys": ""
            },
            {
                "resource_type": "domain",
                "ARN": "arn:${Partition}:appsync:${Region}:${Account}:domainnames/${DomainName}",
                "conditionKeys": ""
            },
            {
                "resource_type": "graphqlapi",
                "ARN": "arn:${Partition}:appsync:${Region}:${Account}:apis/${GraphQLAPIId}",
                "conditionKeys": "aws:ResourceTag/${TagKey}"
            },
            {
                "resource_type": "field",
                "ARN": "arn:${Partition}:appsync:${Region}:${Account}:apis/${GraphQLAPIId}/types/${TypeName}/fields/${FieldName}",
                "conditionKeys": ""
            },
            {
                "resource_type": "type",
                "ARN": "arn:${Partition}:appsync:${Region}:${Account}:apis/${GraphQLAPIId}/types/${TypeName}",
                "conditionKeys": ""
            },
            {
                "resource_type": "function",
                "ARN": "arn:${Partition}:appsync:${Region}:${Account}:apis/${GraphQLAPIId}/functions/${FunctionId}",
                "conditionKeys": ""
            },
            {
                "resource_type": "sourceApiAssociation",
                "ARN": "arn:${Partition}:appsync:${Region}:${Account}:apis/${MergedGraphQLAPIId}/sourceApiAssociations/${Associationid}",
                "conditionKeys": ""
            },
            {
                "resource_type": "mergedApiAssociation",
                "ARN": "arn:${Partition}:appsync:${Region}:${Account}:apis/${SourceGraphQLAPIId}/mergedApiAssociations/${Associationid}",
                "conditionKeys": ""
            }
        ]
    },
    {
        "conditions": [
            {
                "Condition keys": "appsync:Visibility",
                "Description": "Filters access by the visibility of an API",
                "Type": "String"
            },
            {
                "Condition keys": "aws:RequestTag/${TagKey}",
                "Description": "Filters access by the tag key-value pairs in the request",
                "Type": "String"
            },
            {
                "Condition keys": "aws:ResourceTag/${TagKey}",
                "Description": "Filters access by the tag key-value pairs attached to the resource",
                "Type": "String"
            },
            {
                "Condition keys": "aws:TagKeys",
                "Description": "Filters access by the presence of tag keys in the request",
                "Type": "ArrayOfString"
            }
        ]
    }
]