[
    {
        "prefix_item": "aws-portal"
    },
    {
        "link": "https://docs.aws.amazon.com/service-authorization/latest/reference/./list_awsbillingconsole.html"
    },
    {
        "actions": [
            {
                "name": "GetConsoleActionSetEnforced [permission only]",
                "description": "Grants permission to view whether existing or fine-grained IAM actions are being used to control authorization to Billing, Cost Management, and Account consoles",
                "access level": "Read",
                "resource types": [
                    ""
                ],
                "conditionKeys": "",
                "dependentActions": [
                    ""
                ]
            },
            {
                "name": "ModifyAccount [permission only]",
                "description": "Allow or deny IAM users permission to modify Account Settings",
                "access level": "Write",
                "resource types": [
                    ""
                ],
                "conditionKeys": "",
                "dependentActions": [
                    ""
                ]
            },
            {
                "name": "ModifyBilling [permission only]",
                "description": "Allow or deny IAM users permission to modify billing settings",
                "access level": "Write",
                "resource types": [
                    ""
                ],
                "conditionKeys": "",
                "dependentActions": [
                    ""
                ]
            },
            {
                "name": "ModifyPaymentMethods [permission only]",
                "description": "Allow or deny IAM users permission to modify payment methods",
                "access level": "Write",
                "resource types": [
                    ""
                ],
                "conditionKeys": "",
                "dependentActions": [
                    ""
                ]
            },
            {
                "name": "UpdateConsoleActionSetEnforced [permission only]",
                "description": "Grants permission to change whether existing or fine-grained IAM actions will be used to control authorization to Billing, Cost Management, and Account consoles",
                "access level": "Write",
                "resource types": [
                    ""
                ],
                "conditionKeys": "",
                "dependentActions": [
                    ""
                ]
            },
            {
                "name": "ViewAccount [permission only]",
                "description": "Allow or deny IAM users permission to view account settings",
                "access level": "Read",
                "resource types": [
                    ""
                ],
                "conditionKeys": "",
                "dependentActions": [
                    ""
                ]
            },
            {
                "name": "ViewBilling [permission only]",
                "description": "Allow or deny IAM users permission to view billing pages in the console",
                "access level": "Read",
                "resource types": [
                    ""
                ],
                "conditionKeys": "",
                "dependentActions": [
                    ""
                ]
            },
            {
                "name": "ViewPaymentMethods [permission only]",
                "description": "Allow or deny IAM users permission to view payment methods",
                "access level": "Read",
                "resource types": [
                    ""
                ],
                "conditionKeys": "",
                "dependentActions": [
                    ""
                ]
            },
            {
                "name": "ViewUsage [permission only]",
                "description": "Allow or deny IAM users permission to view AWS usage reports",
                "access level": "Read",
                "resource types": [
                    ""
                ],
                "conditionKeys": "",
                "dependentActions": [
                    ""
                ]
            }
        ]
    }
]