[
    {
        "prefix_item": "backup-gateway"
    },
    {
        "link": "https://docs.aws.amazon.com/service-authorization/latest/reference/./list_awsbackupgateway.html"
    },
    {
        "actions": [
            {
                "name": "AssociateGatewayToServer",
                "description": "Grants permission to AssociateGatewayToServer",
                "access level": "Write",
                "resource types": [
                    "gateway*"
                ],
                "conditionKeys": "",
                "dependentActions": [
                    ""
                ]
            },
            {
                "name": "Backup",
                "description": "Grants permission to Backup",
                "access level": "Write",
                "resource types": [
                    "virtualmachine*"
                ],
                "conditionKeys": "",
                "dependentActions": [
                    ""
                ]
            },
            {
                "name": "CreateGateway",
                "description": "Grants permission to to CreateGateway",
                "access level": "Write",
                "resource types": [
                    ""
                ],
                "conditionKeys": "aws:RequestTag/${TagKey}\n\n\naws:TagKeys",
                "dependentActions": [
                    ""
                ]
            },
            {
                "name": "DeleteGateway",
                "description": "Grants permission to DeleteGateway",
                "access level": "Write",
                "resource types": [
                    "gateway*"
                ],
                "conditionKeys": "",
                "dependentActions": [
                    ""
                ]
            },
            {
                "name": "DeleteHypervisor",
                "description": "Grants permission to DeleteHypervisor",
                "access level": "Write",
                "resource types": [
                    "hypervisor*"
                ],
                "conditionKeys": "",
                "dependentActions": [
                    ""
                ]
            },
            {
                "name": "DisassociateGatewayFromServer",
                "description": "Grants permission to DisassociateGatewayFromServer",
                "access level": "Write",
                "resource types": [
                    "gateway*"
                ],
                "conditionKeys": "",
                "dependentActions": [
                    ""
                ]
            },
            {
                "name": "GetBandwidthRateLimitSchedule",
                "description": "Grants permission to GetBandwidthRateLimitSchedule",
                "access level": "Read",
                "resource types": [
                    "gateway*"
                ],
                "conditionKeys": "",
                "dependentActions": [
                    ""
                ]
            },
            {
                "name": "GetGateway",
                "description": "Grants permission to GetGateway",
                "access level": "Read",
                "resource types": [
                    "gateway*"
                ],
                "conditionKeys": "",
                "dependentActions": [
                    ""
                ]
            },
            {
                "name": "GetHypervisor",
                "description": "Grants permission to GetHypervisor",
                "access level": "Read",
                "resource types": [
                    "hypervisor*"
                ],
                "conditionKeys": "",
                "dependentActions": [
                    ""
                ]
            },
            {
                "name": "GetHypervisorPropertyMappings",
                "description": "Grants permission to GetHypervisorPropertyMappings",
                "access level": "Read",
                "resource types": [
                    "hypervisor*"
                ],
                "conditionKeys": "",
                "dependentActions": [
                    ""
                ]
            },
            {
                "name": "GetVirtualMachine",
                "description": "Grants permission to GetVirtualMachine",
                "access level": "Read",
                "resource types": [
                    "virtualmachine*"
                ],
                "conditionKeys": "",
                "dependentActions": [
                    ""
                ]
            },
            {
                "name": "ImportHypervisorConfiguration",
                "description": "Grants permission to ImportHypervisorConfiguration",
                "access level": "Write",
                "resource types": [
                    ""
                ],
                "conditionKeys": "aws:RequestTag/${TagKey}\n\n\naws:TagKeys",
                "dependentActions": [
                    ""
                ]
            },
            {
                "name": "ListGateways",
                "description": "Grants permission to ListGateways",
                "access level": "Read",
                "resource types": [
                    ""
                ],
                "conditionKeys": "",
                "dependentActions": [
                    ""
                ]
            },
            {
                "name": "ListHypervisors",
                "description": "Grants permission to ListHypervisors",
                "access level": "Read",
                "resource types": [
                    ""
                ],
                "conditionKeys": "",
                "dependentActions": [
                    ""
                ]
            },
            {
                "name": "ListTagsForResource",
                "description": "Grants permission to ListTagsForResource",
                "access level": "Read",
                "resource types": [
                    "gateway"
                ],
                "conditionKeys": "",
                "dependentActions": [
                    ""
                ]
            },
            {
                "name": "ListVirtualMachines",
                "description": "Grants permission to ListVirtualMachines",
                "access level": "Read",
                "resource types": [
                    ""
                ],
                "conditionKeys": "",
                "dependentActions": [
                    ""
                ]
            },
            {
                "name": "PutBandwidthRateLimitSchedule",
                "description": "Grants permission to PutBandwidthRateLimitSchedule",
                "access level": "Write",
                "resource types": [
                    "gateway*"
                ],
                "conditionKeys": "",
                "dependentActions": [
                    ""
                ]
            },
            {
                "name": "PutHypervisorPropertyMappings",
                "description": "Grants permission to PutHypervisorPropertyMappings",
                "access level": "Write",
                "resource types": [
                    "hypervisor*"
                ],
                "conditionKeys": "",
                "dependentActions": [
                    "iam:PassRole"
                ]
            },
            {
                "name": "PutMaintenanceStartTime",
                "description": "Grants permission to PutMaintenanceStartTime",
                "access level": "Write",
                "resource types": [
                    "gateway*"
                ],
                "conditionKeys": "",
                "dependentActions": [
                    ""
                ]
            },
            {
                "name": "Restore",
                "description": "Grants permission to Restore",
                "access level": "Write",
                "resource types": [
                    "hypervisor*"
                ],
                "conditionKeys": "",
                "dependentActions": [
                    ""
                ]
            },
            {
                "name": "StartVirtualMachinesMetadataSync",
                "description": "Grants permission to StartVirtualMachinesMetadataSync",
                "access level": "Write",
                "resource types": [
                    "hypervisor*"
                ],
                "conditionKeys": "",
                "dependentActions": [
                    "iam:PassRole"
                ]
            },
            {
                "name": "TagResource",
                "description": "Grants permission to TagResource",
                "access level": "Tagging",
                "resource types": [
                    "gateway"
                ],
                "conditionKeys": "",
                "dependentActions": [
                    ""
                ]
            },
            {
                "name": "TestHypervisorConfiguration",
                "description": "Grants permission to TestHypervisorConfiguration",
                "access level": "Write",
                "resource types": [
                    "gateway*"
                ],
                "conditionKeys": "",
                "dependentActions": [
                    ""
                ]
            },
            {
                "name": "UntagResource",
                "description": "Grants permission to UntagResource",
                "access level": "Tagging",
                "resource types": [
                    "gateway"
                ],
                "conditionKeys": "",
                "dependentActions": [
                    ""
                ]
            },
            {
                "name": "UpdateGatewayInformation",
                "description": "Grants permission to UpdateGatewayInformation",
                "access level": "Write",
                "resource types": [
                    "gateway*"
                ],
                "conditionKeys": "",
                "dependentActions": [
                    ""
                ]
            },
            {
                "name": "UpdateGatewaySoftwareNow",
                "description": "Grants permission to UpdateGatewaySoftwareNow",
                "access level": "Write",
                "resource types": [
                    "gateway*"
                ],
                "conditionKeys": "",
                "dependentActions": [
                    ""
                ]
            },
            {
                "name": "UpdateHypervisor",
                "description": "Grants permission to UpdateHypervisor",
                "access level": "Write",
                "resource types": [
                    "gateway*"
                ],
                "conditionKeys": "",
                "dependentActions": [
                    ""
                ]
            }
        ]
    },
    {
        "resources": [
            {
                "resource_type": "gateway",
                "ARN": "arn:${Partition}:backup-gateway::${Account}:gateway/${GatewayId}",
                "conditionKeys": "aws:ResourceTag/${TagKey}"
            },
            {
                "resource_type": "hypervisor",
                "ARN": "arn:${Partition}:backup-gateway::${Account}:hypervisor/${HypervisorId}",
                "conditionKeys": "aws:ResourceTag/${TagKey}"
            },
            {
                "resource_type": "virtualmachine",
                "ARN": "arn:${Partition}:backup-gateway::${Account}:vm/${VirtualmachineId}",
                "conditionKeys": "aws:ResourceTag/${TagKey}"
            }
        ]
    },
    {
        "conditions": [
            {
                "Condition keys": "aws:RequestTag/${TagKey}",
                "Description": "Filters access by the allowed set of values for each of the tags",
                "Type": "String"
            },
            {
                "Condition keys": "aws:ResourceTag/${TagKey}",
                "Description": "Filters access by tag-value associated with the resource",
                "Type": "String"
            },
            {
                "Condition keys": "aws:TagKeys",
                "Description": "Filters access by the presence of mandatory tags in the request",
                "Type": "ArrayOfString"
            }
        ]
    }
]