[
    {
        "prefix_item": "backup"
    },
    {
        "link": "https://docs.aws.amazon.com/service-authorization/latest/reference/./list_awsbackup.html"
    },
    {
        "actions": [
            {
                "name": "CancelLegalHold",
                "description": "Grants permission to cancel a legal hold",
                "access level": "Write",
                "resource types": [
                    "legalHold*"
                ],
                "conditionKeys": "",
                "dependentActions": [
                    ""
                ]
            },
            {
                "name": "CopyFromBackupVault [permission only]",
                "description": "Grants permission to copy from a backup vault",
                "access level": "Write",
                "resource types": [
                    ""
                ],
                "conditionKeys": "backup:CopyTargets\n\n\nbackup:CopyTargetOrgPaths",
                "dependentActions": [
                    ""
                ]
            },
            {
                "name": "CopyIntoBackupVault [permission only]",
                "description": "Grants permission to copy into a backup vault",
                "access level": "Write",
                "resource types": [
                    ""
                ],
                "conditionKeys": "aws:RequestTag/${TagKey}",
                "dependentActions": [
                    ""
                ]
            },
            {
                "name": "CreateBackupPlan",
                "description": "Grants permission to create a new backup plan",
                "access level": "Write",
                "resource types": [
                    "backupPlan*"
                ],
                "conditionKeys": "",
                "dependentActions": [
                    ""
                ]
            },
            {
                "name": "CreateBackupSelection",
                "description": "Grants permission to create a new resource assignment in a backup plan",
                "access level": "Write",
                "resource types": [
                    "backupPlan*"
                ],
                "conditionKeys": "",
                "dependentActions": [
                    "iam:PassRole"
                ]
            },
            {
                "name": "CreateBackupVault",
                "description": "Grants permission to create a new backup vault",
                "access level": "Write",
                "resource types": [
                    "backupVault*"
                ],
                "conditionKeys": "",
                "dependentActions": [
                    ""
                ]
            },
            {
                "name": "CreateFramework",
                "description": "Grants permission to create a new framework",
                "access level": "Write",
                "resource types": [
                    "framework*"
                ],
                "conditionKeys": "",
                "dependentActions": [
                    ""
                ]
            },
            {
                "name": "CreateLegalHold",
                "description": "Grants permission to create a new legal hold",
                "access level": "Write",
                "resource types": [
                    "legalHold*"
                ],
                "conditionKeys": "",
                "dependentActions": [
                    ""
                ]
            },
            {
                "name": "CreateReportPlan",
                "description": "Grants permission to create a new report plan",
                "access level": "Write",
                "resource types": [
                    "reportPlan*"
                ],
                "conditionKeys": "",
                "dependentActions": [
                    ""
                ]
            },
            {
                "name": "DeleteBackupPlan",
                "description": "Grants permission to delete a backup plan",
                "access level": "Write",
                "resource types": [
                    "backupPlan*"
                ],
                "conditionKeys": "",
                "dependentActions": [
                    ""
                ]
            },
            {
                "name": "DeleteBackupSelection",
                "description": "Grants permission to delete a resource assignment from a backup plan",
                "access level": "Write",
                "resource types": [
                    "backupPlan*"
                ],
                "conditionKeys": "",
                "dependentActions": [
                    ""
                ]
            },
            {
                "name": "DeleteBackupVault",
                "description": "Grants permission to delete a backup vault",
                "access level": "Write",
                "resource types": [
                    "backupVault*"
                ],
                "conditionKeys": "",
                "dependentActions": [
                    ""
                ]
            },
            {
                "name": "DeleteBackupVaultAccessPolicy",
                "description": "Grants permission to delete backup vault access policy",
                "access level": "Permissions management",
                "resource types": [
                    "backupVault*"
                ],
                "conditionKeys": "",
                "dependentActions": [
                    ""
                ]
            },
            {
                "name": "DeleteBackupVaultLockConfiguration",
                "description": "Grants permission to remove the lock configuration from a backup vault",
                "access level": "Write",
                "resource types": [
                    "backupVault*"
                ],
                "conditionKeys": "",
                "dependentActions": [
                    ""
                ]
            },
            {
                "name": "DeleteBackupVaultNotifications",
                "description": "Grants permission to remove the notifications from a backup vault",
                "access level": "Write",
                "resource types": [
                    "backupVault*"
                ],
                "conditionKeys": "",
                "dependentActions": [
                    ""
                ]
            },
            {
                "name": "DeleteFramework",
                "description": "Grants permission to delete a framework",
                "access level": "Write",
                "resource types": [
                    "framework*"
                ],
                "conditionKeys": "",
                "dependentActions": [
                    ""
                ]
            },
            {
                "name": "DeleteRecoveryPoint",
                "description": "Grants permission to delete a recovery point from a backup vault",
                "access level": "Write",
                "resource types": [
                    "recoveryPoint*"
                ],
                "conditionKeys": "",
                "dependentActions": [
                    ""
                ]
            },
            {
                "name": "DeleteReportPlan",
                "description": "Grants permission to delete a report plan",
                "access level": "Write",
                "resource types": [
                    "reportPlan*"
                ],
                "conditionKeys": "",
                "dependentActions": [
                    ""
                ]
            },
            {
                "name": "DescribeBackupJob",
                "description": "Grants permission to describe a backup job",
                "access level": "Read",
                "resource types": [
                    ""
                ],
                "conditionKeys": "",
                "dependentActions": [
                    ""
                ]
            },
            {
                "name": "DescribeBackupVault",
                "description": "Grants permission to describe a new backup vault with the specified name",
                "access level": "Read",
                "resource types": [
                    "backupVault*"
                ],
                "conditionKeys": "",
                "dependentActions": [
                    ""
                ]
            },
            {
                "name": "DescribeCopyJob",
                "description": "Grants permission to describe a copy job",
                "access level": "Read",
                "resource types": [
                    ""
                ],
                "conditionKeys": "",
                "dependentActions": [
                    ""
                ]
            },
            {
                "name": "DescribeFramework",
                "description": "Grants permission to describe a framework with the specified name",
                "access level": "Read",
                "resource types": [
                    "framework*"
                ],
                "conditionKeys": "",
                "dependentActions": [
                    ""
                ]
            },
            {
                "name": "DescribeGlobalSettings",
                "description": "Grants permission to describe global settings",
                "access level": "Read",
                "resource types": [
                    ""
                ],
                "conditionKeys": "",
                "dependentActions": [
                    ""
                ]
            },
            {
                "name": "DescribeProtectedResource",
                "description": "Grants permission to describe a protected resource",
                "access level": "Read",
                "resource types": [
                    ""
                ],
                "conditionKeys": "",
                "dependentActions": [
                    ""
                ]
            },
            {
                "name": "DescribeRecoveryPoint",
                "description": "Grants permission to describe a recovery point",
                "access level": "Read",
                "resource types": [
                    "recoveryPoint*"
                ],
                "conditionKeys": "",
                "dependentActions": [
                    ""
                ]
            },
            {
                "name": "DescribeRegionSettings",
                "description": "Grants permission to describe region settings",
                "access level": "Read",
                "resource types": [
                    ""
                ],
                "conditionKeys": "",
                "dependentActions": [
                    ""
                ]
            },
            {
                "name": "DescribeReportJob",
                "description": "Grants permission to describe a report job",
                "access level": "Read",
                "resource types": [
                    ""
                ],
                "conditionKeys": "",
                "dependentActions": [
                    ""
                ]
            },
            {
                "name": "DescribeReportPlan",
                "description": "Grants permission to describe a report plan with the specified name",
                "access level": "Read",
                "resource types": [
                    "reportPlan*"
                ],
                "conditionKeys": "",
                "dependentActions": [
                    ""
                ]
            },
            {
                "name": "DescribeRestoreJob",
                "description": "Grants permission to describe a restore job",
                "access level": "Read",
                "resource types": [
                    ""
                ],
                "conditionKeys": "",
                "dependentActions": [
                    ""
                ]
            },
            {
                "name": "DisassociateRecoveryPoint",
                "description": "Grants permission to disassociate a recovery point from a backup vault",
                "access level": "Write",
                "resource types": [
                    "recoveryPoint*"
                ],
                "conditionKeys": "",
                "dependentActions": [
                    ""
                ]
            },
            {
                "name": "DisassociateRecoveryPointFromParent",
                "description": "Grants permission to disassociate a recovery point from its parent",
                "access level": "Write",
                "resource types": [
                    "recoveryPoint*"
                ],
                "conditionKeys": "",
                "dependentActions": [
                    ""
                ]
            },
            {
                "name": "ExportBackupPlanTemplate",
                "description": "Grants permission to export a backup plan as a JSON",
                "access level": "Read",
                "resource types": [
                    ""
                ],
                "conditionKeys": "",
                "dependentActions": [
                    ""
                ]
            },
            {
                "name": "GetBackupPlan",
                "description": "Grants permission to get a backup plan",
                "access level": "Read",
                "resource types": [
                    "backupPlan*"
                ],
                "conditionKeys": "",
                "dependentActions": [
                    ""
                ]
            },
            {
                "name": "GetBackupPlanFromJSON",
                "description": "Grants permission to transform a JSON to a backup plan",
                "access level": "Read",
                "resource types": [
                    ""
                ],
                "conditionKeys": "",
                "dependentActions": [
                    ""
                ]
            },
            {
                "name": "GetBackupPlanFromTemplate",
                "description": "Grants permission to transform a template to a backup plan",
                "access level": "Read",
                "resource types": [
                    ""
                ],
                "conditionKeys": "",
                "dependentActions": [
                    ""
                ]
            },
            {
                "name": "GetBackupSelection",
                "description": "Grants permission to get a backup plan resource assignment",
                "access level": "Read",
                "resource types": [
                    "backupPlan*"
                ],
                "conditionKeys": "",
                "dependentActions": [
                    ""
                ]
            },
            {
                "name": "GetBackupVaultAccessPolicy",
                "description": "Grants permission to get backup vault access policy",
                "access level": "Read",
                "resource types": [
                    "backupVault*"
                ],
                "conditionKeys": "",
                "dependentActions": [
                    ""
                ]
            },
            {
                "name": "GetBackupVaultNotifications",
                "description": "Grants permission to get backup vault notifications",
                "access level": "Read",
                "resource types": [
                    "backupVault*"
                ],
                "conditionKeys": "",
                "dependentActions": [
                    ""
                ]
            },
            {
                "name": "GetLegalHold",
                "description": "Grants permission to get a legal hold",
                "access level": "Read",
                "resource types": [
                    "legalHold*"
                ],
                "conditionKeys": "",
                "dependentActions": [
                    ""
                ]
            },
            {
                "name": "GetRecoveryPointRestoreMetadata",
                "description": "Grants permission to get recovery point restore metadata",
                "access level": "Read",
                "resource types": [
                    "recoveryPoint*"
                ],
                "conditionKeys": "",
                "dependentActions": [
                    ""
                ]
            },
            {
                "name": "GetSupportedResourceTypes",
                "description": "Grants permission to get supported resource types",
                "access level": "Read",
                "resource types": [
                    ""
                ],
                "conditionKeys": "",
                "dependentActions": [
                    ""
                ]
            },
            {
                "name": "ListBackupJobs",
                "description": "Grants permission to list backup jobs",
                "access level": "List",
                "resource types": [
                    ""
                ],
                "conditionKeys": "",
                "dependentActions": [
                    ""
                ]
            },
            {
                "name": "ListBackupPlanTemplates",
                "description": "Grants permission to list backup plan templates provided by AWS Backup",
                "access level": "List",
                "resource types": [
                    ""
                ],
                "conditionKeys": "",
                "dependentActions": [
                    ""
                ]
            },
            {
                "name": "ListBackupPlanVersions",
                "description": "Grants permission to list backup plan versions",
                "access level": "List",
                "resource types": [
                    "backupPlan*"
                ],
                "conditionKeys": "",
                "dependentActions": [
                    ""
                ]
            },
            {
                "name": "ListBackupPlans",
                "description": "Grants permission to list backup plans",
                "access level": "List",
                "resource types": [
                    ""
                ],
                "conditionKeys": "",
                "dependentActions": [
                    ""
                ]
            },
            {
                "name": "ListBackupSelections",
                "description": "Grants permission to list resource assignments for a specific backup plan",
                "access level": "List",
                "resource types": [
                    "backupPlan*"
                ],
                "conditionKeys": "",
                "dependentActions": [
                    ""
                ]
            },
            {
                "name": "ListBackupVaults",
                "description": "Grants permission to list backup vaults",
                "access level": "List",
                "resource types": [
                    ""
                ],
                "conditionKeys": "",
                "dependentActions": [
                    ""
                ]
            },
            {
                "name": "ListCopyJobs",
                "description": "Grants permission to list copy jobs",
                "access level": "List",
                "resource types": [
                    ""
                ],
                "conditionKeys": "",
                "dependentActions": [
                    ""
                ]
            },
            {
                "name": "ListFrameworks",
                "description": "Grants permission to list frameworks",
                "access level": "List",
                "resource types": [
                    ""
                ],
                "conditionKeys": "",
                "dependentActions": [
                    ""
                ]
            },
            {
                "name": "ListLegalHolds",
                "description": "Grants permission to list legal holds",
                "access level": "List",
                "resource types": [
                    ""
                ],
                "conditionKeys": "",
                "dependentActions": [
                    ""
                ]
            },
            {
                "name": "ListProtectedResources",
                "description": "Grants permission to list protected resources by AWS Backup",
                "access level": "List",
                "resource types": [
                    ""
                ],
                "conditionKeys": "",
                "dependentActions": [
                    ""
                ]
            },
            {
                "name": "ListRecoveryPointsByBackupVault",
                "description": "Grants permission to list recovery points inside a backup vault",
                "access level": "List",
                "resource types": [
                    "backupVault*"
                ],
                "conditionKeys": "",
                "dependentActions": [
                    ""
                ]
            },
            {
                "name": "ListRecoveryPointsByLegalHold",
                "description": "Grants permission to list recovery points by legal hold",
                "access level": "List",
                "resource types": [
                    "legalHold*"
                ],
                "conditionKeys": "",
                "dependentActions": [
                    ""
                ]
            },
            {
                "name": "ListRecoveryPointsByResource",
                "description": "Grants permission to list recovery points for a resource",
                "access level": "List",
                "resource types": [
                    ""
                ],
                "conditionKeys": "",
                "dependentActions": [
                    ""
                ]
            },
            {
                "name": "ListReportJobs",
                "description": "Grants permission to list report jobs",
                "access level": "List",
                "resource types": [
                    ""
                ],
                "conditionKeys": "",
                "dependentActions": [
                    ""
                ]
            },
            {
                "name": "ListReportPlans",
                "description": "Grants permission to list report plans",
                "access level": "List",
                "resource types": [
                    ""
                ],
                "conditionKeys": "",
                "dependentActions": [
                    ""
                ]
            },
            {
                "name": "ListRestoreJobs",
                "description": "Grants permission to lists restore jobs",
                "access level": "List",
                "resource types": [
                    ""
                ],
                "conditionKeys": "",
                "dependentActions": [
                    ""
                ]
            },
            {
                "name": "ListTags",
                "description": "Grants permission to list tags for a resource",
                "access level": "Read",
                "resource types": [
                    "backupPlan"
                ],
                "conditionKeys": "",
                "dependentActions": [
                    ""
                ]
            },
            {
                "name": "PutBackupVaultAccessPolicy",
                "description": "Grants permission to add an access policy to the backup vault",
                "access level": "Permissions management",
                "resource types": [
                    "backupVault*"
                ],
                "conditionKeys": "",
                "dependentActions": [
                    ""
                ]
            },
            {
                "name": "PutBackupVaultLockConfiguration",
                "description": "Grants permission to add a lock configuration to the backup vault",
                "access level": "Write",
                "resource types": [
                    "backupVault*"
                ],
                "conditionKeys": "",
                "dependentActions": [
                    ""
                ]
            },
            {
                "name": "PutBackupVaultNotifications",
                "description": "Grants permission to add an SNS topic to the backup vault",
                "access level": "Write",
                "resource types": [
                    "backupVault*"
                ],
                "conditionKeys": "",
                "dependentActions": [
                    ""
                ]
            },
            {
                "name": "StartBackupJob",
                "description": "Grants permission to start a new backup job",
                "access level": "Write",
                "resource types": [
                    "backupVault*"
                ],
                "conditionKeys": "",
                "dependentActions": [
                    "iam:PassRole"
                ]
            },
            {
                "name": "StartCopyJob",
                "description": "Grants permission to copy a backup from a source backup vault to a destination backup vault",
                "access level": "Write",
                "resource types": [
                    "recoveryPoint*"
                ],
                "conditionKeys": "",
                "dependentActions": [
                    "iam:PassRole"
                ]
            },
            {
                "name": "StartReportJob",
                "description": "Grants permission to start a new report job",
                "access level": "Write",
                "resource types": [
                    "reportPlan*"
                ],
                "conditionKeys": "",
                "dependentActions": [
                    ""
                ]
            },
            {
                "name": "StartRestoreJob",
                "description": "Grants permission to start a new restore job",
                "access level": "Write",
                "resource types": [
                    "recoveryPoint*"
                ],
                "conditionKeys": "",
                "dependentActions": [
                    "iam:PassRole"
                ]
            },
            {
                "name": "StopBackupJob",
                "description": "Grants permission to stop a backup job",
                "access level": "Write",
                "resource types": [
                    ""
                ],
                "conditionKeys": "",
                "dependentActions": [
                    ""
                ]
            },
            {
                "name": "TagResource",
                "description": "Grants permission to tag a resource",
                "access level": "Tagging",
                "resource types": [
                    "backupPlan"
                ],
                "conditionKeys": "",
                "dependentActions": [
                    ""
                ]
            },
            {
                "name": "UntagResource",
                "description": "Grants permission to untag a resource",
                "access level": "Tagging",
                "resource types": [
                    "backupPlan"
                ],
                "conditionKeys": "",
                "dependentActions": [
                    ""
                ]
            },
            {
                "name": "UpdateBackupPlan",
                "description": "Grants permission to update a backup plan",
                "access level": "Write",
                "resource types": [
                    "backupPlan*"
                ],
                "conditionKeys": "",
                "dependentActions": [
                    ""
                ]
            },
            {
                "name": "UpdateFramework",
                "description": "Grants permission to update a framework",
                "access level": "Write",
                "resource types": [
                    "framework*"
                ],
                "conditionKeys": "",
                "dependentActions": [
                    ""
                ]
            },
            {
                "name": "UpdateGlobalSettings",
                "description": "Grants permission to update the current global settings for the AWS Account",
                "access level": "Write",
                "resource types": [
                    ""
                ],
                "conditionKeys": "",
                "dependentActions": [
                    ""
                ]
            },
            {
                "name": "UpdateRecoveryPointLifecycle",
                "description": "Grants permission to update the lifecycle of the recovery point",
                "access level": "Write",
                "resource types": [
                    "recoveryPoint*"
                ],
                "conditionKeys": "",
                "dependentActions": [
                    ""
                ]
            },
            {
                "name": "UpdateRegionSettings",
                "description": "Grants permission to update the current service opt-in settings for the Region",
                "access level": "Write",
                "resource types": [
                    ""
                ],
                "conditionKeys": "",
                "dependentActions": [
                    ""
                ]
            },
            {
                "name": "UpdateReportPlan",
                "description": "Grants permission to update a report plan",
                "access level": "Write",
                "resource types": [
                    "reportPlan*"
                ],
                "conditionKeys": "",
                "dependentActions": [
                    ""
                ]
            }
        ]
    },
    {
        "resources": [
            {
                "resource_type": "backupVault",
                "ARN": "arn:${Partition}:backup:${Region}:${Account}:backup-vault:${BackupVaultName}",
                "conditionKeys": "aws:ResourceTag/${TagKey}"
            },
            {
                "resource_type": "backupPlan",
                "ARN": "arn:${Partition}:backup:${Region}:${Account}:backup-plan:${BackupPlanId}",
                "conditionKeys": "aws:ResourceTag/${TagKey}"
            },
            {
                "resource_type": "recoveryPoint",
                "ARN": "arn:${Partition}:${Vendor}:${Region}:*:${ResourceType}:${RecoveryPointId}",
                "conditionKeys": "aws:ResourceTag/${TagKey}"
            },
            {
                "resource_type": "framework",
                "ARN": "arn:${Partition}:backup:${Region}:${Account}:framework:${FrameworkName}-${FrameworkId}",
                "conditionKeys": "aws:ResourceTag/${TagKey}"
            },
            {
                "resource_type": "reportPlan",
                "ARN": "arn:${Partition}:backup:${Region}:${Account}:report-plan:${ReportPlanName}-${ReportPlanId}",
                "conditionKeys": "aws:ResourceTag/${TagKey}"
            },
            {
                "resource_type": "legalHold",
                "ARN": "arn:${Partition}:backup:${Region}:${Account}:legal-hold:${LegalHoldId}",
                "conditionKeys": "aws:ResourceTag/${TagKey}"
            }
        ]
    },
    {
        "conditions": [
            {
                "Condition keys": "aws:RequestTag/${TagKey}",
                "Description": "Filters access by the allowed set of values for each of the tags",
                "Type": "String"
            },
            {
                "Condition keys": "aws:ResourceTag/${TagKey}",
                "Description": "Filters access by the tags associated with the resource",
                "Type": "String"
            },
            {
                "Condition keys": "aws:TagKeys",
                "Description": "Filters access by the presence of mandatory tags in the request",
                "Type": "ArrayOfString"
            },
            {
                "Condition keys": "backup:ChangeableForDays",
                "Description": "Filters access by the value of the ChangeableForDays parameter",
                "Type": "Numeric"
            },
            {
                "Condition keys": "backup:CopyTargetOrgPaths",
                "Description": "Filters access by the organization unit",
                "Type": "ArrayOfString"
            },
            {
                "Condition keys": "backup:CopyTargets",
                "Description": "Filters access by the ARN of an backup vault",
                "Type": "ArrayOfARN"
            },
            {
                "Condition keys": "backup:FrameworkArns",
                "Description": "Filters access by the Framework ARNs",
                "Type": "ArrayOfARN"
            }
        ]
    }
]