[
    {
        "prefix_item": "backup-storage"
    },
    {
        "link": "https://docs.aws.amazon.com/service-authorization/latest/reference/./list_awsbackupstorage.html"
    },
    {
        "actions": [
            {
                "name": "CommitBackupJob [permission only]",
                "description": "Grants permission to commit backup job",
                "access level": "Write",
                "resource types": [
                    ""
                ],
                "conditionKeys": "",
                "dependentActions": [
                    ""
                ]
            },
            {
                "name": "DeleteObjects [permission only]",
                "description": "Grants permission to delete objects",
                "access level": "Write",
                "resource types": [
                    ""
                ],
                "conditionKeys": "",
                "dependentActions": [
                    ""
                ]
            },
            {
                "name": "DescribeBackupJob [permission only]",
                "description": "Grants permission to describe backup job",
                "access level": "Write",
                "resource types": [
                    ""
                ],
                "conditionKeys": "",
                "dependentActions": [
                    ""
                ]
            },
            {
                "name": "GetBaseBackup [permission only]",
                "description": "Grants permission to get base backup",
                "access level": "Write",
                "resource types": [
                    ""
                ],
                "conditionKeys": "",
                "dependentActions": [
                    ""
                ]
            },
            {
                "name": "GetChunk [permission only]",
                "description": "Grants permission to get data from a recovery point for a restore job",
                "access level": "Write",
                "resource types": [
                    ""
                ],
                "conditionKeys": "",
                "dependentActions": [
                    ""
                ]
            },
            {
                "name": "GetIncrementalBaseBackup [permission only]",
                "description": "Grants permission to get incremental base backup",
                "access level": "Write",
                "resource types": [
                    ""
                ],
                "conditionKeys": "",
                "dependentActions": [
                    ""
                ]
            },
            {
                "name": "GetObjectMetadata [permission only]",
                "description": "Grants permission to get metadata from a recovery point for a restore job",
                "access level": "Write",
                "resource types": [
                    ""
                ],
                "conditionKeys": "",
                "dependentActions": [
                    ""
                ]
            },
            {
                "name": "ListChunks [permission only]",
                "description": "Grants permission to list data from a recovery point for a restore job",
                "access level": "Write",
                "resource types": [
                    ""
                ],
                "conditionKeys": "",
                "dependentActions": [
                    ""
                ]
            },
            {
                "name": "ListObjects [permission only]",
                "description": "Grants permission to list data from a recovery point for a restore job",
                "access level": "Write",
                "resource types": [
                    ""
                ],
                "conditionKeys": "",
                "dependentActions": [
                    ""
                ]
            },
            {
                "name": "MountCapsule [permission only]",
                "description": "Associates a KMS key to a backup vault",
                "access level": "Write",
                "resource types": [
                    ""
                ],
                "conditionKeys": "",
                "dependentActions": [
                    ""
                ]
            },
            {
                "name": "NotifyObjectComplete [permission only]",
                "description": "Grants permission to mark an uploaded data as completed for a backup job",
                "access level": "Write",
                "resource types": [
                    ""
                ],
                "conditionKeys": "",
                "dependentActions": [
                    ""
                ]
            },
            {
                "name": "PutChunk [permission only]",
                "description": "Grants permission to upload data to an AWS Backup-managed recovery point for a backup job",
                "access level": "Write",
                "resource types": [
                    ""
                ],
                "conditionKeys": "",
                "dependentActions": [
                    ""
                ]
            },
            {
                "name": "PutObject [permission only]",
                "description": "Grants permission to put object",
                "access level": "Write",
                "resource types": [
                    ""
                ],
                "conditionKeys": "",
                "dependentActions": [
                    ""
                ]
            },
            {
                "name": "StartObject [permission only]",
                "description": "Grants permission to upload data to an AWS Backup-managed recovery point for a backup job",
                "access level": "Write",
                "resource types": [
                    ""
                ],
                "conditionKeys": "",
                "dependentActions": [
                    ""
                ]
            },
            {
                "name": "UpdateObjectComplete [permission only]",
                "description": "Grants permission to update object complete",
                "access level": "Write",
                "resource types": [
                    ""
                ],
                "conditionKeys": "",
                "dependentActions": [
                    ""
                ]
            }
        ]
    }
]