[
    {
        "prefix_item": "batch"
    },
    {
        "link": "https://docs.aws.amazon.com/service-authorization/latest/reference/./list_awsbatch.html"
    },
    {
        "actions": [
            {
                "name": "CancelJob",
                "description": "Grants permission to cancel a job in an AWS Batch job queue in your account",
                "access level": "Write",
                "resource types": [
                    "job*"
                ],
                "conditionKeys": "",
                "dependentActions": [
                    ""
                ]
            },
            {
                "name": "CreateComputeEnvironment",
                "description": "Grants permission to create an AWS Batch compute environment in your account",
                "access level": "Write",
                "resource types": [
                    "compute-environment*"
                ],
                "conditionKeys": "",
                "dependentActions": [
                    ""
                ]
            },
            {
                "name": "CreateJobQueue",
                "description": "Grants permission to create an AWS Batch job queue in your account",
                "access level": "Write",
                "resource types": [
                    "compute-environment*"
                ],
                "conditionKeys": "",
                "dependentActions": [
                    ""
                ]
            },
            {
                "name": "CreateSchedulingPolicy",
                "description": "Grants permission to create an AWS Batch scheduling policy in your account",
                "access level": "Write",
                "resource types": [
                    "scheduling-policy*"
                ],
                "conditionKeys": "",
                "dependentActions": [
                    ""
                ]
            },
            {
                "name": "DeleteComputeEnvironment",
                "description": "Grants permission to delete an AWS Batch compute environment in your account",
                "access level": "Write",
                "resource types": [
                    "compute-environment*"
                ],
                "conditionKeys": "",
                "dependentActions": [
                    ""
                ]
            },
            {
                "name": "DeleteJobQueue",
                "description": "Grants permission to delete an AWS Batch job queue in your account",
                "access level": "Write",
                "resource types": [
                    "job-queue*"
                ],
                "conditionKeys": "",
                "dependentActions": [
                    ""
                ]
            },
            {
                "name": "DeleteSchedulingPolicy",
                "description": "Grants permission to delete an AWS Batch scheduling policy in your account",
                "access level": "Write",
                "resource types": [
                    "scheduling-policy*"
                ],
                "conditionKeys": "",
                "dependentActions": [
                    ""
                ]
            },
            {
                "name": "DeregisterJobDefinition",
                "description": "Grants permission to deregister an AWS Batch job definition in your account",
                "access level": "Write",
                "resource types": [
                    "job-definition*"
                ],
                "conditionKeys": "",
                "dependentActions": [
                    ""
                ]
            },
            {
                "name": "DescribeComputeEnvironments",
                "description": "Grants permission to describe one or more AWS Batch compute environments in your account",
                "access level": "Read",
                "resource types": [
                    ""
                ],
                "conditionKeys": "",
                "dependentActions": [
                    ""
                ]
            },
            {
                "name": "DescribeJobDefinitions",
                "description": "Grants permission to describe one or more AWS Batch job definitions in your account",
                "access level": "Read",
                "resource types": [
                    ""
                ],
                "conditionKeys": "",
                "dependentActions": [
                    ""
                ]
            },
            {
                "name": "DescribeJobQueues",
                "description": "Grants permission to describe one or more AWS Batch job queues in your account",
                "access level": "Read",
                "resource types": [
                    ""
                ],
                "conditionKeys": "",
                "dependentActions": [
                    ""
                ]
            },
            {
                "name": "DescribeJobs",
                "description": "Grants permission to describe a list of AWS Batch jobs in your account",
                "access level": "Read",
                "resource types": [
                    ""
                ],
                "conditionKeys": "",
                "dependentActions": [
                    ""
                ]
            },
            {
                "name": "DescribeSchedulingPolicies",
                "description": "Grants permission to describe one or more AWS Batch scheduling policies in your account",
                "access level": "Read",
                "resource types": [
                    ""
                ],
                "conditionKeys": "",
                "dependentActions": [
                    ""
                ]
            },
            {
                "name": "ListJobs",
                "description": "Grants permission to list jobs for a specified AWS Batch job queue in your account",
                "access level": "List",
                "resource types": [
                    ""
                ],
                "conditionKeys": "",
                "dependentActions": [
                    ""
                ]
            },
            {
                "name": "ListSchedulingPolicies",
                "description": "Grants permission to list AWS Batch scheduling policies in your account",
                "access level": "Read",
                "resource types": [
                    ""
                ],
                "conditionKeys": "",
                "dependentActions": [
                    ""
                ]
            },
            {
                "name": "ListTagsForResource",
                "description": "Grants permission to list tags for an AWS Batch resource in your account",
                "access level": "Read",
                "resource types": [
                    "compute-environment"
                ],
                "conditionKeys": "",
                "dependentActions": [
                    ""
                ]
            },
            {
                "name": "RegisterJobDefinition",
                "description": "Grants permission to register an AWS Batch job definition in your account",
                "access level": "Write",
                "resource types": [
                    "job-definition*"
                ],
                "conditionKeys": "",
                "dependentActions": [
                    ""
                ]
            },
            {
                "name": "SubmitJob",
                "description": "Grants permission to submit an AWS Batch job from a job definition in your account",
                "access level": "Write",
                "resource types": [
                    "job-definition*"
                ],
                "conditionKeys": "",
                "dependentActions": [
                    ""
                ]
            },
            {
                "name": "TagResource",
                "description": "Grants permission to tag an AWS Batch resource in your account",
                "access level": "Tagging",
                "resource types": [
                    "compute-environment"
                ],
                "conditionKeys": "",
                "dependentActions": [
                    ""
                ]
            },
            {
                "name": "TerminateJob",
                "description": "Grants permission to terminate a job in an AWS Batch job queue in your account",
                "access level": "Write",
                "resource types": [
                    "job*"
                ],
                "conditionKeys": "",
                "dependentActions": [
                    ""
                ]
            },
            {
                "name": "UntagResource",
                "description": "Grants permission to untag an AWS Batch resource in your account",
                "access level": "Tagging",
                "resource types": [
                    "compute-environment"
                ],
                "conditionKeys": "",
                "dependentActions": [
                    ""
                ]
            },
            {
                "name": "UpdateComputeEnvironment",
                "description": "Grants permission to update an AWS Batch compute environment in your account",
                "access level": "Write",
                "resource types": [
                    "compute-environment*"
                ],
                "conditionKeys": "",
                "dependentActions": [
                    ""
                ]
            },
            {
                "name": "UpdateJobQueue",
                "description": "Grants permission to update an AWS Batch job queue in your account",
                "access level": "Write",
                "resource types": [
                    "job-queue*"
                ],
                "conditionKeys": "",
                "dependentActions": [
                    ""
                ]
            },
            {
                "name": "UpdateSchedulingPolicy",
                "description": "Grants permission to update an AWS Batch scheduling policy in your account",
                "access level": "Write",
                "resource types": [
                    "scheduling-policy*"
                ],
                "conditionKeys": "",
                "dependentActions": [
                    ""
                ]
            }
        ]
    },
    {
        "resources": [
            {
                "resource_type": "compute-environment",
                "ARN": "arn:${Partition}:batch:${Region}:${Account}:compute-environment/${ComputeEnvironmentName}",
                "conditionKeys": "aws:ResourceTag/${TagKey}"
            },
            {
                "resource_type": "job-queue",
                "ARN": "arn:${Partition}:batch:${Region}:${Account}:job-queue/${JobQueueName}",
                "conditionKeys": "aws:ResourceTag/${TagKey}"
            },
            {
                "resource_type": "job-definition",
                "ARN": "arn:${Partition}:batch:${Region}:${Account}:job-definition/${JobDefinitionName}:${Revision}",
                "conditionKeys": "aws:ResourceTag/${TagKey}"
            },
            {
                "resource_type": "job",
                "ARN": "arn:${Partition}:batch:${Region}:${Account}:job/${JobId}",
                "conditionKeys": "aws:ResourceTag/${TagKey}"
            },
            {
                "resource_type": "scheduling-policy",
                "ARN": "arn:${Partition}:batch:${Region}:${Account}:scheduling-policy/${SchedulingPolicyName}",
                "conditionKeys": "aws:ResourceTag/${TagKey}"
            }
        ]
    },
    {
        "conditions": [
            {
                "Condition keys": "aws:RequestTag/${TagKey}",
                "Description": "Filters access by the tags that are passed in the request",
                "Type": "String"
            },
            {
                "Condition keys": "aws:ResourceTag/${TagKey}",
                "Description": "Filters access by the tags associated with the resource",
                "Type": "String"
            },
            {
                "Condition keys": "aws:TagKeys",
                "Description": "Filters access by the tag keys that are passed in the request",
                "Type": "ArrayOfString"
            },
            {
                "Condition keys": "batch:AWSLogsCreateGroup",
                "Description": "Filters access by the specified logging driver to determine whether awslogs group will be created for the logs",
                "Type": "Bool"
            },
            {
                "Condition keys": "batch:AWSLogsGroup",
                "Description": "Filters access by the awslogs group where the logs are located",
                "Type": "String"
            },
            {
                "Condition keys": "batch:AWSLogsRegion",
                "Description": "Filters access by the region where the logs are sent to",
                "Type": "String"
            },
            {
                "Condition keys": "batch:AWSLogsStreamPrefix",
                "Description": "Filters access by the awslogs log stream prefix",
                "Type": "String"
            },
            {
                "Condition keys": "batch:EKSImage",
                "Description": "Filters access by the image used to start a container for an Amazon EKS job",
                "Type": "String"
            },
            {
                "Condition keys": "batch:EKSPrivileged",
                "Description": "Filters access by the specified privileged parameter value that determines whether the container is given elevated privileges on the host container instance (similar to the root user) for an Amazon EKS job",
                "Type": "Bool"
            },
            {
                "Condition keys": "batch:EKSRunAsGroup",
                "Description": "Filters access by the specified group numeric ID (gid) used to start a container in an Amazon EKS job",
                "Type": "Numeric"
            },
            {
                "Condition keys": "batch:EKSRunAsUser",
                "Description": "Filters access by the specified user numeric ID (uid) used to start a a container in an Amazon EKS job",
                "Type": "Numeric"
            },
            {
                "Condition keys": "batch:EKSServiceAccountName",
                "Description": "Filters access by the name of the service account used to run the pod for an Amazon EKS job",
                "Type": "String"
            },
            {
                "Condition keys": "batch:Image",
                "Description": "Filters access by the image used to start a container",
                "Type": "String"
            },
            {
                "Condition keys": "batch:LogDriver",
                "Description": "Filters access by the log driver used for the container",
                "Type": "String"
            },
            {
                "Condition keys": "batch:Privileged",
                "Description": "Filters access by the specified privileged parameter value that determines whether the container is given elevated privileges on the host container instance (similar to the root user)",
                "Type": "Bool"
            },
            {
                "Condition keys": "batch:ShareIdentifier",
                "Description": "Filters access by the shareIdentifier used inside submit job",
                "Type": "String"
            },
            {
                "Condition keys": "batch:User",
                "Description": "Filters access by user name or numeric uid used inside the container",
                "Type": "String"
            }
        ]
    }
]