[
    {
        "prefix_item": "bugbust"
    },
    {
        "link": "https://docs.aws.amazon.com/service-authorization/latest/reference/./list_awsbugbust.html"
    },
    {
        "actions": [
            {
                "name": "CreateEvent [permission only]",
                "description": "Grants permission to create a BugBust event",
                "access level": "Write",
                "resource types": [
                    ""
                ],
                "conditionKeys": "aws:TagKeys\n\n\naws:RequestTag/${TagKey}",
                "dependentActions": [
                    "iam:CreateServiceLinkedRole"
                ]
            },
            {
                "name": "EvaluateProfilingGroups [permission only]",
                "description": "Grants permission to evaluate checked-in profiling groups",
                "access level": "Write",
                "resource types": [
                    "Event*"
                ],
                "conditionKeys": "",
                "dependentActions": [
                    ""
                ]
            },
            {
                "name": "GetEvent [permission only]",
                "description": "Grants permission to view customer details about an event",
                "access level": "Read",
                "resource types": [
                    "Event*"
                ],
                "conditionKeys": "",
                "dependentActions": [
                    ""
                ]
            },
            {
                "name": "GetJoinEventStatus [permission only]",
                "description": "Grants permission to view the status of a BugBust player's attempt to join a BugBust event",
                "access level": "Read",
                "resource types": [
                    "Event*"
                ],
                "conditionKeys": "",
                "dependentActions": [
                    ""
                ]
            },
            {
                "name": "JoinEvent [permission only]",
                "description": "Grants permission to join an event",
                "access level": "Write",
                "resource types": [
                    "Event*"
                ],
                "conditionKeys": "",
                "dependentActions": [
                    ""
                ]
            },
            {
                "name": "ListBugs [permission only]",
                "description": "Grants permission to view the bugs that were imported into an event for players to work on",
                "access level": "Read",
                "resource types": [
                    "Event*"
                ],
                "conditionKeys": "",
                "dependentActions": [
                    "codeguru-reviewer:DescribeCodeReview\n                            \n\n                                codeguru-reviewer:ListRecommendations"
                ]
            },
            {
                "name": "ListEventParticipants [permission only]",
                "description": "Grants permission to view the participants of an event",
                "access level": "Read",
                "resource types": [
                    "Event*"
                ],
                "conditionKeys": "",
                "dependentActions": [
                    ""
                ]
            },
            {
                "name": "ListEventScores [permission only]",
                "description": "Grants permission to view the scores of an event's players",
                "access level": "Read",
                "resource types": [
                    "Event*"
                ],
                "conditionKeys": "",
                "dependentActions": [
                    ""
                ]
            },
            {
                "name": "ListEvents [permission only]",
                "description": "Grants permission to List BugBust events",
                "access level": "List",
                "resource types": [
                    ""
                ],
                "conditionKeys": "aws:ResourceTag/${TagKey}",
                "dependentActions": [
                    ""
                ]
            },
            {
                "name": "ListProfilingGroups [permission only]",
                "description": "Grants permission to view the profiling groups that were imported into an event for players to work on",
                "access level": "Read",
                "resource types": [
                    "Event*"
                ],
                "conditionKeys": "",
                "dependentActions": [
                    ""
                ]
            },
            {
                "name": "ListPullRequests [permission only]",
                "description": "Grants permission to view the pull requests used by players to submit fixes to their claimed bugs in an event",
                "access level": "Read",
                "resource types": [
                    "Event*"
                ],
                "conditionKeys": "",
                "dependentActions": [
                    ""
                ]
            },
            {
                "name": "ListTagsForResource [permission only]",
                "description": "Grants permission to lists tag for a Bugbust resource",
                "access level": "Read",
                "resource types": [
                    "Event*"
                ],
                "conditionKeys": "",
                "dependentActions": [
                    ""
                ]
            },
            {
                "name": "TagResource [permission only]",
                "description": "Grants permission to tag a Bugbust resource",
                "access level": "Tagging",
                "resource types": [
                    "Event*"
                ],
                "conditionKeys": "",
                "dependentActions": [
                    ""
                ]
            },
            {
                "name": "UntagResource [permission only]",
                "description": "Grants permission to untag a Bugbust resource",
                "access level": "Tagging",
                "resource types": [
                    "Event*"
                ],
                "conditionKeys": "",
                "dependentActions": [
                    ""
                ]
            },
            {
                "name": "UpdateEvent [permission only]",
                "description": "Grants permission to update a BugBust event",
                "access level": "Write",
                "resource types": [
                    "Event*"
                ],
                "conditionKeys": "",
                "dependentActions": [
                    "codeguru-profiler:DescribeProfilingGroup\n                            \n\n                                codeguru-profiler:ListProfilingGroups\n                            \n\n                                codeguru-reviewer:DescribeCodeReview\n                            \n\n                                codeguru-reviewer:ListCodeReviews\n                            \n\n                                codeguru-reviewer:ListRecommendations\n                            \n\n                                codeguru-reviewer:TagResource\n                            \n\n                                codeguru-reviewer:UnTagResource"
                ]
            },
            {
                "name": "UpdateWorkItem [permission only]",
                "description": "Grants permission to update a work item as claimed or unclaimed (bug or profiling group)",
                "access level": "Write",
                "resource types": [
                    "Event*"
                ],
                "conditionKeys": "",
                "dependentActions": [
                    "codeguru-reviewer:ListRecommendations"
                ]
            },
            {
                "name": "UpdateWorkItemAdmin [permission only]",
                "description": "Grants permission to update an event's work item (bug or profiling group)",
                "access level": "Write",
                "resource types": [
                    "Event*"
                ],
                "conditionKeys": "",
                "dependentActions": [
                    "codeguru-reviewer:ListRecommendations"
                ]
            }
        ]
    },
    {
        "resources": [
            {
                "resource_type": "Event",
                "ARN": "arn:${Partition}:bugbust:${Region}:${Account}:events/${EventId}",
                "conditionKeys": "aws:ResourceTag/${TagKey}"
            }
        ]
    },
    {
        "conditions": [
            {
                "Condition keys": "aws:RequestTag/${TagKey}",
                "Description": "Filters access based on the tags that are passed in the request",
                "Type": "String"
            },
            {
                "Condition keys": "aws:ResourceTag/${TagKey}",
                "Description": "Filters access based on the tags associated with the resource",
                "Type": "String"
            },
            {
                "Condition keys": "aws:TagKeys",
                "Description": "Filters access based on the tag keys that are passed in the request",
                "Type": "ArrayOfString"
            }
        ]
    }
]