[
    {
        "prefix_item": "chatbot"
    },
    {
        "link": "https://docs.aws.amazon.com/service-authorization/latest/reference/./list_awschatbot.html"
    },
    {
        "actions": [
            {
                "name": "CreateChimeWebhookConfiguration",
                "description": "Grants permission to create an AWS Chatbot Chime Webhook Configuration",
                "access level": "Write",
                "resource types": [
                    ""
                ],
                "conditionKeys": "",
                "dependentActions": [
                    ""
                ]
            },
            {
                "name": "CreateMicrosoftTeamsChannelConfiguration",
                "description": "Grants permission to create an AWS Chatbot Microsoft Teams Channel Configuration",
                "access level": "Write",
                "resource types": [
                    ""
                ],
                "conditionKeys": "",
                "dependentActions": [
                    ""
                ]
            },
            {
                "name": "CreateSlackChannelConfiguration",
                "description": "Grants permission to create an AWS Chatbot Slack Channel Configuration",
                "access level": "Write",
                "resource types": [
                    ""
                ],
                "conditionKeys": "",
                "dependentActions": [
                    ""
                ]
            },
            {
                "name": "DeleteChimeWebhookConfiguration",
                "description": "Grants permission to delete an AWS Chatbot Chime Webhook Configuration",
                "access level": "Write",
                "resource types": [
                    "ChatbotConfiguration*"
                ],
                "conditionKeys": "",
                "dependentActions": [
                    ""
                ]
            },
            {
                "name": "DeleteMicrosoftTeamsChannelConfiguration",
                "description": "Grants permission to delete an AWS Chatbot Microsoft Teams Channel Configuration",
                "access level": "Write",
                "resource types": [
                    ""
                ],
                "conditionKeys": "",
                "dependentActions": [
                    ""
                ]
            },
            {
                "name": "DeleteMicrosoftTeamsConfiguredTeam",
                "description": "Grants permission to delete the Microsoft Teams configured with AWS Chatbot in an AWS account",
                "access level": "Write",
                "resource types": [
                    ""
                ],
                "conditionKeys": "",
                "dependentActions": [
                    ""
                ]
            },
            {
                "name": "DeleteMicrosoftTeamsUserIdentity",
                "description": "Grants permission to delete an AWS Chatbot Microsoft Teams User Identity",
                "access level": "Write",
                "resource types": [
                    ""
                ],
                "conditionKeys": "",
                "dependentActions": [
                    ""
                ]
            },
            {
                "name": "DeleteSlackChannelConfiguration",
                "description": "Grants permission to delete an AWS Chatbot Slack Channel Configuration",
                "access level": "Write",
                "resource types": [
                    "ChatbotConfiguration*"
                ],
                "conditionKeys": "",
                "dependentActions": [
                    ""
                ]
            },
            {
                "name": "DeleteSlackUserIdentity",
                "description": "Grants permission to delete an AWS Chatbot Slack User Identity",
                "access level": "Write",
                "resource types": [
                    ""
                ],
                "conditionKeys": "",
                "dependentActions": [
                    ""
                ]
            },
            {
                "name": "DeleteSlackWorkspaceAuthorization",
                "description": "Grants permission to delete the Slack workspace authorization with AWS Chatbot, associated with an AWS account",
                "access level": "Write",
                "resource types": [
                    ""
                ],
                "conditionKeys": "",
                "dependentActions": [
                    ""
                ]
            },
            {
                "name": "DescribeChimeWebhookConfigurations",
                "description": "Grants permission to list all AWS Chatbot Chime Webhook Configurations in an AWS Account",
                "access level": "Read",
                "resource types": [
                    ""
                ],
                "conditionKeys": "",
                "dependentActions": [
                    ""
                ]
            },
            {
                "name": "DescribeSlackChannelConfigurations",
                "description": "Grants permission to list all AWS Chatbot Slack Channel Configurations in an AWS account",
                "access level": "Read",
                "resource types": [
                    ""
                ],
                "conditionKeys": "",
                "dependentActions": [
                    ""
                ]
            },
            {
                "name": "DescribeSlackChannels",
                "description": "Grants permission to list all public Slack channels in the Slack workspace connected to the AWS Account onboarded with AWS Chatbot service",
                "access level": "Read",
                "resource types": [
                    ""
                ],
                "conditionKeys": "",
                "dependentActions": [
                    ""
                ]
            },
            {
                "name": "DescribeSlackUserIdentities",
                "description": "Grants permission to describe AWS Chatbot Slack User Identities",
                "access level": "Read",
                "resource types": [
                    ""
                ],
                "conditionKeys": "",
                "dependentActions": [
                    ""
                ]
            },
            {
                "name": "DescribeSlackWorkspaces",
                "description": "Grants permission to list all authorized Slack workspaces connected to the AWS Account onboarded with AWS Chatbot service",
                "access level": "Read",
                "resource types": [
                    ""
                ],
                "conditionKeys": "",
                "dependentActions": [
                    ""
                ]
            },
            {
                "name": "GetAccountPreferences",
                "description": "Grants permission to retrieve AWS Chatbot account preferences",
                "access level": "Read",
                "resource types": [
                    ""
                ],
                "conditionKeys": "",
                "dependentActions": [
                    ""
                ]
            },
            {
                "name": "GetMicrosoftTeamsChannelConfiguration",
                "description": "Grants permission to get a single AWS Chatbot Microsoft Teams Channel Configurations in an AWS account",
                "access level": "Read",
                "resource types": [
                    ""
                ],
                "conditionKeys": "",
                "dependentActions": [
                    ""
                ]
            },
            {
                "name": "GetMicrosoftTeamsOauthParameters",
                "description": "Grants permission to generate OAuth parameters to request Microsoft Teams OAuth code to be used by the AWS Chatbot service",
                "access level": "Read",
                "resource types": [
                    ""
                ],
                "conditionKeys": "",
                "dependentActions": [
                    ""
                ]
            },
            {
                "name": "GetSlackOauthParameters",
                "description": "Grants permission to generate OAuth parameters to request Slack OAuth code to be used by the AWS Chatbot service",
                "access level": "Read",
                "resource types": [
                    ""
                ],
                "conditionKeys": "",
                "dependentActions": [
                    ""
                ]
            },
            {
                "name": "ListMicrosoftTeamsChannelConfigurations",
                "description": "Grants permission to list all AWS Chatbot Microsoft Teams Channel Configurations in an AWS account",
                "access level": "Read",
                "resource types": [
                    ""
                ],
                "conditionKeys": "",
                "dependentActions": [
                    ""
                ]
            },
            {
                "name": "ListMicrosoftTeamsConfiguredTeams",
                "description": "Grants permission to list all Microsoft Teams connected to the AWS Account onboarded with AWS Chatbot service",
                "access level": "Read",
                "resource types": [
                    ""
                ],
                "conditionKeys": "",
                "dependentActions": [
                    ""
                ]
            },
            {
                "name": "ListMicrosoftTeamsUserIdentities",
                "description": "Grants permission to describe AWS Chatbot Microsoft Teams User Identities",
                "access level": "Read",
                "resource types": [
                    ""
                ],
                "conditionKeys": "",
                "dependentActions": [
                    ""
                ]
            },
            {
                "name": "RedeemMicrosoftTeamsOauthCode",
                "description": "Grants permission to redeem previously generated parameters with Microsoft APIs, to acquire OAuth tokens to be used by the AWS Chatbot service",
                "access level": "Write",
                "resource types": [
                    ""
                ],
                "conditionKeys": "",
                "dependentActions": [
                    ""
                ]
            },
            {
                "name": "RedeemSlackOauthCode",
                "description": "Grants permission to redeem previously generated parameters with Slack API, to acquire OAuth tokens to be used by the AWS Chatbot service",
                "access level": "Write",
                "resource types": [
                    ""
                ],
                "conditionKeys": "",
                "dependentActions": [
                    ""
                ]
            },
            {
                "name": "UpdateAccountPreferences",
                "description": "Grants permission to update AWS Chatbot account preferences",
                "access level": "Write",
                "resource types": [
                    ""
                ],
                "conditionKeys": "",
                "dependentActions": [
                    ""
                ]
            },
            {
                "name": "UpdateChimeWebhookConfiguration",
                "description": "Grants permission to update an AWS Chatbot Chime Webhook Configuration",
                "access level": "Write",
                "resource types": [
                    "ChatbotConfiguration*"
                ],
                "conditionKeys": "",
                "dependentActions": [
                    ""
                ]
            },
            {
                "name": "UpdateMicrosoftTeamsChannelConfiguration",
                "description": "Grants permission to update an AWS Chatbot Microsoft Teams Channel Configuration",
                "access level": "Write",
                "resource types": [
                    ""
                ],
                "conditionKeys": "",
                "dependentActions": [
                    ""
                ]
            },
            {
                "name": "UpdateSlackChannelConfiguration",
                "description": "Grants permission to update an AWS Chatbot Slack Channel Configuration",
                "access level": "Write",
                "resource types": [
                    "ChatbotConfiguration*"
                ],
                "conditionKeys": "",
                "dependentActions": [
                    ""
                ]
            }
        ]
    },
    {
        "resources": [
            {
                "resource_type": "ChatbotConfiguration",
                "ARN": "arn:${Partition}:chatbot::${Account}:chat-configuration/${ConfigurationType}/${ChatbotConfigurationName}",
                "conditionKeys": ""
            }
        ]
    }
]