[
    {
        "prefix_item": "cleanrooms"
    },
    {
        "link": "https://docs.aws.amazon.com/service-authorization/latest/reference/./list_awscleanrooms.html"
    },
    {
        "actions": [
            {
                "name": "BatchGetSchema",
                "description": "Grants permission to view details for schemas",
                "access level": "Read",
                "resource types": [
                    "Collaboration*"
                ],
                "conditionKeys": "",
                "dependentActions": [
                    "cleanrooms:GetSchema"
                ]
            },
            {
                "name": "CreateCollaboration",
                "description": "Grants permission to create a new collaboration, a shared data collaboration environment",
                "access level": "Write",
                "resource types": [
                    "Collaboration*"
                ],
                "conditionKeys": "aws:RequestTag/${TagKey}\n\n\naws:ResourceTag/${TagKey}\n\n\naws:TagKeys",
                "dependentActions": [
                    ""
                ]
            },
            {
                "name": "CreateConfiguredTable",
                "description": "Grants permission to create a new configured table",
                "access level": "Write",
                "resource types": [
                    "ConfiguredTable*"
                ],
                "conditionKeys": "aws:RequestTag/${TagKey}\n\n\naws:ResourceTag/${TagKey}\n\n\naws:TagKeys",
                "dependentActions": [
                    "glue:BatchGetPartition\n                            \n\n                                glue:GetDatabase\n                            \n\n                                glue:GetDatabases\n                            \n\n                                glue:GetPartition\n                            \n\n                                glue:GetPartitions\n                            \n\n                                glue:GetSchemaVersion\n                            \n\n                                glue:GetTable\n                            \n\n                                glue:GetTables"
                ]
            },
            {
                "name": "CreateConfiguredTableAnalysisRule",
                "description": "Grants permission to create a analysis rule for a configured table",
                "access level": "Write",
                "resource types": [
                    "ConfiguredTable*"
                ],
                "conditionKeys": "",
                "dependentActions": [
                    ""
                ]
            },
            {
                "name": "CreateConfiguredTableAssociation",
                "description": "Grants permission to link a configured table with a collaboration by creating a new association",
                "access level": "Write",
                "resource types": [
                    "ConfiguredTable*"
                ],
                "conditionKeys": "aws:RequestTag/${TagKey}\n\n\naws:ResourceTag/${TagKey}\n\n\naws:TagKeys",
                "dependentActions": [
                    "iam:PassRole"
                ]
            },
            {
                "name": "CreateMembership",
                "description": "Grants permission to join collaborations by creating a membership",
                "access level": "Write",
                "resource types": [
                    "Collaboration*"
                ],
                "conditionKeys": "aws:RequestTag/${TagKey}\n\n\naws:ResourceTag/${TagKey}\n\n\naws:TagKeys",
                "dependentActions": [
                    "logs:CreateLogDelivery\n                            \n\n                                logs:CreateLogGroup\n                            \n\n                                logs:DeleteLogDelivery\n                            \n\n                                logs:DescribeLogGroups\n                            \n\n                                logs:DescribeResourcePolicies\n                            \n\n                                logs:GetLogDelivery\n                            \n\n                                logs:ListLogDeliveries\n                            \n\n                                logs:PutResourcePolicy\n                            \n\n                                logs:UpdateLogDelivery"
                ]
            },
            {
                "name": "DeleteCollaboration",
                "description": "Grants permission to delete an existing collaboration",
                "access level": "Write",
                "resource types": [
                    "Collaboration*"
                ],
                "conditionKeys": "",
                "dependentActions": [
                    ""
                ]
            },
            {
                "name": "DeleteConfiguredTable",
                "description": "Grants permission to delete a configured table",
                "access level": "Write",
                "resource types": [
                    "ConfiguredTable*"
                ],
                "conditionKeys": "",
                "dependentActions": [
                    ""
                ]
            },
            {
                "name": "DeleteConfiguredTableAnalysisRule",
                "description": "Grants permission to delete an existing analysis rule",
                "access level": "Write",
                "resource types": [
                    "ConfiguredTable*"
                ],
                "conditionKeys": "",
                "dependentActions": [
                    ""
                ]
            },
            {
                "name": "DeleteConfiguredTableAssociation",
                "description": "Grants permission to remove a configured table association from a collaboration",
                "access level": "Write",
                "resource types": [
                    "ConfiguredTableAssociation*"
                ],
                "conditionKeys": "",
                "dependentActions": [
                    ""
                ]
            },
            {
                "name": "DeleteMember",
                "description": "Grants permission to delete members from a collaboration",
                "access level": "Write",
                "resource types": [
                    "Collaboration*"
                ],
                "conditionKeys": "",
                "dependentActions": [
                    ""
                ]
            },
            {
                "name": "DeleteMembership",
                "description": "Grants permission to leave collaborations by deleting a membership",
                "access level": "Write",
                "resource types": [
                    "Membership*"
                ],
                "conditionKeys": "",
                "dependentActions": [
                    ""
                ]
            },
            {
                "name": "GetCollaboration",
                "description": "Grants permission to view details for a collaboration",
                "access level": "Read",
                "resource types": [
                    "Collaboration*"
                ],
                "conditionKeys": "",
                "dependentActions": [
                    ""
                ]
            },
            {
                "name": "GetConfiguredTable",
                "description": "Grants permission to view details for a configured table",
                "access level": "Read",
                "resource types": [
                    "ConfiguredTable*"
                ],
                "conditionKeys": "",
                "dependentActions": [
                    ""
                ]
            },
            {
                "name": "GetConfiguredTableAnalysisRule",
                "description": "Grants permission to view analysis rules for a configured table",
                "access level": "Read",
                "resource types": [
                    "ConfiguredTable*"
                ],
                "conditionKeys": "",
                "dependentActions": [
                    ""
                ]
            },
            {
                "name": "GetConfiguredTableAssociation",
                "description": "Grants permission to view details for a configured table association",
                "access level": "Read",
                "resource types": [
                    "ConfiguredTableAssociation*"
                ],
                "conditionKeys": "",
                "dependentActions": [
                    ""
                ]
            },
            {
                "name": "GetMembership",
                "description": "Grants permission to view details about a membership",
                "access level": "Read",
                "resource types": [
                    "Membership*"
                ],
                "conditionKeys": "",
                "dependentActions": [
                    ""
                ]
            },
            {
                "name": "GetProtectedQuery",
                "description": "Grants permission to view a protected query",
                "access level": "Read",
                "resource types": [
                    "Membership*"
                ],
                "conditionKeys": "",
                "dependentActions": [
                    ""
                ]
            },
            {
                "name": "GetSchema",
                "description": "Grants permission to view details for a schema",
                "access level": "Read",
                "resource types": [
                    "Collaboration*"
                ],
                "conditionKeys": "",
                "dependentActions": [
                    ""
                ]
            },
            {
                "name": "GetSchemaAnalysisRule",
                "description": "Grants permission to view analysis rules associated with a schema",
                "access level": "Read",
                "resource types": [
                    "Collaboration*"
                ],
                "conditionKeys": "",
                "dependentActions": [
                    "cleanrooms:GetSchema"
                ]
            },
            {
                "name": "ListCollaborations",
                "description": "Grants permission to list available collaborations",
                "access level": "List",
                "resource types": [
                    ""
                ],
                "conditionKeys": "",
                "dependentActions": [
                    ""
                ]
            },
            {
                "name": "ListConfiguredTableAssociations",
                "description": "Grants permission to list available configured table associations for a membership",
                "access level": "List",
                "resource types": [
                    "Membership*"
                ],
                "conditionKeys": "",
                "dependentActions": [
                    ""
                ]
            },
            {
                "name": "ListConfiguredTables",
                "description": "Grants permission to list available configured tables",
                "access level": "List",
                "resource types": [
                    ""
                ],
                "conditionKeys": "",
                "dependentActions": [
                    ""
                ]
            },
            {
                "name": "ListMembers",
                "description": "Grants permission to list the members of a collaboration",
                "access level": "List",
                "resource types": [
                    "Collaboration*"
                ],
                "conditionKeys": "",
                "dependentActions": [
                    ""
                ]
            },
            {
                "name": "ListMemberships",
                "description": "Grants permission to list available memberships",
                "access level": "List",
                "resource types": [
                    ""
                ],
                "conditionKeys": "",
                "dependentActions": [
                    ""
                ]
            },
            {
                "name": "ListProtectedQueries",
                "description": "Grants permission to list protected queries",
                "access level": "List",
                "resource types": [
                    "Membership*"
                ],
                "conditionKeys": "",
                "dependentActions": [
                    ""
                ]
            },
            {
                "name": "ListSchemas",
                "description": "Grants permission to view available schemas for a collaboration",
                "access level": "List",
                "resource types": [
                    "Collaboration*"
                ],
                "conditionKeys": "",
                "dependentActions": [
                    ""
                ]
            },
            {
                "name": "ListTagsForResource",
                "description": "Grants permission to list tags for a resource",
                "access level": "List",
                "resource types": [
                    "Collaboration"
                ],
                "conditionKeys": "",
                "dependentActions": [
                    ""
                ]
            },
            {
                "name": "StartProtectedQuery",
                "description": "Grants permission to start protected queries",
                "access level": "Write",
                "resource types": [
                    "Membership*"
                ],
                "conditionKeys": "",
                "dependentActions": [
                    "cleanrooms:GetSchema\n                            \n\n                                s3:GetBucketLocation\n                            \n\n                                s3:ListBucket\n                            \n\n                                s3:PutObject"
                ]
            },
            {
                "name": "TagResource",
                "description": "Grants permission to tag a resource",
                "access level": "Tagging",
                "resource types": [
                    "Collaboration"
                ],
                "conditionKeys": "",
                "dependentActions": [
                    ""
                ]
            },
            {
                "name": "UntagResource",
                "description": "Grants permission to untag a resource",
                "access level": "Tagging",
                "resource types": [
                    "Collaboration"
                ],
                "conditionKeys": "",
                "dependentActions": [
                    ""
                ]
            },
            {
                "name": "UpdateCollaboration",
                "description": "Grants permission to update details of the collaboration",
                "access level": "Write",
                "resource types": [
                    "Collaboration*"
                ],
                "conditionKeys": "",
                "dependentActions": [
                    ""
                ]
            },
            {
                "name": "UpdateConfiguredTable",
                "description": "Grants permission to update an existing configured table",
                "access level": "Write",
                "resource types": [
                    "ConfiguredTable*"
                ],
                "conditionKeys": "",
                "dependentActions": [
                    ""
                ]
            },
            {
                "name": "UpdateConfiguredTableAnalysisRule",
                "description": "Grants permission to update analysis rules for a configured table",
                "access level": "Write",
                "resource types": [
                    "ConfiguredTable*"
                ],
                "conditionKeys": "",
                "dependentActions": [
                    ""
                ]
            },
            {
                "name": "UpdateConfiguredTableAssociation",
                "description": "Grants permission to update a configured table association",
                "access level": "Write",
                "resource types": [
                    "ConfiguredTableAssociation*"
                ],
                "conditionKeys": "",
                "dependentActions": [
                    "iam:PassRole"
                ]
            },
            {
                "name": "UpdateMembership",
                "description": "Grants permission to update details of a membership",
                "access level": "Write",
                "resource types": [
                    "Membership*"
                ],
                "conditionKeys": "",
                "dependentActions": [
                    "logs:CreateLogDelivery\n                            \n\n                                logs:CreateLogGroup\n                            \n\n                                logs:DeleteLogDelivery\n                            \n\n                                logs:DescribeLogGroups\n                            \n\n                                logs:DescribeResourcePolicies\n                            \n\n                                logs:GetLogDelivery\n                            \n\n                                logs:ListLogDeliveries\n                            \n\n                                logs:PutResourcePolicy\n                            \n\n                                logs:UpdateLogDelivery"
                ]
            },
            {
                "name": "UpdateProtectedQuery",
                "description": "Grants permission to update protected queries",
                "access level": "Write",
                "resource types": [
                    "Membership*"
                ],
                "conditionKeys": "",
                "dependentActions": [
                    ""
                ]
            }
        ]
    },
    {
        "resources": [
            {
                "resource_type": "Collaboration",
                "ARN": "arn:${Partition}:cleanrooms:${Region}:${Account}:collaboration/${CollaborationId}",
                "conditionKeys": "aws:ResourceTag/${TagKey}"
            },
            {
                "resource_type": "ConfiguredTable",
                "ARN": "arn:${Partition}:cleanrooms:${Region}:${Account}:configuredtable/${ConfiguredTableId}",
                "conditionKeys": "aws:ResourceTag/${TagKey}"
            },
            {
                "resource_type": "ConfiguredTableAssociation",
                "ARN": "arn:${Partition}:cleanrooms:${Region}:${Account}:membership/${MembershipId}/configuredtableassociation/${ConfiguredTableAssociationId}",
                "conditionKeys": "aws:ResourceTag/${TagKey}"
            },
            {
                "resource_type": "Membership",
                "ARN": "arn:${Partition}:cleanrooms:${Region}:${Account}:membership/${MembershipId}",
                "conditionKeys": "aws:ResourceTag/${TagKey}"
            }
        ]
    },
    {
        "conditions": [
            {
                "Condition keys": "aws:RequestTag/${TagKey}",
                "Description": "Filters access by the tags that are passed in the request",
                "Type": "String"
            },
            {
                "Condition keys": "aws:ResourceTag/${TagKey}",
                "Description": "Filters access by the tags associated with the resource",
                "Type": "String"
            },
            {
                "Condition keys": "aws:TagKeys",
                "Description": "Filters access by the tag keys that are passed in the request",
                "Type": "ArrayOfString"
            }
        ]
    }
]