[
    {
        "prefix_item": "cloudhsm"
    },
    {
        "link": "https://docs.aws.amazon.com/service-authorization/latest/reference/./list_awscloudhsm.html"
    },
    {
        "actions": [
            {
                "name": "AddTagsToResource",
                "description": "Adds or overwrites one or more tags for the specified AWS CloudHSM resource",
                "access level": "Tagging",
                "resource types": [
                    ""
                ],
                "conditionKeys": "",
                "dependentActions": [
                    ""
                ]
            },
            {
                "name": "CopyBackupToRegion",
                "description": "Creates a copy of a backup in the specified region",
                "access level": "Write",
                "resource types": [
                    "backup*"
                ],
                "conditionKeys": "",
                "dependentActions": [
                    ""
                ]
            },
            {
                "name": "CreateCluster",
                "description": "Creates a new AWS CloudHSM cluster",
                "access level": "Write",
                "resource types": [
                    "backup"
                ],
                "conditionKeys": "",
                "dependentActions": [
                    ""
                ]
            },
            {
                "name": "CreateHapg",
                "description": "Creates a high-availability partition group",
                "access level": "Write",
                "resource types": [
                    ""
                ],
                "conditionKeys": "",
                "dependentActions": [
                    ""
                ]
            },
            {
                "name": "CreateHsm",
                "description": "Creates a new hardware security module (HSM) in the specified AWS CloudHSM cluster",
                "access level": "Write",
                "resource types": [
                    "cluster*"
                ],
                "conditionKeys": "",
                "dependentActions": [
                    ""
                ]
            },
            {
                "name": "CreateLunaClient",
                "description": "Creates an HSM client",
                "access level": "Write",
                "resource types": [
                    ""
                ],
                "conditionKeys": "",
                "dependentActions": [
                    ""
                ]
            },
            {
                "name": "DeleteBackup",
                "description": "Deletes the specified CloudHSM backup",
                "access level": "Write",
                "resource types": [
                    "backup*"
                ],
                "conditionKeys": "",
                "dependentActions": [
                    ""
                ]
            },
            {
                "name": "DeleteCluster",
                "description": "Deletes the specified AWS CloudHSM cluster",
                "access level": "Write",
                "resource types": [
                    "cluster*"
                ],
                "conditionKeys": "",
                "dependentActions": [
                    ""
                ]
            },
            {
                "name": "DeleteHapg",
                "description": "Deletes a high-availability partition group",
                "access level": "Write",
                "resource types": [
                    ""
                ],
                "conditionKeys": "",
                "dependentActions": [
                    ""
                ]
            },
            {
                "name": "DeleteHsm",
                "description": "Deletes the specified HSM",
                "access level": "Write",
                "resource types": [
                    ""
                ],
                "conditionKeys": "",
                "dependentActions": [
                    ""
                ]
            },
            {
                "name": "DeleteLunaClient",
                "description": "Deletes a client",
                "access level": "Write",
                "resource types": [
                    ""
                ],
                "conditionKeys": "",
                "dependentActions": [
                    ""
                ]
            },
            {
                "name": "DescribeBackups",
                "description": "Gets information about backups of AWS CloudHSM clusters",
                "access level": "Read",
                "resource types": [
                    ""
                ],
                "conditionKeys": "",
                "dependentActions": [
                    ""
                ]
            },
            {
                "name": "DescribeClusters",
                "description": "Gets information about AWS CloudHSM clusters",
                "access level": "Read",
                "resource types": [
                    ""
                ],
                "conditionKeys": "",
                "dependentActions": [
                    ""
                ]
            },
            {
                "name": "DescribeHapg",
                "description": "Retrieves information about a high-availability partition group",
                "access level": "Read",
                "resource types": [
                    ""
                ],
                "conditionKeys": "",
                "dependentActions": [
                    ""
                ]
            },
            {
                "name": "DescribeHsm",
                "description": "Retrieves information about an HSM. You can identify the HSM by its ARN or its serial number",
                "access level": "Read",
                "resource types": [
                    ""
                ],
                "conditionKeys": "",
                "dependentActions": [
                    ""
                ]
            },
            {
                "name": "DescribeLunaClient",
                "description": "Retrieves information about an HSM client",
                "access level": "Read",
                "resource types": [
                    ""
                ],
                "conditionKeys": "",
                "dependentActions": [
                    ""
                ]
            },
            {
                "name": "GetConfig",
                "description": "Gets the configuration files necessary to connect to all high availability partition groups the client is associated with",
                "access level": "Read",
                "resource types": [
                    ""
                ],
                "conditionKeys": "",
                "dependentActions": [
                    ""
                ]
            },
            {
                "name": "InitializeCluster",
                "description": "Claims an AWS CloudHSM cluster",
                "access level": "Write",
                "resource types": [
                    "cluster*"
                ],
                "conditionKeys": "",
                "dependentActions": [
                    ""
                ]
            },
            {
                "name": "ListAvailableZones",
                "description": "Lists the Availability Zones that have available AWS CloudHSM capacity",
                "access level": "List",
                "resource types": [
                    ""
                ],
                "conditionKeys": "",
                "dependentActions": [
                    ""
                ]
            },
            {
                "name": "ListHapgs",
                "description": "Lists the high-availability partition groups for the account",
                "access level": "List",
                "resource types": [
                    ""
                ],
                "conditionKeys": "",
                "dependentActions": [
                    ""
                ]
            },
            {
                "name": "ListHsms",
                "description": "Retrieves the identifiers of all of the HSMs provisioned for the current customer",
                "access level": "List",
                "resource types": [
                    ""
                ],
                "conditionKeys": "",
                "dependentActions": [
                    ""
                ]
            },
            {
                "name": "ListLunaClients",
                "description": "Lists all of the clients",
                "access level": "List",
                "resource types": [
                    ""
                ],
                "conditionKeys": "",
                "dependentActions": [
                    ""
                ]
            },
            {
                "name": "ListTags",
                "description": "Gets a list of tags for the specified AWS CloudHSM cluster",
                "access level": "Read",
                "resource types": [
                    "backup"
                ],
                "conditionKeys": "",
                "dependentActions": [
                    ""
                ]
            },
            {
                "name": "ListTagsForResource",
                "description": "Returns a list of all tags for the specified AWS CloudHSM resource",
                "access level": "Read",
                "resource types": [
                    ""
                ],
                "conditionKeys": "",
                "dependentActions": [
                    ""
                ]
            },
            {
                "name": "ModifyBackupAttributes",
                "description": "Modifies attributes for AWS CloudHSM backup",
                "access level": "Write",
                "resource types": [
                    "backup*"
                ],
                "conditionKeys": "",
                "dependentActions": [
                    ""
                ]
            },
            {
                "name": "ModifyCluster",
                "description": "Modifies AWS CloudHSM cluster",
                "access level": "Write",
                "resource types": [
                    "cluster*"
                ],
                "conditionKeys": "",
                "dependentActions": [
                    ""
                ]
            },
            {
                "name": "ModifyHapg",
                "description": "Modifies an existing high-availability partition group",
                "access level": "Write",
                "resource types": [
                    ""
                ],
                "conditionKeys": "",
                "dependentActions": [
                    ""
                ]
            },
            {
                "name": "ModifyHsm",
                "description": "Modifies an HSM",
                "access level": "Write",
                "resource types": [
                    ""
                ],
                "conditionKeys": "",
                "dependentActions": [
                    ""
                ]
            },
            {
                "name": "ModifyLunaClient",
                "description": "Modifies the certificate used by the client",
                "access level": "Write",
                "resource types": [
                    ""
                ],
                "conditionKeys": "",
                "dependentActions": [
                    ""
                ]
            },
            {
                "name": "RemoveTagsFromResource",
                "description": "Removes one or more tags from the specified AWS CloudHSM resource",
                "access level": "Tagging",
                "resource types": [
                    ""
                ],
                "conditionKeys": "",
                "dependentActions": [
                    ""
                ]
            },
            {
                "name": "RestoreBackup",
                "description": "Restores the specified CloudHSM backup",
                "access level": "Write",
                "resource types": [
                    "backup*"
                ],
                "conditionKeys": "",
                "dependentActions": [
                    ""
                ]
            },
            {
                "name": "TagResource",
                "description": "Adds or overwrites one or more tags for the specified AWS CloudHSM cluster",
                "access level": "Tagging",
                "resource types": [
                    "backup"
                ],
                "conditionKeys": "",
                "dependentActions": [
                    ""
                ]
            },
            {
                "name": "UntagResource",
                "description": "Removes the specified tag or tags from the specified AWS CloudHSM cluster",
                "access level": "Tagging",
                "resource types": [
                    "backup"
                ],
                "conditionKeys": "",
                "dependentActions": [
                    ""
                ]
            }
        ]
    },
    {
        "resources": [
            {
                "resource_type": "backup",
                "ARN": "arn:${Partition}:cloudhsm:${Region}:${Account}:backup/${CloudHsmBackupInstanceName}",
                "conditionKeys": "aws:ResourceTag/${TagKey}"
            },
            {
                "resource_type": "cluster",
                "ARN": "arn:${Partition}:cloudhsm:${Region}:${Account}:cluster/${CloudHsmClusterInstanceName}",
                "conditionKeys": "aws:ResourceTag/${TagKey}"
            }
        ]
    },
    {
        "conditions": [
            {
                "Condition keys": "aws:RequestTag/${TagKey}",
                "Description": "Filters actions based on the presence of tag key-value pairs in the request",
                "Type": "String"
            },
            {
                "Condition keys": "aws:ResourceTag/${TagKey}",
                "Description": "Filters actions based on tag key-value pairs attached to the resource",
                "Type": "String"
            },
            {
                "Condition keys": "aws:TagKeys",
                "Description": "Filters actions based on the presence of tag keys in the request",
                "Type": "ArrayOfString"
            }
        ]
    }
]