[
    {
        "prefix_item": "clouddirectory"
    },
    {
        "link": "https://docs.aws.amazon.com/service-authorization/latest/reference/./list_amazonclouddirectory.html"
    },
    {
        "actions": [
            {
                "name": "AddFacetToObject",
                "description": "Grants permission to add a new Facet to an object",
                "access level": "Write",
                "resource types": [
                    "directory*"
                ],
                "conditionKeys": "",
                "dependentActions": [
                    ""
                ]
            },
            {
                "name": "ApplySchema",
                "description": "Grants permission to copy input published schema into Directory with same name and version as that of published schema",
                "access level": "Write",
                "resource types": [
                    "directory*"
                ],
                "conditionKeys": "",
                "dependentActions": [
                    ""
                ]
            },
            {
                "name": "AttachObject",
                "description": "Grants permission to attach an existing object to another existing object",
                "access level": "Write",
                "resource types": [
                    "directory*"
                ],
                "conditionKeys": "",
                "dependentActions": [
                    ""
                ]
            },
            {
                "name": "AttachPolicy",
                "description": "Grants permission to attach a policy object to any other object",
                "access level": "Write",
                "resource types": [
                    "directory*"
                ],
                "conditionKeys": "",
                "dependentActions": [
                    ""
                ]
            },
            {
                "name": "AttachToIndex",
                "description": "Grants permission to attach the specified object to the specified index",
                "access level": "Write",
                "resource types": [
                    "directory*"
                ],
                "conditionKeys": "",
                "dependentActions": [
                    ""
                ]
            },
            {
                "name": "AttachTypedLink",
                "description": "Grants permission to attach a typed link b/w a source & target object reference",
                "access level": "Write",
                "resource types": [
                    "directory*"
                ],
                "conditionKeys": "",
                "dependentActions": [
                    ""
                ]
            },
            {
                "name": "BatchRead",
                "description": "Grants permission to perform all the read operations in a batch. Each individual operation inside BatchRead needs to be granted permissions explicitly",
                "access level": "Read",
                "resource types": [
                    "directory*"
                ],
                "conditionKeys": "",
                "dependentActions": [
                    ""
                ]
            },
            {
                "name": "BatchWrite",
                "description": "Grants permission to perform all the write operations in a batch. Each individual operation inside BatchWrite needs to be granted permissions explicitly",
                "access level": "Write",
                "resource types": [
                    "directory*"
                ],
                "conditionKeys": "",
                "dependentActions": [
                    ""
                ]
            },
            {
                "name": "CreateDirectory",
                "description": "Grants permission to create a Directory by copying the published schema into the directory",
                "access level": "Write",
                "resource types": [
                    "publishedSchema*"
                ],
                "conditionKeys": "",
                "dependentActions": [
                    ""
                ]
            },
            {
                "name": "CreateFacet",
                "description": "Grants permission to create a new Facet in a schema",
                "access level": "Write",
                "resource types": [
                    "appliedSchema*"
                ],
                "conditionKeys": "",
                "dependentActions": [
                    ""
                ]
            },
            {
                "name": "CreateIndex",
                "description": "Grants permission to create an index object",
                "access level": "Write",
                "resource types": [
                    "directory*"
                ],
                "conditionKeys": "",
                "dependentActions": [
                    ""
                ]
            },
            {
                "name": "CreateObject",
                "description": "Grants permission to create an object in a Directory",
                "access level": "Write",
                "resource types": [
                    "directory*"
                ],
                "conditionKeys": "",
                "dependentActions": [
                    ""
                ]
            },
            {
                "name": "CreateSchema",
                "description": "Grants permission to create a new schema in a development state",
                "access level": "Write",
                "resource types": [
                    ""
                ],
                "conditionKeys": "",
                "dependentActions": [
                    ""
                ]
            },
            {
                "name": "CreateTypedLinkFacet",
                "description": "Grants permission to create a new Typed Link facet in a schema",
                "access level": "Write",
                "resource types": [
                    "appliedSchema*"
                ],
                "conditionKeys": "",
                "dependentActions": [
                    ""
                ]
            },
            {
                "name": "DeleteDirectory",
                "description": "Grants permission to delete a directory. Only disabled directories can be deleted",
                "access level": "Write",
                "resource types": [
                    "directory*"
                ],
                "conditionKeys": "",
                "dependentActions": [
                    ""
                ]
            },
            {
                "name": "DeleteFacet",
                "description": "Grants permission to delete a given Facet. All attributes and Rules associated with the facet will be deleted",
                "access level": "Write",
                "resource types": [
                    "developmentSchema*"
                ],
                "conditionKeys": "",
                "dependentActions": [
                    ""
                ]
            },
            {
                "name": "DeleteObject",
                "description": "Grants permission to delete an object and its associated attributes",
                "access level": "Write",
                "resource types": [
                    "directory*"
                ],
                "conditionKeys": "",
                "dependentActions": [
                    ""
                ]
            },
            {
                "name": "DeleteSchema",
                "description": "Grants permission to delete a given schema",
                "access level": "Write",
                "resource types": [
                    "developmentSchema*"
                ],
                "conditionKeys": "",
                "dependentActions": [
                    ""
                ]
            },
            {
                "name": "DeleteTypedLinkFacet",
                "description": "Grants permission to delete a given TypedLink Facet. All attributes and Rules associated with the facet will be deleted",
                "access level": "Write",
                "resource types": [
                    "developmentSchema*"
                ],
                "conditionKeys": "",
                "dependentActions": [
                    ""
                ]
            },
            {
                "name": "DetachFromIndex",
                "description": "Grants permission to detach the specified object from the specified index",
                "access level": "Write",
                "resource types": [
                    "directory*"
                ],
                "conditionKeys": "",
                "dependentActions": [
                    ""
                ]
            },
            {
                "name": "DetachObject",
                "description": "Grants permission to detach a given object from the parent object",
                "access level": "Write",
                "resource types": [
                    "directory*"
                ],
                "conditionKeys": "",
                "dependentActions": [
                    ""
                ]
            },
            {
                "name": "DetachPolicy",
                "description": "Grants permission to detach a policy from an object",
                "access level": "Write",
                "resource types": [
                    "directory*"
                ],
                "conditionKeys": "",
                "dependentActions": [
                    ""
                ]
            },
            {
                "name": "DetachTypedLink",
                "description": "Grants permission to detach a given typed link b/w given source and target object reference",
                "access level": "Write",
                "resource types": [
                    "directory*"
                ],
                "conditionKeys": "",
                "dependentActions": [
                    ""
                ]
            },
            {
                "name": "DisableDirectory",
                "description": "Grants permission to disable the specified directory",
                "access level": "Write",
                "resource types": [
                    "directory*"
                ],
                "conditionKeys": "",
                "dependentActions": [
                    ""
                ]
            },
            {
                "name": "EnableDirectory",
                "description": "Grants permission to enable the specified directory",
                "access level": "Write",
                "resource types": [
                    "directory*"
                ],
                "conditionKeys": "",
                "dependentActions": [
                    ""
                ]
            },
            {
                "name": "GetAppliedSchemaVersion",
                "description": "Grants permission to return current applied schema version ARN, including the minor version in use",
                "access level": "Read",
                "resource types": [
                    "appliedSchema*"
                ],
                "conditionKeys": "",
                "dependentActions": [
                    ""
                ]
            },
            {
                "name": "GetDirectory",
                "description": "Grants permission to retrieve metadata about a directory",
                "access level": "Read",
                "resource types": [
                    "directory*"
                ],
                "conditionKeys": "",
                "dependentActions": [
                    ""
                ]
            },
            {
                "name": "GetFacet",
                "description": "Grants permission to get details of the Facet, such as Facet Name, Attributes, Rules, or ObjectType",
                "access level": "Read",
                "resource types": [
                    "appliedSchema*"
                ],
                "conditionKeys": "",
                "dependentActions": [
                    ""
                ]
            },
            {
                "name": "GetLinkAttributes",
                "description": "Grants permission to retrieve attributes that are associated with a typed link",
                "access level": "Read",
                "resource types": [
                    "directory*"
                ],
                "conditionKeys": "",
                "dependentActions": [
                    ""
                ]
            },
            {
                "name": "GetObjectAttributes",
                "description": "Grants permission to retrieve attributes within a facet that are associated with an object",
                "access level": "Read",
                "resource types": [
                    "directory*"
                ],
                "conditionKeys": "",
                "dependentActions": [
                    ""
                ]
            },
            {
                "name": "GetObjectInformation",
                "description": "Grants permission to retrieve metadata about an object",
                "access level": "Read",
                "resource types": [
                    "directory*"
                ],
                "conditionKeys": "",
                "dependentActions": [
                    ""
                ]
            },
            {
                "name": "GetSchemaAsJson",
                "description": "Grants permission to retrieve a JSON representation of the schema",
                "access level": "Read",
                "resource types": [
                    "appliedSchema*"
                ],
                "conditionKeys": "",
                "dependentActions": [
                    ""
                ]
            },
            {
                "name": "GetTypedLinkFacetInformation",
                "description": "Grants permission to return identity attributes order information associated with a given typed link facet",
                "access level": "Read",
                "resource types": [
                    "appliedSchema*"
                ],
                "conditionKeys": "",
                "dependentActions": [
                    ""
                ]
            },
            {
                "name": "ListAppliedSchemaArns",
                "description": "Grants permission to list schemas applied to a directory",
                "access level": "List",
                "resource types": [
                    "directory*"
                ],
                "conditionKeys": "",
                "dependentActions": [
                    ""
                ]
            },
            {
                "name": "ListAttachedIndices",
                "description": "Grants permission to list indices attached to an object",
                "access level": "Read",
                "resource types": [
                    "directory*"
                ],
                "conditionKeys": "",
                "dependentActions": [
                    ""
                ]
            },
            {
                "name": "ListDevelopmentSchemaArns",
                "description": "Grants permission to retrieve the ARNs of schemas in the development state",
                "access level": "List",
                "resource types": [
                    ""
                ],
                "conditionKeys": "",
                "dependentActions": [
                    ""
                ]
            },
            {
                "name": "ListDirectories",
                "description": "Grants permission to list directories created within an account",
                "access level": "List",
                "resource types": [
                    ""
                ],
                "conditionKeys": "",
                "dependentActions": [
                    ""
                ]
            },
            {
                "name": "ListFacetAttributes",
                "description": "Grants permission to retrieve attributes attached to the facet",
                "access level": "Read",
                "resource types": [
                    "appliedSchema*"
                ],
                "conditionKeys": "",
                "dependentActions": [
                    ""
                ]
            },
            {
                "name": "ListFacetNames",
                "description": "Grants permission to retrieve the names of facets that exist in a schema",
                "access level": "Read",
                "resource types": [
                    "appliedSchema*"
                ],
                "conditionKeys": "",
                "dependentActions": [
                    ""
                ]
            },
            {
                "name": "ListIncomingTypedLinks",
                "description": "Grants permission to return a paginated list of all incoming TypedLinks for a given object",
                "access level": "Read",
                "resource types": [
                    "directory*"
                ],
                "conditionKeys": "",
                "dependentActions": [
                    ""
                ]
            },
            {
                "name": "ListIndex",
                "description": "Grants permission to list objects attached to the specified index",
                "access level": "Read",
                "resource types": [
                    "directory*"
                ],
                "conditionKeys": "",
                "dependentActions": [
                    ""
                ]
            },
            {
                "name": "ListManagedSchemaArns",
                "description": "Grants permission to list the major version families of each managed schema. If a major version ARN is provided as SchemaArn, the minor version revisions in that family are listed instead",
                "access level": "List",
                "resource types": [
                    ""
                ],
                "conditionKeys": "",
                "dependentActions": [
                    ""
                ]
            },
            {
                "name": "ListObjectAttributes",
                "description": "Grants permission to list all attributes associated with an object",
                "access level": "Read",
                "resource types": [
                    "directory*"
                ],
                "conditionKeys": "",
                "dependentActions": [
                    ""
                ]
            },
            {
                "name": "ListObjectChildren",
                "description": "Grants permission to return a paginated list of child objects associated with a given object",
                "access level": "Read",
                "resource types": [
                    "directory*"
                ],
                "conditionKeys": "",
                "dependentActions": [
                    ""
                ]
            },
            {
                "name": "ListObjectParentPaths",
                "description": "Grants permission to retrieve all available parent paths for any object type such as node, leaf node, policy node, and index node objects",
                "access level": "Read",
                "resource types": [
                    "directory*"
                ],
                "conditionKeys": "",
                "dependentActions": [
                    ""
                ]
            },
            {
                "name": "ListObjectParents",
                "description": "Grants permission to list parent objects associated with a given object in pagination fashion",
                "access level": "Read",
                "resource types": [
                    "directory*"
                ],
                "conditionKeys": "",
                "dependentActions": [
                    ""
                ]
            },
            {
                "name": "ListObjectPolicies",
                "description": "Grants permission to return policies attached to an object in pagination fashion",
                "access level": "Read",
                "resource types": [
                    "directory*"
                ],
                "conditionKeys": "",
                "dependentActions": [
                    ""
                ]
            },
            {
                "name": "ListOutgoingTypedLinks",
                "description": "Grants permission to return a paginated list of all outgoing TypedLinks for a given object",
                "access level": "Read",
                "resource types": [
                    "directory*"
                ],
                "conditionKeys": "",
                "dependentActions": [
                    ""
                ]
            },
            {
                "name": "ListPolicyAttachments",
                "description": "Grants permission to return all of the ObjectIdentifiers to which a given policy is attached",
                "access level": "Read",
                "resource types": [
                    "directory*"
                ],
                "conditionKeys": "",
                "dependentActions": [
                    ""
                ]
            },
            {
                "name": "ListPublishedSchemaArns",
                "description": "Grants permission to retrieve published schema ARNs",
                "access level": "List",
                "resource types": [
                    ""
                ],
                "conditionKeys": "",
                "dependentActions": [
                    ""
                ]
            },
            {
                "name": "ListTagsForResource",
                "description": "Grants permission to return tags for a resource",
                "access level": "Read",
                "resource types": [
                    "directory*"
                ],
                "conditionKeys": "",
                "dependentActions": [
                    ""
                ]
            },
            {
                "name": "ListTypedLinkFacetAttributes",
                "description": "Grants permission to return a paginated list of attributes associated with typed link facet",
                "access level": "Read",
                "resource types": [
                    "appliedSchema*"
                ],
                "conditionKeys": "",
                "dependentActions": [
                    ""
                ]
            },
            {
                "name": "ListTypedLinkFacetNames",
                "description": "Grants permission to return a paginated list of typed link facet names that exist in a schema",
                "access level": "Read",
                "resource types": [
                    "appliedSchema*"
                ],
                "conditionKeys": "",
                "dependentActions": [
                    ""
                ]
            },
            {
                "name": "LookupPolicy",
                "description": "Grants permission to list all policies from the root of the Directory to the object specified",
                "access level": "Read",
                "resource types": [
                    "directory*"
                ],
                "conditionKeys": "",
                "dependentActions": [
                    ""
                ]
            },
            {
                "name": "PublishSchema",
                "description": "Grants permission to publish a development schema with a version",
                "access level": "Write",
                "resource types": [
                    "developmentSchema*"
                ],
                "conditionKeys": "",
                "dependentActions": [
                    ""
                ]
            },
            {
                "name": "PutSchemaFromJson",
                "description": "Grants permission to update a schema using JSON upload. Only available for development schemas",
                "access level": "Write",
                "resource types": [
                    ""
                ],
                "conditionKeys": "",
                "dependentActions": [
                    ""
                ]
            },
            {
                "name": "RemoveFacetFromObject",
                "description": "Grants permission to remove the specified facet from the specified object",
                "access level": "Write",
                "resource types": [
                    "directory*"
                ],
                "conditionKeys": "",
                "dependentActions": [
                    ""
                ]
            },
            {
                "name": "TagResource",
                "description": "Grants permission to add tags to a resource",
                "access level": "Tagging",
                "resource types": [
                    "directory*"
                ],
                "conditionKeys": "",
                "dependentActions": [
                    ""
                ]
            },
            {
                "name": "UntagResource",
                "description": "Grants permission to remove tags from a resource",
                "access level": "Tagging",
                "resource types": [
                    "directory*"
                ],
                "conditionKeys": "",
                "dependentActions": [
                    ""
                ]
            },
            {
                "name": "UpdateFacet",
                "description": "Grants permission to add/update/delete existing Attributes, Rules, or ObjectType of a Facet",
                "access level": "Write",
                "resource types": [
                    "appliedSchema*"
                ],
                "conditionKeys": "",
                "dependentActions": [
                    ""
                ]
            },
            {
                "name": "UpdateLinkAttributes",
                "description": "Grants permission to update a given typed link\u2019s attributes. Attributes to be updated must not contribute to the typed link\u2019s identity, as defined by its IdentityAttributeOrder",
                "access level": "Write",
                "resource types": [
                    "directory*"
                ],
                "conditionKeys": "",
                "dependentActions": [
                    ""
                ]
            },
            {
                "name": "UpdateObjectAttributes",
                "description": "Grants permission to update a given object's attributes",
                "access level": "Write",
                "resource types": [
                    "directory*"
                ],
                "conditionKeys": "",
                "dependentActions": [
                    ""
                ]
            },
            {
                "name": "UpdateSchema",
                "description": "Grants permission to update the schema name with a new name",
                "access level": "Write",
                "resource types": [
                    "developmentSchema*"
                ],
                "conditionKeys": "",
                "dependentActions": [
                    ""
                ]
            },
            {
                "name": "UpdateTypedLinkFacet",
                "description": "Grants permission to add/update/delete existing Attributes, Rules, identity attribute order of a TypedLink Facet",
                "access level": "Write",
                "resource types": [
                    "developmentSchema*"
                ],
                "conditionKeys": "",
                "dependentActions": [
                    ""
                ]
            },
            {
                "name": "UpgradeAppliedSchema",
                "description": "Grants permission to upgrade a single directory in-place using the PublishedSchemaArn with schema updates found in MinorVersion. Backwards-compatible minor version upgrades are instantaneously available for readers on all objects in the directory",
                "access level": "Write",
                "resource types": [
                    "directory*"
                ],
                "conditionKeys": "",
                "dependentActions": [
                    ""
                ]
            },
            {
                "name": "UpgradePublishedSchema",
                "description": "Grants permission to upgrade a published schema under a new minor version revision using the current contents of DevelopmentSchemaArn",
                "access level": "Write",
                "resource types": [
                    "developmentSchema*"
                ],
                "conditionKeys": "",
                "dependentActions": [
                    ""
                ]
            }
        ]
    },
    {
        "resources": [
            {
                "resource_type": "appliedSchema",
                "ARN": "arn:${Partition}:clouddirectory:${Region}:${Account}:directory/${DirectoryId}/schema/${SchemaName}/${Version}",
                "conditionKeys": ""
            },
            {
                "resource_type": "developmentSchema",
                "ARN": "arn:${Partition}:clouddirectory:${Region}:${Account}:schema/development/${SchemaName}",
                "conditionKeys": ""
            },
            {
                "resource_type": "directory",
                "ARN": "arn:${Partition}:clouddirectory:${Region}:${Account}:directory/${DirectoryId}",
                "conditionKeys": ""
            },
            {
                "resource_type": "publishedSchema",
                "ARN": "arn:${Partition}:clouddirectory:${Region}:${Account}:schema/published/${SchemaName}/${Version}",
                "conditionKeys": ""
            }
        ]
    }
]