[
    {
        "prefix_item": "cloudtrail-data"
    },
    {
        "link": "https://docs.aws.amazon.com/service-authorization/latest/reference/./list_awscloudtraildata.html"
    },
    {
        "actions": [
            {
                "name": "PutAuditEvents",
                "description": "Grants permission to ingest your application events into CloudTrail Lake",
                "access level": "Write",
                "resource types": [
                    "channel*"
                ],
                "conditionKeys": "",
                "dependentActions": [
                    ""
                ]
            }
        ]
    },
    {
        "resources": [
            {
                "resource_type": "channel",
                "ARN": "arn:${Partition}:cloudtrail:${Region}:${Account}:channel/${ChannelId}",
                "conditionKeys": "aws:ResourceTag/${TagKey}"
            }
        ]
    },
    {
        "conditions": [
            {
                "Condition keys": "aws:RequestTag/${TagKey}",
                "Description": "Filters access by a tag's key and value in a request",
                "Type": "String"
            },
            {
                "Condition keys": "aws:ResourceTag/${TagKey}",
                "Description": "Filters actions based on the presence of tag key-value pairs in the request",
                "Type": "String"
            },
            {
                "Condition keys": "aws:TagKeys",
                "Description": "Filters access by the tag keys in a request",
                "Type": "ArrayOfString"
            }
        ]
    }
]