[
    {
        "prefix_item": "cloudtrail"
    },
    {
        "link": "https://docs.aws.amazon.com/service-authorization/latest/reference/./list_awscloudtrail.html"
    },
    {
        "actions": [
            {
                "name": "AddTags",
                "description": "Grants permission to add one or more tags to a trail, event data store, or channel, up to a limit of 50",
                "access level": "Tagging",
                "resource types": [
                    "channel"
                ],
                "conditionKeys": "",
                "dependentActions": [
                    ""
                ]
            },
            {
                "name": "CancelQuery",
                "description": "Grants permission to cancel a running query",
                "access level": "Write",
                "resource types": [
                    "eventdatastore*"
                ],
                "conditionKeys": "",
                "dependentActions": [
                    ""
                ]
            },
            {
                "name": "CreateChannel",
                "description": "Grants permission to create a channel",
                "access level": "Write",
                "resource types": [
                    "channel*"
                ],
                "conditionKeys": "",
                "dependentActions": [
                    "cloudtrail:AddTags"
                ]
            },
            {
                "name": "CreateEventDataStore",
                "description": "Grants permission to create an event data store",
                "access level": "Write",
                "resource types": [
                    "eventdatastore*"
                ],
                "conditionKeys": "",
                "dependentActions": [
                    "cloudtrail:AddTags\n                            \n\n                                iam:CreateServiceLinkedRole\n                            \n\n                                iam:GetRole\n                            \n\n                                kms:Decrypt\n                            \n\n                                kms:GenerateDataKey\n                            \n\n                                organizations:ListAWSServiceAccessForOrganization"
                ]
            },
            {
                "name": "CreateServiceLinkedChannel [permission only]",
                "description": "Grants permission to create a service-linked channel that specifies the settings for delivery of log data to an AWS service",
                "access level": "Write",
                "resource types": [
                    "channel*"
                ],
                "conditionKeys": "",
                "dependentActions": [
                    ""
                ]
            },
            {
                "name": "CreateTrail",
                "description": "Grants permission to create a trail that specifies the settings for delivery of log data to an Amazon S3 bucket",
                "access level": "Write",
                "resource types": [
                    "trail*"
                ],
                "conditionKeys": "",
                "dependentActions": [
                    "cloudtrail:AddTags\n                            \n\n                                iam:CreateServiceLinkedRole\n                            \n\n                                iam:GetRole\n                            \n\n                                organizations:ListAWSServiceAccessForOrganization"
                ]
            },
            {
                "name": "DeleteChannel",
                "description": "Grants permission to delete a channel",
                "access level": "Write",
                "resource types": [
                    "channel*"
                ],
                "conditionKeys": "",
                "dependentActions": [
                    ""
                ]
            },
            {
                "name": "DeleteEventDataStore",
                "description": "Grants permission to delete an event data store",
                "access level": "Write",
                "resource types": [
                    "eventdatastore*"
                ],
                "conditionKeys": "",
                "dependentActions": [
                    ""
                ]
            },
            {
                "name": "DeleteResourcePolicy",
                "description": "Grants permission to delete a resource policy from the provided resource",
                "access level": "Write",
                "resource types": [
                    "channel*"
                ],
                "conditionKeys": "",
                "dependentActions": [
                    ""
                ]
            },
            {
                "name": "DeleteServiceLinkedChannel [permission only]",
                "description": "Grants permission to delete a service-linked channel",
                "access level": "Write",
                "resource types": [
                    "channel*"
                ],
                "conditionKeys": "",
                "dependentActions": [
                    ""
                ]
            },
            {
                "name": "DeleteTrail",
                "description": "Grants permission to delete a trail",
                "access level": "Write",
                "resource types": [
                    "trail*"
                ],
                "conditionKeys": "",
                "dependentActions": [
                    ""
                ]
            },
            {
                "name": "DeregisterOrganizationDelegatedAdmin",
                "description": "Grants permission to deregister an AWS Organizations member account as a delegated administrator",
                "access level": "Write",
                "resource types": [
                    ""
                ],
                "conditionKeys": "",
                "dependentActions": [
                    "organizations:DeregisterDelegatedAdministrator\n                            \n\n                                organizations:ListAWSServiceAccessForOrganization"
                ]
            },
            {
                "name": "DescribeQuery",
                "description": "Grants permission to list details for the query",
                "access level": "Read",
                "resource types": [
                    "eventdatastore*"
                ],
                "conditionKeys": "",
                "dependentActions": [
                    ""
                ]
            },
            {
                "name": "DescribeTrails",
                "description": "Grants permission to list settings for the trails associated with the current region for your account",
                "access level": "Read",
                "resource types": [
                    ""
                ],
                "conditionKeys": "",
                "dependentActions": [
                    ""
                ]
            },
            {
                "name": "GetChannel",
                "description": "Grants permission to return information about a specific channel",
                "access level": "Read",
                "resource types": [
                    "channel*"
                ],
                "conditionKeys": "",
                "dependentActions": [
                    ""
                ]
            },
            {
                "name": "GetEventDataStore",
                "description": "Grants permission to list settings for the event data store",
                "access level": "Read",
                "resource types": [
                    "eventdatastore*"
                ],
                "conditionKeys": "",
                "dependentActions": [
                    ""
                ]
            },
            {
                "name": "GetEventSelectors",
                "description": "Grants permission to list settings for event selectors configured for a trail",
                "access level": "Read",
                "resource types": [
                    "trail*"
                ],
                "conditionKeys": "",
                "dependentActions": [
                    ""
                ]
            },
            {
                "name": "GetImport",
                "description": "Grants permission to return information about a specific import",
                "access level": "Read",
                "resource types": [
                    ""
                ],
                "conditionKeys": "",
                "dependentActions": [
                    ""
                ]
            },
            {
                "name": "GetInsightSelectors",
                "description": "Grants permission to list CloudTrail Insights selectors that are configured for a trail",
                "access level": "Read",
                "resource types": [
                    "trail*"
                ],
                "conditionKeys": "",
                "dependentActions": [
                    ""
                ]
            },
            {
                "name": "GetQueryResults",
                "description": "Grants permission to fetch results of a complete query",
                "access level": "Read",
                "resource types": [
                    "eventdatastore*"
                ],
                "conditionKeys": "",
                "dependentActions": [
                    "kms:Decrypt\n                            \n\n                                kms:GenerateDataKey"
                ]
            },
            {
                "name": "GetResourcePolicy",
                "description": "Grants permission to get the resource policy attached to the provided resource",
                "access level": "Read",
                "resource types": [
                    "channel*"
                ],
                "conditionKeys": "",
                "dependentActions": [
                    ""
                ]
            },
            {
                "name": "GetServiceLinkedChannel [permission only]",
                "description": "Grants permission to list settings for the service-linked channel",
                "access level": "Read",
                "resource types": [
                    "channel*"
                ],
                "conditionKeys": "",
                "dependentActions": [
                    ""
                ]
            },
            {
                "name": "GetTrail",
                "description": "Grants permission to list settings for the trail",
                "access level": "Read",
                "resource types": [
                    "trail*"
                ],
                "conditionKeys": "",
                "dependentActions": [
                    ""
                ]
            },
            {
                "name": "GetTrailStatus",
                "description": "Grants permission to retrieve a JSON-formatted list of information about the specified trail",
                "access level": "Read",
                "resource types": [
                    "trail*"
                ],
                "conditionKeys": "",
                "dependentActions": [
                    ""
                ]
            },
            {
                "name": "ListChannels",
                "description": "Grants permission to list the channels in the current account, and their source names",
                "access level": "List",
                "resource types": [
                    ""
                ],
                "conditionKeys": "",
                "dependentActions": [
                    ""
                ]
            },
            {
                "name": "ListEventDataStores",
                "description": "Grants permission to list event data stores associated with the current region for your account",
                "access level": "List",
                "resource types": [
                    ""
                ],
                "conditionKeys": "",
                "dependentActions": [
                    ""
                ]
            },
            {
                "name": "ListImportFailures",
                "description": "Grants permission to return a list of failures for the specified import",
                "access level": "Read",
                "resource types": [
                    ""
                ],
                "conditionKeys": "",
                "dependentActions": [
                    ""
                ]
            },
            {
                "name": "ListImports",
                "description": "Grants permission to return information on all imports, or a select set of imports by ImportStatus or Destination",
                "access level": "List",
                "resource types": [
                    ""
                ],
                "conditionKeys": "",
                "dependentActions": [
                    ""
                ]
            },
            {
                "name": "ListPublicKeys",
                "description": "Grants permission to list the public keys whose private keys were used to sign trail digest files within a specified time range",
                "access level": "Read",
                "resource types": [
                    ""
                ],
                "conditionKeys": "",
                "dependentActions": [
                    ""
                ]
            },
            {
                "name": "ListQueries",
                "description": "Grants permission to list queries associated with an event data store",
                "access level": "List",
                "resource types": [
                    "eventdatastore*"
                ],
                "conditionKeys": "",
                "dependentActions": [
                    ""
                ]
            },
            {
                "name": "ListServiceLinkedChannels [permission only]",
                "description": "Grants permission to list service-linked channels associated with the current region for a specified account",
                "access level": "List",
                "resource types": [
                    ""
                ],
                "conditionKeys": "",
                "dependentActions": [
                    ""
                ]
            },
            {
                "name": "ListTags",
                "description": "Grants permission to list the tags for trails, event data stores, or channels in the current region",
                "access level": "Read",
                "resource types": [
                    "channel"
                ],
                "conditionKeys": "",
                "dependentActions": [
                    ""
                ]
            },
            {
                "name": "ListTrails",
                "description": "Grants permission to list trails associated with the current region for your account",
                "access level": "List",
                "resource types": [
                    ""
                ],
                "conditionKeys": "",
                "dependentActions": [
                    ""
                ]
            },
            {
                "name": "LookupEvents",
                "description": "Grants permission to look up API activity events captured by CloudTrail that create, update, or delete resources in your account",
                "access level": "Read",
                "resource types": [
                    ""
                ],
                "conditionKeys": "",
                "dependentActions": [
                    ""
                ]
            },
            {
                "name": "PutEventSelectors",
                "description": "Grants permission to create and update event selectors for a trail",
                "access level": "Write",
                "resource types": [
                    "trail*"
                ],
                "conditionKeys": "",
                "dependentActions": [
                    ""
                ]
            },
            {
                "name": "PutInsightSelectors",
                "description": "Grants permission to create and update CloudTrail Insights selectors for a trail",
                "access level": "Write",
                "resource types": [
                    "trail*"
                ],
                "conditionKeys": "",
                "dependentActions": [
                    ""
                ]
            },
            {
                "name": "PutResourcePolicy",
                "description": "Grants permission to attach a resource policy to the provided resource",
                "access level": "Write",
                "resource types": [
                    "channel*"
                ],
                "conditionKeys": "",
                "dependentActions": [
                    ""
                ]
            },
            {
                "name": "RegisterOrganizationDelegatedAdmin",
                "description": "Grants permission to register an AWS Organizations member account as a delegated administrator",
                "access level": "Write",
                "resource types": [
                    ""
                ],
                "conditionKeys": "",
                "dependentActions": [
                    "iam:CreateServiceLinkedRole\n                            \n\n                                iam:GetRole\n                            \n\n                                organizations:ListAWSServiceAccessForOrganization\n                            \n\n                                organizations:RegisterDelegatedAdministrator"
                ]
            },
            {
                "name": "RemoveTags",
                "description": "Grants permission to remove tags from a trail, event data store, or channel",
                "access level": "Tagging",
                "resource types": [
                    "channel"
                ],
                "conditionKeys": "",
                "dependentActions": [
                    ""
                ]
            },
            {
                "name": "RestoreEventDataStore",
                "description": "Grants permission to restore an event data store",
                "access level": "Write",
                "resource types": [
                    "eventdatastore*"
                ],
                "conditionKeys": "",
                "dependentActions": [
                    ""
                ]
            },
            {
                "name": "StartEventDataStoreIngestion",
                "description": "Grants permission to start ingestion on an event data store",
                "access level": "Write",
                "resource types": [
                    "eventdatastore*"
                ],
                "conditionKeys": "",
                "dependentActions": [
                    ""
                ]
            },
            {
                "name": "StartImport",
                "description": "Grants permission to start an import of logged trail events from a source S3 bucket to a destination event data store",
                "access level": "Write",
                "resource types": [
                    ""
                ],
                "conditionKeys": "",
                "dependentActions": [
                    ""
                ]
            },
            {
                "name": "StartLogging",
                "description": "Grants permission to start the recording of AWS API calls and log file delivery for a trail",
                "access level": "Write",
                "resource types": [
                    "trail*"
                ],
                "conditionKeys": "",
                "dependentActions": [
                    ""
                ]
            },
            {
                "name": "StartQuery",
                "description": "Grants permission to start a new query on a specified event data store",
                "access level": "Write",
                "resource types": [
                    "eventdatastore*"
                ],
                "conditionKeys": "",
                "dependentActions": [
                    "kms:Decrypt\n                            \n\n                                kms:GenerateDataKey"
                ]
            },
            {
                "name": "StopEventDataStoreIngestion",
                "description": "Grants permission to stop ingestion on an event data store",
                "access level": "Write",
                "resource types": [
                    "eventdatastore*"
                ],
                "conditionKeys": "",
                "dependentActions": [
                    ""
                ]
            },
            {
                "name": "StopImport",
                "description": "Grants permission to stop a specified import",
                "access level": "Write",
                "resource types": [
                    ""
                ],
                "conditionKeys": "",
                "dependentActions": [
                    ""
                ]
            },
            {
                "name": "StopLogging",
                "description": "Grants permission to stop the recording of AWS API calls and log file delivery for a trail",
                "access level": "Write",
                "resource types": [
                    "trail*"
                ],
                "conditionKeys": "",
                "dependentActions": [
                    ""
                ]
            },
            {
                "name": "UpdateChannel",
                "description": "Grants permission to update a channel",
                "access level": "Write",
                "resource types": [
                    "channel*"
                ],
                "conditionKeys": "",
                "dependentActions": [
                    ""
                ]
            },
            {
                "name": "UpdateEventDataStore",
                "description": "Grants permission to update an event data store",
                "access level": "Write",
                "resource types": [
                    "eventdatastore*"
                ],
                "conditionKeys": "",
                "dependentActions": [
                    "iam:CreateServiceLinkedRole\n                            \n\n                                iam:GetRole\n                            \n\n                                kms:Decrypt\n                            \n\n                                kms:GenerateDataKey\n                            \n\n                                organizations:ListAWSServiceAccessForOrganization"
                ]
            },
            {
                "name": "UpdateServiceLinkedChannel [permission only]",
                "description": "Grants permission to update the settings that specify delivery of log files",
                "access level": "Write",
                "resource types": [
                    "channel*"
                ],
                "conditionKeys": "",
                "dependentActions": [
                    ""
                ]
            },
            {
                "name": "UpdateTrail",
                "description": "Grants permission to update the settings that specify delivery of log files",
                "access level": "Write",
                "resource types": [
                    "trail*"
                ],
                "conditionKeys": "",
                "dependentActions": [
                    "iam:CreateServiceLinkedRole\n                            \n\n                                iam:GetRole\n                            \n\n                                organizations:ListAWSServiceAccessForOrganization"
                ]
            }
        ]
    },
    {
        "resources": [
            {
                "resource_type": "trail",
                "ARN": "arn:${Partition}:cloudtrail:${Region}:${Account}:trail/${TrailName}",
                "conditionKeys": ""
            },
            {
                "resource_type": "eventdatastore",
                "ARN": "arn:${Partition}:cloudtrail:${Region}:${Account}:eventdatastore/${EventDataStoreId}",
                "conditionKeys": "aws:ResourceTag/${TagKey}"
            },
            {
                "resource_type": "channel",
                "ARN": "arn:${Partition}:cloudtrail:${Region}:${Account}:channel/${ChannelId}",
                "conditionKeys": "aws:ResourceTag/${TagKey}"
            }
        ]
    },
    {
        "conditions": [
            {
                "Condition keys": "aws:RequestTag/${TagKey}",
                "Description": "Filters access by a tag's key and value in a request",
                "Type": "String"
            },
            {
                "Condition keys": "aws:ResourceTag/${TagKey}",
                "Description": "Filters actions based on the presence of tag key-value pairs in the request",
                "Type": "String"
            },
            {
                "Condition keys": "aws:TagKeys",
                "Description": "Filters access by the tag keys in a request",
                "Type": "ArrayOfString"
            }
        ]
    }
]