[
    {
        "prefix_item": "codedeploy"
    },
    {
        "link": "https://docs.aws.amazon.com/service-authorization/latest/reference/./list_awscodedeploy.html"
    },
    {
        "actions": [
            {
                "name": "AddTagsToOnPremisesInstances",
                "description": "Grants permission to add tags to one or more on-premises instances",
                "access level": "Tagging",
                "resource types": [
                    "instance*"
                ],
                "conditionKeys": "",
                "dependentActions": [
                    ""
                ]
            },
            {
                "name": "BatchGetApplicationRevisions",
                "description": "Grants permission to get information about one or more application revisions",
                "access level": "Read",
                "resource types": [
                    "application*"
                ],
                "conditionKeys": "",
                "dependentActions": [
                    ""
                ]
            },
            {
                "name": "BatchGetApplications",
                "description": "Grants permission to get information about multiple applications associated with the IAM user",
                "access level": "Read",
                "resource types": [
                    "application*"
                ],
                "conditionKeys": "",
                "dependentActions": [
                    ""
                ]
            },
            {
                "name": "BatchGetDeploymentGroups",
                "description": "Grants permission to get information about one or more deployment groups",
                "access level": "Read",
                "resource types": [
                    "deploymentgroup*"
                ],
                "conditionKeys": "",
                "dependentActions": [
                    ""
                ]
            },
            {
                "name": "BatchGetDeploymentInstances",
                "description": "Grants permission to get information about one or more instance that are part of a deployment group",
                "access level": "Read",
                "resource types": [
                    "deploymentgroup*"
                ],
                "conditionKeys": "",
                "dependentActions": [
                    ""
                ]
            },
            {
                "name": "BatchGetDeploymentTargets",
                "description": "Grants permission to return an array of one or more targets associated with a deployment. This method works with all compute types and should be used instead of the deprecated BatchGetDeploymentInstances. The maximum number of targets that can be returned is 25",
                "access level": "Read",
                "resource types": [
                    ""
                ],
                "conditionKeys": "",
                "dependentActions": [
                    ""
                ]
            },
            {
                "name": "BatchGetDeployments",
                "description": "Grants permission to get information about multiple deployments associated with the IAM user",
                "access level": "Read",
                "resource types": [
                    "deploymentgroup*"
                ],
                "conditionKeys": "",
                "dependentActions": [
                    ""
                ]
            },
            {
                "name": "BatchGetOnPremisesInstances",
                "description": "Grants permission to get information about one or more on-premises instances",
                "access level": "Read",
                "resource types": [
                    "instance*"
                ],
                "conditionKeys": "",
                "dependentActions": [
                    ""
                ]
            },
            {
                "name": "ContinueDeployment",
                "description": "Grants permission to start the process of rerouting traffic from instances in the original environment to instances in thereplacement environment without waiting for a specified wait time to elapse",
                "access level": "Write",
                "resource types": [
                    ""
                ],
                "conditionKeys": "",
                "dependentActions": [
                    ""
                ]
            },
            {
                "name": "CreateApplication",
                "description": "Grants permission to create an application associated with the IAM user",
                "access level": "Write",
                "resource types": [
                    "application*"
                ],
                "conditionKeys": "",
                "dependentActions": [
                    ""
                ]
            },
            {
                "name": "CreateCloudFormationDeployment [permission only]",
                "description": "Grants permission to create CloudFormation deployment to cooperate ochestration for a CloudFormation stack update",
                "access level": "Write",
                "resource types": [
                    ""
                ],
                "conditionKeys": "",
                "dependentActions": [
                    ""
                ]
            },
            {
                "name": "CreateDeployment",
                "description": "Grants permission to create a deployment for an application associated with the IAM user",
                "access level": "Write",
                "resource types": [
                    "deploymentgroup*"
                ],
                "conditionKeys": "",
                "dependentActions": [
                    ""
                ]
            },
            {
                "name": "CreateDeploymentConfig",
                "description": "Grants permission to create a custom deployment configuration associated with the IAM user",
                "access level": "Write",
                "resource types": [
                    "deploymentconfig*"
                ],
                "conditionKeys": "",
                "dependentActions": [
                    ""
                ]
            },
            {
                "name": "CreateDeploymentGroup",
                "description": "Grants permission to create a deployment group for an application associated with the IAM user",
                "access level": "Write",
                "resource types": [
                    "deploymentgroup*"
                ],
                "conditionKeys": "",
                "dependentActions": [
                    ""
                ]
            },
            {
                "name": "DeleteApplication",
                "description": "Grants permission to delete an application associated with the IAM user",
                "access level": "Write",
                "resource types": [
                    "application*"
                ],
                "conditionKeys": "",
                "dependentActions": [
                    ""
                ]
            },
            {
                "name": "DeleteDeploymentConfig",
                "description": "Grants permission to delete a custom deployment configuration associated with the IAM user",
                "access level": "Write",
                "resource types": [
                    "deploymentconfig*"
                ],
                "conditionKeys": "",
                "dependentActions": [
                    ""
                ]
            },
            {
                "name": "DeleteDeploymentGroup",
                "description": "Grants permission to delete a deployment group for an application associated with the IAM user",
                "access level": "Write",
                "resource types": [
                    "deploymentgroup*"
                ],
                "conditionKeys": "",
                "dependentActions": [
                    ""
                ]
            },
            {
                "name": "DeleteGitHubAccountToken",
                "description": "Grants permission to delete a GitHub account connection",
                "access level": "Write",
                "resource types": [
                    ""
                ],
                "conditionKeys": "",
                "dependentActions": [
                    ""
                ]
            },
            {
                "name": "DeleteResourcesByExternalId",
                "description": "Grants permission to delete resources associated with the given external Id",
                "access level": "Write",
                "resource types": [
                    ""
                ],
                "conditionKeys": "",
                "dependentActions": [
                    ""
                ]
            },
            {
                "name": "DeregisterOnPremisesInstance",
                "description": "Grants permission to deregister an on-premises instance",
                "access level": "Write",
                "resource types": [
                    "instance*"
                ],
                "conditionKeys": "",
                "dependentActions": [
                    ""
                ]
            },
            {
                "name": "GetApplication",
                "description": "Grants permission to get information about a single application associated with the IAM user",
                "access level": "List",
                "resource types": [
                    "application*"
                ],
                "conditionKeys": "",
                "dependentActions": [
                    ""
                ]
            },
            {
                "name": "GetApplicationRevision",
                "description": "Grants permission to get information about a single application revision for an application associated with the IAM user",
                "access level": "List",
                "resource types": [
                    "application*"
                ],
                "conditionKeys": "",
                "dependentActions": [
                    ""
                ]
            },
            {
                "name": "GetDeployment",
                "description": "Grants permission to get information about a single deployment to a deployment group for an application associated with the IAM user",
                "access level": "List",
                "resource types": [
                    "deploymentgroup*"
                ],
                "conditionKeys": "",
                "dependentActions": [
                    ""
                ]
            },
            {
                "name": "GetDeploymentConfig",
                "description": "Grants permission to get information about a single deployment configuration associated with the IAM user",
                "access level": "List",
                "resource types": [
                    "deploymentconfig*"
                ],
                "conditionKeys": "",
                "dependentActions": [
                    ""
                ]
            },
            {
                "name": "GetDeploymentGroup",
                "description": "Grants permission to get information about a single deployment group for an application associated with the IAM user",
                "access level": "List",
                "resource types": [
                    "deploymentgroup*"
                ],
                "conditionKeys": "",
                "dependentActions": [
                    ""
                ]
            },
            {
                "name": "GetDeploymentInstance",
                "description": "Grants permission to get information about a single instance in a deployment associated with the IAM user",
                "access level": "List",
                "resource types": [
                    "deploymentgroup*"
                ],
                "conditionKeys": "",
                "dependentActions": [
                    ""
                ]
            },
            {
                "name": "GetDeploymentTarget",
                "description": "Grants permission to return information about a deployment target",
                "access level": "Read",
                "resource types": [
                    ""
                ],
                "conditionKeys": "",
                "dependentActions": [
                    ""
                ]
            },
            {
                "name": "GetOnPremisesInstance",
                "description": "Grants permission to get information about a single on-premises instance",
                "access level": "List",
                "resource types": [
                    "instance*"
                ],
                "conditionKeys": "",
                "dependentActions": [
                    ""
                ]
            },
            {
                "name": "ListApplicationRevisions",
                "description": "Grants permission to get information about all application revisions for an application associated with the IAM user",
                "access level": "List",
                "resource types": [
                    "application*"
                ],
                "conditionKeys": "",
                "dependentActions": [
                    ""
                ]
            },
            {
                "name": "ListApplications",
                "description": "Grants permission to get information about all applications associated with the IAM user",
                "access level": "List",
                "resource types": [
                    ""
                ],
                "conditionKeys": "",
                "dependentActions": [
                    ""
                ]
            },
            {
                "name": "ListDeploymentConfigs",
                "description": "Grants permission to get information about all deployment configurations associated with the IAM user",
                "access level": "List",
                "resource types": [
                    ""
                ],
                "conditionKeys": "",
                "dependentActions": [
                    ""
                ]
            },
            {
                "name": "ListDeploymentGroups",
                "description": "Grants permission to get information about all deployment groups for an application associated with the IAM user",
                "access level": "List",
                "resource types": [
                    "application*"
                ],
                "conditionKeys": "",
                "dependentActions": [
                    ""
                ]
            },
            {
                "name": "ListDeploymentInstances",
                "description": "Grants permission to get information about all instances in a deployment associated with the IAM user",
                "access level": "List",
                "resource types": [
                    "deploymentgroup*"
                ],
                "conditionKeys": "",
                "dependentActions": [
                    ""
                ]
            },
            {
                "name": "ListDeploymentTargets",
                "description": "Grants permission to return an array of target IDs that are associated a deployment",
                "access level": "List",
                "resource types": [
                    ""
                ],
                "conditionKeys": "",
                "dependentActions": [
                    ""
                ]
            },
            {
                "name": "ListDeployments",
                "description": "Grants permission to get information about all deployments to a deployment group associated with the IAM user, or to get all deployments associated with the IAM user",
                "access level": "List",
                "resource types": [
                    "deploymentgroup*"
                ],
                "conditionKeys": "",
                "dependentActions": [
                    ""
                ]
            },
            {
                "name": "ListGitHubAccountTokenNames",
                "description": "Grants permission to list the names of stored connections to GitHub accounts",
                "access level": "List",
                "resource types": [
                    ""
                ],
                "conditionKeys": "",
                "dependentActions": [
                    ""
                ]
            },
            {
                "name": "ListOnPremisesInstances",
                "description": "Grants permission to get a list of one or more on-premises instance names",
                "access level": "List",
                "resource types": [
                    ""
                ],
                "conditionKeys": "",
                "dependentActions": [
                    ""
                ]
            },
            {
                "name": "ListTagsForResource",
                "description": "Grants permission to return a list of tags for the resource identified by a specified ARN. Tags are used to organize and categorize your CodeDeploy resources",
                "access level": "List",
                "resource types": [
                    "application"
                ],
                "conditionKeys": "",
                "dependentActions": [
                    ""
                ]
            },
            {
                "name": "PutLifecycleEventHookExecutionStatus",
                "description": "Grants permission to notify a lifecycle event hook execution status for associated deployment with the IAM user",
                "access level": "Write",
                "resource types": [
                    ""
                ],
                "conditionKeys": "",
                "dependentActions": [
                    ""
                ]
            },
            {
                "name": "RegisterApplicationRevision",
                "description": "Grants permission to register information about an application revision for an application associated with the IAM user",
                "access level": "Write",
                "resource types": [
                    "application*"
                ],
                "conditionKeys": "",
                "dependentActions": [
                    ""
                ]
            },
            {
                "name": "RegisterOnPremisesInstance",
                "description": "Grants permission to register an on-premises instance",
                "access level": "Write",
                "resource types": [
                    "instance*"
                ],
                "conditionKeys": "",
                "dependentActions": [
                    ""
                ]
            },
            {
                "name": "RemoveTagsFromOnPremisesInstances",
                "description": "Grants permission to remove tags from one or more on-premises instances",
                "access level": "Tagging",
                "resource types": [
                    "instance*"
                ],
                "conditionKeys": "",
                "dependentActions": [
                    ""
                ]
            },
            {
                "name": "SkipWaitTimeForInstanceTermination",
                "description": "Grants permission to override any specified wait time and starts terminating instances immediately after the traffic routing is complete. This action applies to blue-green deployments only",
                "access level": "Write",
                "resource types": [
                    ""
                ],
                "conditionKeys": "",
                "dependentActions": [
                    ""
                ]
            },
            {
                "name": "StopDeployment",
                "description": "Grants permission to stop a deployment",
                "access level": "Write",
                "resource types": [
                    ""
                ],
                "conditionKeys": "",
                "dependentActions": [
                    ""
                ]
            },
            {
                "name": "TagResource",
                "description": "Grants permission to associate the list of tags in the input Tags parameter with the resource identified by the ResourceArn input parameter",
                "access level": "Tagging",
                "resource types": [
                    "application"
                ],
                "conditionKeys": "",
                "dependentActions": [
                    ""
                ]
            },
            {
                "name": "UntagResource",
                "description": "Grants permission to disassociate a resource from a list of tags. The resource is identified by the ResourceArn input parameter. The tags are identfied by the list of keys in the TagKeys input parameter",
                "access level": "Tagging",
                "resource types": [
                    "application"
                ],
                "conditionKeys": "",
                "dependentActions": [
                    ""
                ]
            },
            {
                "name": "UpdateApplication",
                "description": "Grants permission to update an application",
                "access level": "Write",
                "resource types": [
                    "application*"
                ],
                "conditionKeys": "",
                "dependentActions": [
                    ""
                ]
            },
            {
                "name": "UpdateDeploymentGroup",
                "description": "Grants permission to change information about a single deployment group for an application associated with the IAM user",
                "access level": "Write",
                "resource types": [
                    "deploymentgroup*"
                ],
                "conditionKeys": "",
                "dependentActions": [
                    ""
                ]
            }
        ]
    },
    {
        "resources": [
            {
                "resource_type": "application",
                "ARN": "arn:${Partition}:codedeploy:${Region}:${Account}:application:${ApplicationName}",
                "conditionKeys": ""
            },
            {
                "resource_type": "deploymentconfig",
                "ARN": "arn:${Partition}:codedeploy:${Region}:${Account}:deploymentconfig:${DeploymentConfigurationName}",
                "conditionKeys": ""
            },
            {
                "resource_type": "deploymentgroup",
                "ARN": "arn:${Partition}:codedeploy:${Region}:${Account}:deploymentgroup:${ApplicationName}/${DeploymentGroupName}",
                "conditionKeys": ""
            },
            {
                "resource_type": "instance",
                "ARN": "arn:${Partition}:codedeploy:${Region}:${Account}:instance:${InstanceName}",
                "conditionKeys": ""
            }
        ]
    },
    {
        "conditions": [
            {
                "Condition keys": "aws:RequestTag/${TagKey}",
                "Description": "Filters actions based on the presence of tag key-value pairs in the request",
                "Type": "String"
            },
            {
                "Condition keys": "aws:ResourceTag/${TagKey}",
                "Description": "Filters actions based on tag key-value pairs attached to the resource",
                "Type": "String"
            },
            {
                "Condition keys": "aws:TagKeys",
                "Description": "Filters actions based on the presence of tag keys in the request",
                "Type": "ArrayOfString"
            }
        ]
    }
]