[
    {
        "prefix_item": "codestar"
    },
    {
        "link": "https://docs.aws.amazon.com/service-authorization/latest/reference/./list_awscodestar.html"
    },
    {
        "actions": [
            {
                "name": "AssociateTeamMember",
                "description": "Grants permission to add a user to the team for an AWS CodeStar project",
                "access level": "Permissions management",
                "resource types": [
                    "project*"
                ],
                "conditionKeys": "",
                "dependentActions": [
                    ""
                ]
            },
            {
                "name": "CreateProject",
                "description": "Grants permission to create a project with minimal structure, customer policies, and no resources",
                "access level": "Permissions management",
                "resource types": [
                    ""
                ],
                "conditionKeys": "aws:RequestTag/${TagKey}\n\n\naws:TagKeys",
                "dependentActions": [
                    ""
                ]
            },
            {
                "name": "CreateUserProfile",
                "description": "Grants permission to create a profile for a user that includes user preferences, display name, and email",
                "access level": "Write",
                "resource types": [
                    "user*"
                ],
                "conditionKeys": "",
                "dependentActions": [
                    ""
                ]
            },
            {
                "name": "DeleteExtendedAccess [permission only]",
                "description": "Grants permission to extended delete APIs",
                "access level": "Write",
                "resource types": [
                    "project*"
                ],
                "conditionKeys": "",
                "dependentActions": [
                    ""
                ]
            },
            {
                "name": "DeleteProject",
                "description": "Grants permission to delete a project, including project resources. Does not delete users associated with the project, but does delete the IAM roles that allowed access to the project",
                "access level": "Permissions management",
                "resource types": [
                    "project*"
                ],
                "conditionKeys": "",
                "dependentActions": [
                    ""
                ]
            },
            {
                "name": "DeleteUserProfile",
                "description": "Grants permission to delete a user profile in AWS CodeStar, including all personal preference data associated with that profile, such as display name and email address. It does not delete the history of that user, for example the history of commits made by that user",
                "access level": "Write",
                "resource types": [
                    "user*"
                ],
                "conditionKeys": "",
                "dependentActions": [
                    ""
                ]
            },
            {
                "name": "DescribeProject",
                "description": "Grants permission to describe a project and its resources",
                "access level": "Read",
                "resource types": [
                    "project*"
                ],
                "conditionKeys": "",
                "dependentActions": [
                    ""
                ]
            },
            {
                "name": "DescribeUserProfile",
                "description": "Grants permission to describe a user in AWS CodeStar and the user attributes across all projects",
                "access level": "Read",
                "resource types": [
                    ""
                ],
                "conditionKeys": "",
                "dependentActions": [
                    ""
                ]
            },
            {
                "name": "DisassociateTeamMember",
                "description": "Grants permission to remove a user from a project. Removing a user from a project also removes the IAM policies from that user that allowed access to the project and its resources",
                "access level": "Permissions management",
                "resource types": [
                    "project*"
                ],
                "conditionKeys": "",
                "dependentActions": [
                    ""
                ]
            },
            {
                "name": "GetExtendedAccess [permission only]",
                "description": "Grants permission to extended read APIs",
                "access level": "Read",
                "resource types": [
                    "project*"
                ],
                "conditionKeys": "",
                "dependentActions": [
                    ""
                ]
            },
            {
                "name": "ListProjects",
                "description": "Grants permission to list all projects in CodeStar associated with your AWS account",
                "access level": "List",
                "resource types": [
                    ""
                ],
                "conditionKeys": "",
                "dependentActions": [
                    ""
                ]
            },
            {
                "name": "ListResources",
                "description": "Grants permission to list all resources associated with a project in CodeStar",
                "access level": "List",
                "resource types": [
                    "project*"
                ],
                "conditionKeys": "",
                "dependentActions": [
                    ""
                ]
            },
            {
                "name": "ListTagsForProject",
                "description": "Grants permission to list the tags associated with a project in CodeStar",
                "access level": "List",
                "resource types": [
                    "project*"
                ],
                "conditionKeys": "",
                "dependentActions": [
                    ""
                ]
            },
            {
                "name": "ListTeamMembers",
                "description": "Grants permission to list all team members associated with a project",
                "access level": "List",
                "resource types": [
                    "project*"
                ],
                "conditionKeys": "",
                "dependentActions": [
                    ""
                ]
            },
            {
                "name": "ListUserProfiles",
                "description": "Grants permission to list user profiles in AWS CodeStar",
                "access level": "List",
                "resource types": [
                    ""
                ],
                "conditionKeys": "",
                "dependentActions": [
                    ""
                ]
            },
            {
                "name": "PutExtendedAccess [permission only]",
                "description": "Grants permission to extended write APIs",
                "access level": "Write",
                "resource types": [
                    "project*"
                ],
                "conditionKeys": "",
                "dependentActions": [
                    ""
                ]
            },
            {
                "name": "TagProject",
                "description": "Grants permission to add tags to a project in CodeStar",
                "access level": "Tagging",
                "resource types": [
                    "project*"
                ],
                "conditionKeys": "",
                "dependentActions": [
                    ""
                ]
            },
            {
                "name": "UntagProject",
                "description": "Grants permission to remove tags from a project in CodeStar",
                "access level": "Tagging",
                "resource types": [
                    "project*"
                ],
                "conditionKeys": "",
                "dependentActions": [
                    ""
                ]
            },
            {
                "name": "UpdateProject",
                "description": "Grants permission to update a project in CodeStar",
                "access level": "Write",
                "resource types": [
                    "project*"
                ],
                "conditionKeys": "",
                "dependentActions": [
                    ""
                ]
            },
            {
                "name": "UpdateTeamMember",
                "description": "Grants permission to update team member attributes within a CodeStar project",
                "access level": "Permissions management",
                "resource types": [
                    "project*"
                ],
                "conditionKeys": "",
                "dependentActions": [
                    ""
                ]
            },
            {
                "name": "UpdateUserProfile",
                "description": "Grants permission to update a profile for a user that includes user preferences, display name, and email",
                "access level": "Write",
                "resource types": [
                    "user*"
                ],
                "conditionKeys": "",
                "dependentActions": [
                    ""
                ]
            },
            {
                "name": "VerifyServiceRole",
                "description": "Grants permission to verify whether the AWS CodeStar service role exists in the customer's account",
                "access level": "List",
                "resource types": [
                    ""
                ],
                "conditionKeys": "",
                "dependentActions": [
                    ""
                ]
            }
        ]
    },
    {
        "resources": [
            {
                "resource_type": "project",
                "ARN": "arn:${Partition}:codestar:${Region}:${Account}:project/${ProjectId}",
                "conditionKeys": "aws:ResourceTag/${TagKey}"
            },
            {
                "resource_type": "user",
                "ARN": "arn:${Partition}:iam::${Account}:user/${AwsUserName}",
                "conditionKeys": "iam:ResourceTag/${TagKey}"
            }
        ]
    },
    {
        "conditions": [
            {
                "Condition keys": "aws:RequestTag/${TagKey}",
                "Description": "Filters access by requests based on the allowed set of values for each of the tags",
                "Type": "String"
            },
            {
                "Condition keys": "aws:ResourceTag/${TagKey}",
                "Description": "Filters access by actions based on tag-value associated with the resource",
                "Type": "String"
            },
            {
                "Condition keys": "aws:TagKeys",
                "Description": "Filters access by requests based on the presence of mandatory tags in the request",
                "Type": "ArrayOfString"
            },
            {
                "Condition keys": "iam:ResourceTag/${TagKey}",
                "Description": "Filters access by actions based on tag-value associated with the resource",
                "Type": "String"
            }
        ]
    }
]