[
    {
        "prefix_item": "codeguru-profiler"
    },
    {
        "link": "https://docs.aws.amazon.com/service-authorization/latest/reference/./list_amazoncodeguruprofiler.html"
    },
    {
        "actions": [
            {
                "name": "AddNotificationChannels",
                "description": "Grants permission to add up to 2 topic ARNs of existing AWS SNS topics to publish notifications",
                "access level": "Write",
                "resource types": [
                    "ProfilingGroup*"
                ],
                "conditionKeys": "",
                "dependentActions": [
                    ""
                ]
            },
            {
                "name": "BatchGetFrameMetricData",
                "description": "Grants permission to get the frame metric data for a Profiling Group",
                "access level": "List",
                "resource types": [
                    "ProfilingGroup*"
                ],
                "conditionKeys": "",
                "dependentActions": [
                    ""
                ]
            },
            {
                "name": "ConfigureAgent",
                "description": "Grants permission to register with the orchestration service and retrieve profiling configuration information, used by agents",
                "access level": "Write",
                "resource types": [
                    "ProfilingGroup*"
                ],
                "conditionKeys": "",
                "dependentActions": [
                    ""
                ]
            },
            {
                "name": "CreateProfilingGroup",
                "description": "Grants permission to create a profiling group",
                "access level": "Write",
                "resource types": [
                    ""
                ],
                "conditionKeys": "aws:TagKeys\n\n\naws:RequestTag/${TagKey}",
                "dependentActions": [
                    ""
                ]
            },
            {
                "name": "DeleteProfilingGroup",
                "description": "Grants permission to delete a profiling group",
                "access level": "Write",
                "resource types": [
                    "ProfilingGroup*"
                ],
                "conditionKeys": "",
                "dependentActions": [
                    ""
                ]
            },
            {
                "name": "DescribeProfilingGroup",
                "description": "Grants permission to describe a profiling group",
                "access level": "Read",
                "resource types": [
                    "ProfilingGroup*"
                ],
                "conditionKeys": "",
                "dependentActions": [
                    ""
                ]
            },
            {
                "name": "GetFindingsReportAccountSummary",
                "description": "Grants permission to get a summary of recent recommendations for each profiling group in the account",
                "access level": "Read",
                "resource types": [
                    ""
                ],
                "conditionKeys": "",
                "dependentActions": [
                    ""
                ]
            },
            {
                "name": "GetNotificationConfiguration",
                "description": "Grants permission to get the notification configuration",
                "access level": "Read",
                "resource types": [
                    "ProfilingGroup*"
                ],
                "conditionKeys": "",
                "dependentActions": [
                    ""
                ]
            },
            {
                "name": "GetPolicy",
                "description": "Grants permission to get the resource policy associated with the specified Profiling Group",
                "access level": "Read",
                "resource types": [
                    "ProfilingGroup*"
                ],
                "conditionKeys": "",
                "dependentActions": [
                    ""
                ]
            },
            {
                "name": "GetProfile",
                "description": "Grants permission to get aggregated profiles for a specific profiling group",
                "access level": "Read",
                "resource types": [
                    "ProfilingGroup*"
                ],
                "conditionKeys": "",
                "dependentActions": [
                    ""
                ]
            },
            {
                "name": "GetRecommendations",
                "description": "Grants permission to get recommendations",
                "access level": "Read",
                "resource types": [
                    "ProfilingGroup*"
                ],
                "conditionKeys": "",
                "dependentActions": [
                    ""
                ]
            },
            {
                "name": "ListFindingsReports",
                "description": "Grants permission to list the available recommendations reports for a specific profiling group",
                "access level": "List",
                "resource types": [
                    "ProfilingGroup*"
                ],
                "conditionKeys": "",
                "dependentActions": [
                    ""
                ]
            },
            {
                "name": "ListProfileTimes",
                "description": "Grants permission to list the start times of the available aggregated profiles for a specific profiling group",
                "access level": "List",
                "resource types": [
                    "ProfilingGroup*"
                ],
                "conditionKeys": "",
                "dependentActions": [
                    ""
                ]
            },
            {
                "name": "ListProfilingGroups",
                "description": "Grants permission to list profiling groups in the account",
                "access level": "List",
                "resource types": [
                    ""
                ],
                "conditionKeys": "",
                "dependentActions": [
                    ""
                ]
            },
            {
                "name": "ListTagsForResource",
                "description": "Grants permission to list tags for a Profiling Group",
                "access level": "List",
                "resource types": [
                    "ProfilingGroup*"
                ],
                "conditionKeys": "",
                "dependentActions": [
                    ""
                ]
            },
            {
                "name": "PostAgentProfile",
                "description": "Grants permission to submit a profile collected by an agent belonging to a specific profiling group for aggregation",
                "access level": "Write",
                "resource types": [
                    "ProfilingGroup*"
                ],
                "conditionKeys": "",
                "dependentActions": [
                    ""
                ]
            },
            {
                "name": "PutPermission",
                "description": "Grants permission to update the list of principals allowed for an action group in the resource policy associated with the specified Profiling Group",
                "access level": "Permissions management",
                "resource types": [
                    "ProfilingGroup*"
                ],
                "conditionKeys": "",
                "dependentActions": [
                    ""
                ]
            },
            {
                "name": "RemoveNotificationChannel",
                "description": "Grants permission to delete an already configured SNStopic arn from the notification configuration",
                "access level": "Write",
                "resource types": [
                    "ProfilingGroup*"
                ],
                "conditionKeys": "",
                "dependentActions": [
                    ""
                ]
            },
            {
                "name": "RemovePermission",
                "description": "Grants permission to remove the permission of specified Action Group from the resource policy associated with the specified Profiling Group",
                "access level": "Permissions management",
                "resource types": [
                    "ProfilingGroup*"
                ],
                "conditionKeys": "",
                "dependentActions": [
                    ""
                ]
            },
            {
                "name": "SubmitFeedback",
                "description": "Grants permission to submit user feedback for useful or non useful anomaly",
                "access level": "Write",
                "resource types": [
                    "ProfilingGroup*"
                ],
                "conditionKeys": "",
                "dependentActions": [
                    ""
                ]
            },
            {
                "name": "TagResource",
                "description": "Grants permission to add or overwrite tags to a Profiling Group",
                "access level": "Tagging",
                "resource types": [
                    "ProfilingGroup*"
                ],
                "conditionKeys": "",
                "dependentActions": [
                    ""
                ]
            },
            {
                "name": "UntagResource",
                "description": "Grants permission to remove tags from a Profiling Group",
                "access level": "Tagging",
                "resource types": [
                    "ProfilingGroup*"
                ],
                "conditionKeys": "",
                "dependentActions": [
                    ""
                ]
            },
            {
                "name": "UpdateProfilingGroup",
                "description": "Grants permission to update a specific profiling group",
                "access level": "Write",
                "resource types": [
                    "ProfilingGroup*"
                ],
                "conditionKeys": "",
                "dependentActions": [
                    ""
                ]
            }
        ]
    },
    {
        "resources": [
            {
                "resource_type": "ProfilingGroup",
                "ARN": "arn:${Partition}:codeguru-profiler:${Region}:${Account}:profilingGroup/${ProfilingGroupName}",
                "conditionKeys": "aws:ResourceTag/${TagKey}"
            }
        ]
    },
    {
        "conditions": [
            {
                "Condition keys": "aws:RequestTag/${TagKey}",
                "Description": "Filters access by the presence of tag key-value pairs in the request",
                "Type": "String"
            },
            {
                "Condition keys": "aws:ResourceTag/${TagKey}",
                "Description": "Filters access by tag key-value pairs attached to the resource",
                "Type": "String"
            },
            {
                "Condition keys": "aws:TagKeys",
                "Description": "Filters access by the presence of tag keys in the request",
                "Type": "ArrayOfString"
            }
        ]
    }
]