[
    {
        "prefix_item": "codeguru"
    },
    {
        "link": "https://docs.aws.amazon.com/service-authorization/latest/reference/./list_amazoncodeguru.html"
    },
    {
        "actions": [
            {
                "name": "GetCodeGuruFreeTrialSummary [permission only]",
                "description": "Grants permission to get free trial summary for the CodeGuru service which includes expiration date",
                "access level": "Read",
                "resource types": [
                    ""
                ],
                "conditionKeys": "",
                "dependentActions": [
                    ""
                ]
            }
        ]
    }
]