[
    {
        "prefix_item": "cognito-sync"
    },
    {
        "link": "https://docs.aws.amazon.com/service-authorization/latest/reference/./list_amazoncognitosync.html"
    },
    {
        "actions": [
            {
                "name": "BulkPublish",
                "description": "Grants permission to initiate a bulk publish of all existing datasets for an Identity Pool to the configured stream",
                "access level": "Write",
                "resource types": [
                    "identitypool*"
                ],
                "conditionKeys": "",
                "dependentActions": [
                    ""
                ]
            },
            {
                "name": "DeleteDataset",
                "description": "Grants permission to delete a specific dataset",
                "access level": "Write",
                "resource types": [
                    "dataset*"
                ],
                "conditionKeys": "",
                "dependentActions": [
                    ""
                ]
            },
            {
                "name": "DescribeDataset",
                "description": "Grants permission to get metadata about a dataset by identity and dataset name",
                "access level": "Read",
                "resource types": [
                    "dataset*"
                ],
                "conditionKeys": "",
                "dependentActions": [
                    ""
                ]
            },
            {
                "name": "DescribeIdentityPoolUsage",
                "description": "Grants permission to get usage details (for example, data storage) about a particular identity pool",
                "access level": "Read",
                "resource types": [
                    "identitypool*"
                ],
                "conditionKeys": "",
                "dependentActions": [
                    ""
                ]
            },
            {
                "name": "DescribeIdentityUsage",
                "description": "Grants permission to get usage information for an identity, including number of datasets and data usage",
                "access level": "Read",
                "resource types": [
                    "identity*"
                ],
                "conditionKeys": "",
                "dependentActions": [
                    ""
                ]
            },
            {
                "name": "GetBulkPublishDetails",
                "description": "Grants permission to get the status of the last BulkPublish operation for an identity pool",
                "access level": "Read",
                "resource types": [
                    "identitypool*"
                ],
                "conditionKeys": "",
                "dependentActions": [
                    ""
                ]
            },
            {
                "name": "GetCognitoEvents",
                "description": "Grants permission to get the events and the corresponding Lambda functions associated with an identity pool",
                "access level": "Read",
                "resource types": [
                    "identitypool*"
                ],
                "conditionKeys": "",
                "dependentActions": [
                    ""
                ]
            },
            {
                "name": "GetIdentityPoolConfiguration",
                "description": "Grants permission to get the configuration settings of an identity pool",
                "access level": "Read",
                "resource types": [
                    "identitypool*"
                ],
                "conditionKeys": "",
                "dependentActions": [
                    ""
                ]
            },
            {
                "name": "ListDatasets",
                "description": "Grants permission to list datasets for an identity",
                "access level": "List",
                "resource types": [
                    "dataset*"
                ],
                "conditionKeys": "",
                "dependentActions": [
                    ""
                ]
            },
            {
                "name": "ListIdentityPoolUsage",
                "description": "Grants permission to get a list of identity pools registered with Cognito",
                "access level": "Read",
                "resource types": [
                    "identitypool*"
                ],
                "conditionKeys": "",
                "dependentActions": [
                    ""
                ]
            },
            {
                "name": "ListRecords",
                "description": "Grants permission to get paginated records, optionally changed after a particular sync count for a dataset and identity",
                "access level": "Read",
                "resource types": [
                    "dataset*"
                ],
                "conditionKeys": "",
                "dependentActions": [
                    ""
                ]
            },
            {
                "name": "QueryRecords [permission only]",
                "description": "Grants permission to query records",
                "access level": "Read",
                "resource types": [
                    ""
                ],
                "conditionKeys": "",
                "dependentActions": [
                    ""
                ]
            },
            {
                "name": "RegisterDevice",
                "description": "Grants permission to register a device to receive push sync notifications",
                "access level": "Write",
                "resource types": [
                    "identity*"
                ],
                "conditionKeys": "",
                "dependentActions": [
                    ""
                ]
            },
            {
                "name": "SetCognitoEvents",
                "description": "Grants permission to set the AWS Lambda function for a given event type for an identity pool",
                "access level": "Write",
                "resource types": [
                    "identitypool*"
                ],
                "conditionKeys": "",
                "dependentActions": [
                    ""
                ]
            },
            {
                "name": "SetDatasetConfiguration [permission only]",
                "description": "Grants permission to configure datasets",
                "access level": "Write",
                "resource types": [
                    "dataset*"
                ],
                "conditionKeys": "",
                "dependentActions": [
                    ""
                ]
            },
            {
                "name": "SetIdentityPoolConfiguration",
                "description": "Grants permission to set the necessary configuration for push sync",
                "access level": "Write",
                "resource types": [
                    "identitypool*"
                ],
                "conditionKeys": "",
                "dependentActions": [
                    ""
                ]
            },
            {
                "name": "SubscribeToDataset",
                "description": "Grants permission to subscribe to receive notifications when a dataset is modified by another device",
                "access level": "Write",
                "resource types": [
                    "dataset*"
                ],
                "conditionKeys": "",
                "dependentActions": [
                    ""
                ]
            },
            {
                "name": "UnsubscribeFromDataset",
                "description": "Grants permission to unsubscribe from receiving notifications when a dataset is modified by another device",
                "access level": "Write",
                "resource types": [
                    "dataset*"
                ],
                "conditionKeys": "",
                "dependentActions": [
                    ""
                ]
            },
            {
                "name": "UpdateRecords",
                "description": "Grants permission to post updates to records and add and delete records for a dataset and user",
                "access level": "Write",
                "resource types": [
                    "dataset*"
                ],
                "conditionKeys": "",
                "dependentActions": [
                    ""
                ]
            }
        ]
    },
    {
        "resources": [
            {
                "resource_type": "dataset",
                "ARN": "arn:${Partition}:cognito-sync:${Region}:${Account}:identitypool/${IdentityPoolId}/identity/${IdentityId}/dataset/${DatasetName}",
                "conditionKeys": ""
            },
            {
                "resource_type": "identity",
                "ARN": "arn:${Partition}:cognito-sync:${Region}:${Account}:identitypool/${IdentityPoolId}/identity/${IdentityId}",
                "conditionKeys": ""
            },
            {
                "resource_type": "identitypool",
                "ARN": "arn:${Partition}:cognito-sync:${Region}:${Account}:identitypool/${IdentityPoolId}",
                "conditionKeys": ""
            }
        ]
    }
]