[
    {
        "prefix_item": "compute-optimizer"
    },
    {
        "link": "https://docs.aws.amazon.com/service-authorization/latest/reference/./list_awscomputeoptimizer.html"
    },
    {
        "actions": [
            {
                "name": "DeleteRecommendationPreferences",
                "description": "Grants permission to delete recommendation preferences",
                "access level": "Write",
                "resource types": [
                    ""
                ],
                "conditionKeys": "compute-optimizer:ResourceType",
                "dependentActions": [
                    "autoscaling:DescribeAutoScalingGroups\n                            \n\n                                ec2:DescribeInstances"
                ]
            },
            {
                "name": "DescribeRecommendationExportJobs",
                "description": "Grants permission to view the status of recommendation export jobs",
                "access level": "List",
                "resource types": [
                    ""
                ],
                "conditionKeys": "",
                "dependentActions": [
                    ""
                ]
            },
            {
                "name": "ExportAutoScalingGroupRecommendations",
                "description": "Grants permission to export AutoScaling group recommendations to S3 for the provided accounts",
                "access level": "Write",
                "resource types": [
                    ""
                ],
                "conditionKeys": "",
                "dependentActions": [
                    "autoscaling:DescribeAutoScalingGroups\n                            \n\n                                compute-optimizer:GetAutoScalingGroupRecommendations"
                ]
            },
            {
                "name": "ExportEBSVolumeRecommendations",
                "description": "Grants permission to export EBS volume recommendations to S3 for the provided accounts",
                "access level": "Write",
                "resource types": [
                    ""
                ],
                "conditionKeys": "",
                "dependentActions": [
                    "compute-optimizer:GetEBSVolumeRecommendations\n                            \n\n                                ec2:DescribeVolumes"
                ]
            },
            {
                "name": "ExportEC2InstanceRecommendations",
                "description": "Grants permission to export EC2 instance recommendations to S3 for the provided accounts",
                "access level": "Write",
                "resource types": [
                    ""
                ],
                "conditionKeys": "",
                "dependentActions": [
                    "compute-optimizer:GetEC2InstanceRecommendations\n                            \n\n                                ec2:DescribeInstances"
                ]
            },
            {
                "name": "ExportECSServiceRecommendations",
                "description": "Grants permission to export ECS service recommendations to S3 for the provided accounts",
                "access level": "Write",
                "resource types": [
                    ""
                ],
                "conditionKeys": "",
                "dependentActions": [
                    "compute-optimizer:GetECSServiceRecommendations\n                            \n\n                                ecs:ListClusters\n                            \n\n                                ecs:ListServices"
                ]
            },
            {
                "name": "ExportLambdaFunctionRecommendations",
                "description": "Grants permission to export Lambda function recommendations to S3 for the provided accounts",
                "access level": "Write",
                "resource types": [
                    ""
                ],
                "conditionKeys": "",
                "dependentActions": [
                    "compute-optimizer:GetLambdaFunctionRecommendations\n                            \n\n                                lambda:ListFunctions\n                            \n\n                                lambda:ListProvisionedConcurrencyConfigs"
                ]
            },
            {
                "name": "GetAutoScalingGroupRecommendations",
                "description": "Grants permission to get recommendations for the provided AutoScaling groups",
                "access level": "List",
                "resource types": [
                    ""
                ],
                "conditionKeys": "",
                "dependentActions": [
                    "autoscaling:DescribeAutoScalingGroups"
                ]
            },
            {
                "name": "GetEBSVolumeRecommendations",
                "description": "Grants permission to get recommendations for the provided EBS volumes",
                "access level": "List",
                "resource types": [
                    ""
                ],
                "conditionKeys": "",
                "dependentActions": [
                    "ec2:DescribeVolumes"
                ]
            },
            {
                "name": "GetEC2InstanceRecommendations",
                "description": "Grants permission to get recommendations for the provided EC2 instances",
                "access level": "List",
                "resource types": [
                    ""
                ],
                "conditionKeys": "",
                "dependentActions": [
                    "ec2:DescribeInstances"
                ]
            },
            {
                "name": "GetEC2RecommendationProjectedMetrics",
                "description": "Grants permission to get the recommendation projected metrics of the specified instance",
                "access level": "List",
                "resource types": [
                    ""
                ],
                "conditionKeys": "",
                "dependentActions": [
                    "ec2:DescribeInstances"
                ]
            },
            {
                "name": "GetECSServiceRecommendationProjectedMetrics",
                "description": "Grants permission to get the recommendation projected metrics of the specified ECS service",
                "access level": "List",
                "resource types": [
                    ""
                ],
                "conditionKeys": "",
                "dependentActions": [
                    ""
                ]
            },
            {
                "name": "GetECSServiceRecommendations",
                "description": "Grants permission to get recommendations for the provided ECS services",
                "access level": "List",
                "resource types": [
                    ""
                ],
                "conditionKeys": "",
                "dependentActions": [
                    "ecs:ListClusters\n                            \n\n                                ecs:ListServices"
                ]
            },
            {
                "name": "GetEffectiveRecommendationPreferences",
                "description": "Grants permission to get recommendation preferences that are in effect",
                "access level": "Read",
                "resource types": [
                    ""
                ],
                "conditionKeys": "compute-optimizer:ResourceType",
                "dependentActions": [
                    "autoscaling:DescribeAutoScalingGroups\n                            \n\n                                autoscaling:DescribeAutoScalingInstances\n                            \n\n                                ec2:DescribeInstances"
                ]
            },
            {
                "name": "GetEnrollmentStatus",
                "description": "Grants permission to get the enrollment status for the specified account",
                "access level": "List",
                "resource types": [
                    ""
                ],
                "conditionKeys": "",
                "dependentActions": [
                    ""
                ]
            },
            {
                "name": "GetEnrollmentStatusesForOrganization",
                "description": "Grants permission to get the enrollment statuses for member accounts of the organization",
                "access level": "List",
                "resource types": [
                    ""
                ],
                "conditionKeys": "",
                "dependentActions": [
                    ""
                ]
            },
            {
                "name": "GetLambdaFunctionRecommendations",
                "description": "Grants permission to get recommendations for the provided Lambda functions",
                "access level": "List",
                "resource types": [
                    ""
                ],
                "conditionKeys": "",
                "dependentActions": [
                    "lambda:ListFunctions\n                            \n\n                                lambda:ListProvisionedConcurrencyConfigs"
                ]
            },
            {
                "name": "GetRecommendationPreferences",
                "description": "Grants permission to get recommendation preferences",
                "access level": "Read",
                "resource types": [
                    ""
                ],
                "conditionKeys": "compute-optimizer:ResourceType",
                "dependentActions": [
                    ""
                ]
            },
            {
                "name": "GetRecommendationSummaries",
                "description": "Grants permission to get the recommendation summaries for the specified account(s)",
                "access level": "List",
                "resource types": [
                    ""
                ],
                "conditionKeys": "",
                "dependentActions": [
                    ""
                ]
            },
            {
                "name": "PutRecommendationPreferences",
                "description": "Grants permission to put recommendation preferences",
                "access level": "Write",
                "resource types": [
                    ""
                ],
                "conditionKeys": "compute-optimizer:ResourceType",
                "dependentActions": [
                    "autoscaling:DescribeAutoScalingGroups\n                            \n\n                                autoscaling:DescribeAutoScalingInstances\n                            \n\n                                ec2:DescribeInstances"
                ]
            },
            {
                "name": "UpdateEnrollmentStatus",
                "description": "Grants permission to update the enrollment status",
                "access level": "Write",
                "resource types": [
                    ""
                ],
                "conditionKeys": "",
                "dependentActions": [
                    ""
                ]
            }
        ]
    },
    {
        "conditions": [
            {
                "Condition keys": "compute-optimizer:ResourceType",
                "Description": "Filters access by the resource type",
                "Type": "String"
            }
        ]
    }
]