[
    {
        "prefix_item": "connect-campaigns"
    },
    {
        "link": "https://docs.aws.amazon.com/service-authorization/latest/reference/./list_high-volumeoutboundcommunications.html"
    },
    {
        "actions": [
            {
                "name": "CreateCampaign",
                "description": "Grants permission to create a campaign",
                "access level": "Write",
                "resource types": [
                    "campaign*"
                ],
                "conditionKeys": "",
                "dependentActions": [
                    ""
                ]
            },
            {
                "name": "DeleteCampaign",
                "description": "Grants permission to delete a campaign",
                "access level": "Write",
                "resource types": [
                    "campaign*"
                ],
                "conditionKeys": "",
                "dependentActions": [
                    ""
                ]
            },
            {
                "name": "DeleteConnectInstanceConfig",
                "description": "Grants permission to remove configuration information for an Amazon Connect instance",
                "access level": "Write",
                "resource types": [
                    ""
                ],
                "conditionKeys": "",
                "dependentActions": [
                    ""
                ]
            },
            {
                "name": "DeleteInstanceOnboardingJob",
                "description": "Grants permission to remove onboarding job for an Amazon Connect instance",
                "access level": "Write",
                "resource types": [
                    ""
                ],
                "conditionKeys": "",
                "dependentActions": [
                    ""
                ]
            },
            {
                "name": "DescribeCampaign",
                "description": "Grants permission to describe a specific campaign",
                "access level": "Read",
                "resource types": [
                    "campaign*"
                ],
                "conditionKeys": "",
                "dependentActions": [
                    ""
                ]
            },
            {
                "name": "GetCampaignState",
                "description": "Grants permission to get state of a campaign",
                "access level": "Read",
                "resource types": [
                    "campaign*"
                ],
                "conditionKeys": "",
                "dependentActions": [
                    ""
                ]
            },
            {
                "name": "GetCampaignStateBatch",
                "description": "Grants permission to get state of campaigns",
                "access level": "Read",
                "resource types": [
                    "campaign*"
                ],
                "conditionKeys": "",
                "dependentActions": [
                    ""
                ]
            },
            {
                "name": "GetConnectInstanceConfig",
                "description": "Grants permission to get configuration information for an Amazon Connect instance",
                "access level": "Read",
                "resource types": [
                    ""
                ],
                "conditionKeys": "",
                "dependentActions": [
                    ""
                ]
            },
            {
                "name": "GetInstanceOnboardingJobStatus",
                "description": "Grants permission to get onboarding job status for an Amazon Connect instance",
                "access level": "Read",
                "resource types": [
                    ""
                ],
                "conditionKeys": "",
                "dependentActions": [
                    ""
                ]
            },
            {
                "name": "ListCampaigns",
                "description": "Grants permission to provide summary of all campaigns",
                "access level": "List",
                "resource types": [
                    ""
                ],
                "conditionKeys": "aws:RequestTag/${TagKey}",
                "dependentActions": [
                    ""
                ]
            },
            {
                "name": "ListTagsForResource",
                "description": "Grants permission to list tags for a resource",
                "access level": "Read",
                "resource types": [
                    "campaign"
                ],
                "conditionKeys": "",
                "dependentActions": [
                    ""
                ]
            },
            {
                "name": "PauseCampaign",
                "description": "Grants permission to pause a campaign",
                "access level": "Write",
                "resource types": [
                    "campaign*"
                ],
                "conditionKeys": "",
                "dependentActions": [
                    ""
                ]
            },
            {
                "name": "PutDialRequestBatch",
                "description": "Grants permission to create dial requests for the specified campaign",
                "access level": "Write",
                "resource types": [
                    "campaign*"
                ],
                "conditionKeys": "",
                "dependentActions": [
                    ""
                ]
            },
            {
                "name": "ResumeCampaign",
                "description": "Grants permission to resume a campaign",
                "access level": "Write",
                "resource types": [
                    "campaign*"
                ],
                "conditionKeys": "",
                "dependentActions": [
                    ""
                ]
            },
            {
                "name": "StartCampaign",
                "description": "Grants permission to start a campaign",
                "access level": "Write",
                "resource types": [
                    "campaign*"
                ],
                "conditionKeys": "",
                "dependentActions": [
                    ""
                ]
            },
            {
                "name": "StartInstanceOnboardingJob",
                "description": "Grants permission to start onboarding job for an Amazon Connect instance",
                "access level": "Write",
                "resource types": [
                    ""
                ],
                "conditionKeys": "",
                "dependentActions": [
                    ""
                ]
            },
            {
                "name": "StopCampaign",
                "description": "Grants permission to stop a campaign",
                "access level": "Write",
                "resource types": [
                    "campaign*"
                ],
                "conditionKeys": "",
                "dependentActions": [
                    ""
                ]
            },
            {
                "name": "TagResource",
                "description": "Grants permission to tag a resource",
                "access level": "Tagging",
                "resource types": [
                    "campaign"
                ],
                "conditionKeys": "",
                "dependentActions": [
                    ""
                ]
            },
            {
                "name": "UntagResource",
                "description": "Grants permission to untag a resource",
                "access level": "Tagging",
                "resource types": [
                    "campaign"
                ],
                "conditionKeys": "",
                "dependentActions": [
                    ""
                ]
            },
            {
                "name": "UpdateCampaignDialerConfig",
                "description": "Grants permission to update the dialer configuration of a campaign",
                "access level": "Write",
                "resource types": [
                    "campaign*"
                ],
                "conditionKeys": "",
                "dependentActions": [
                    ""
                ]
            },
            {
                "name": "UpdateCampaignName",
                "description": "Grants permission to update the name of a campaign",
                "access level": "Write",
                "resource types": [
                    "campaign*"
                ],
                "conditionKeys": "",
                "dependentActions": [
                    ""
                ]
            },
            {
                "name": "UpdateCampaignOutboundCallConfig",
                "description": "Grants permission to update the outbound call configuration of a campaign",
                "access level": "Write",
                "resource types": [
                    "campaign*"
                ],
                "conditionKeys": "",
                "dependentActions": [
                    ""
                ]
            }
        ]
    },
    {
        "resources": [
            {
                "resource_type": "campaign",
                "ARN": "arn:${Partition}:connect-campaigns:${Region}:${Account}:campaign/${CampaignId}",
                "conditionKeys": "aws:ResourceTag/${TagKey}"
            }
        ]
    },
    {
        "conditions": [
            {
                "Condition keys": "aws:RequestTag/${TagKey}",
                "Description": "Filters actions based on the presence of tag key-value pairs in the request",
                "Type": "String"
            },
            {
                "Condition keys": "aws:ResourceTag/${TagKey}",
                "Description": "Filters actions based on tag key-value pairs attached to the resource",
                "Type": "String"
            },
            {
                "Condition keys": "aws:TagKeys",
                "Description": "Filters actions based on the presence of tag keys in the request",
                "Type": "ArrayOfString"
            }
        ]
    }
]