[
    {
        "prefix_item": "consoleapp"
    },
    {
        "link": "https://docs.aws.amazon.com/service-authorization/latest/reference/./list_awsconsolemobileapp.html"
    },
    {
        "actions": [
            {
                "name": "GetDeviceIdentity",
                "description": "Grants permission to retrieve the device identity for a Console Mobile App device",
                "access level": "Read",
                "resource types": [
                    "DeviceIdentity*"
                ],
                "conditionKeys": "",
                "dependentActions": [
                    ""
                ]
            },
            {
                "name": "ListDeviceIdentities",
                "description": "Grants permission to retrieve a list of device identities",
                "access level": "List",
                "resource types": [
                    ""
                ],
                "conditionKeys": "",
                "dependentActions": [
                    ""
                ]
            }
        ]
    },
    {
        "resources": [
            {
                "resource_type": "DeviceIdentity",
                "ARN": "arn:${Partition}:consoleapp::${Account}:device/${DeviceId}/identity/${IdentityId}",
                "conditionKeys": "consoleapp:DeviceIdentityArn"
            }
        ]
    },
    {
        "conditions": [
            {
                "Condition keys": "consoleapp:DeviceIdentityArn",
                "Description": "A unique identifier for an identity on a device",
                "Type": "String"
            }
        ]
    }
]