[
    {
        "prefix_item": "cur"
    },
    {
        "link": "https://docs.aws.amazon.com/service-authorization/latest/reference/./list_awscostandusagereport.html"
    },
    {
        "actions": [
            {
                "name": "DeleteReportDefinition",
                "description": "Grants permission to delete Cost and Usage Report Definition",
                "access level": "Write",
                "resource types": [
                    "cur*"
                ],
                "conditionKeys": "",
                "dependentActions": [
                    ""
                ]
            },
            {
                "name": "DescribeReportDefinitions",
                "description": "Grants permission to get Cost and Usage Report Definitions",
                "access level": "Read",
                "resource types": [
                    ""
                ],
                "conditionKeys": "",
                "dependentActions": [
                    ""
                ]
            },
            {
                "name": "GetClassicReport [permission only]",
                "description": "Grants permission to get Bills CSV report",
                "access level": "Read",
                "resource types": [
                    ""
                ],
                "conditionKeys": "",
                "dependentActions": [
                    ""
                ]
            },
            {
                "name": "GetClassicReportPreferences [permission only]",
                "description": "Grants permission to get the classic report enablement status for Usage Reports",
                "access level": "Read",
                "resource types": [
                    ""
                ],
                "conditionKeys": "",
                "dependentActions": [
                    ""
                ]
            },
            {
                "name": "GetUsageReport [permission only]",
                "description": "Grants permission to get list of AWS services, usage type and operation for the Usage Report workflow. Allows or denies download of usage reports too",
                "access level": "Read",
                "resource types": [
                    ""
                ],
                "conditionKeys": "",
                "dependentActions": [
                    ""
                ]
            },
            {
                "name": "ModifyReportDefinition",
                "description": "Grants permission to modify Cost and Usage Report Definition",
                "access level": "Write",
                "resource types": [
                    "cur*"
                ],
                "conditionKeys": "",
                "dependentActions": [
                    ""
                ]
            },
            {
                "name": "PutClassicReportPreferences [permission only]",
                "description": "Grants permission to enable classic reports",
                "access level": "Write",
                "resource types": [
                    ""
                ],
                "conditionKeys": "",
                "dependentActions": [
                    ""
                ]
            },
            {
                "name": "PutReportDefinition",
                "description": "Grants permission to write Cost and Usage Report Definition",
                "access level": "Write",
                "resource types": [
                    "cur*"
                ],
                "conditionKeys": "",
                "dependentActions": [
                    ""
                ]
            },
            {
                "name": "ValidateReportDestination [permission only]",
                "description": "Grants permission to validates if the s3 bucket exists with appropriate permissions for CUR delivery",
                "access level": "Read",
                "resource types": [
                    ""
                ],
                "conditionKeys": "",
                "dependentActions": [
                    ""
                ]
            }
        ]
    },
    {
        "resources": [
            {
                "resource_type": "cur",
                "ARN": "arn:${Partition}:cur:${Region}:${Account}:definition/${ReportName}",
                "conditionKeys": ""
            }
        ]
    }
]