[
    {
        "prefix_item": "customer-verification"
    },
    {
        "link": "https://docs.aws.amazon.com/service-authorization/latest/reference/./list_awscustomerverificationservice.html"
    },
    {
        "actions": [
            {
                "name": "CreateCustomerVerificationDetails [permission only]",
                "description": "Grants permission to create customer verification data",
                "access level": "Write",
                "resource types": [
                    ""
                ],
                "conditionKeys": "",
                "dependentActions": [
                    ""
                ]
            },
            {
                "name": "GetCustomerVerificationDetails [permission only]",
                "description": "Grants permission to get customer verification data",
                "access level": "Read",
                "resource types": [
                    ""
                ],
                "conditionKeys": "",
                "dependentActions": [
                    ""
                ]
            },
            {
                "name": "GetCustomerVerificationEligibility [permission only]",
                "description": "Grants permission to get customer verification eligibility",
                "access level": "Read",
                "resource types": [
                    ""
                ],
                "conditionKeys": "",
                "dependentActions": [
                    ""
                ]
            },
            {
                "name": "UpdateCustomerVerificationDetails [permission only]",
                "description": "Grants permission to update customer verification data",
                "access level": "Write",
                "resource types": [
                    ""
                ],
                "conditionKeys": "",
                "dependentActions": [
                    ""
                ]
            }
        ]
    }
]