[
    {
        "prefix_item": "dax"
    },
    {
        "link": "https://docs.aws.amazon.com/service-authorization/latest/reference/./list_amazondynamodbacceleratordax.html"
    },
    {
        "actions": [
            {
                "name": "BatchGetItem",
                "description": "Grants permission to return the attributes of one or more items from one or more tables",
                "access level": "Read",
                "resource types": [
                    "application*"
                ],
                "conditionKeys": "",
                "dependentActions": [
                    ""
                ]
            },
            {
                "name": "BatchWriteItem",
                "description": "Grants permission to put or delete multiple items in one or more tables",
                "access level": "Write",
                "resource types": [
                    "application*"
                ],
                "conditionKeys": "",
                "dependentActions": [
                    ""
                ]
            },
            {
                "name": "ConditionCheckItem",
                "description": "Grants permission to the ConditionCheckItem operation that checks the existence of a set of attributes for the item with the given primary key",
                "access level": "Read",
                "resource types": [
                    "application*"
                ],
                "conditionKeys": "",
                "dependentActions": [
                    ""
                ]
            },
            {
                "name": "CreateCluster",
                "description": "Grants permission to create a DAX cluster",
                "access level": "Write",
                "resource types": [
                    "application*"
                ],
                "conditionKeys": "",
                "dependentActions": [
                    "dax:CreateParameterGroup\n                            \n\n                                dax:CreateSubnetGroup\n                            \n\n                                ec2:CreateNetworkInterface\n                            \n\n                                ec2:DeleteNetworkInterface\n                            \n\n                                ec2:DescribeNetworkInterfaces\n                            \n\n                                ec2:DescribeSecurityGroups\n                            \n\n                                ec2:DescribeSubnets\n                            \n\n                                ec2:DescribeVpcs\n                            \n\n                                iam:GetRole\n                            \n\n                                iam:PassRole"
                ]
            },
            {
                "name": "CreateParameterGroup",
                "description": "Grants permission to create a parameter group",
                "access level": "Write",
                "resource types": [
                    ""
                ],
                "conditionKeys": "",
                "dependentActions": [
                    ""
                ]
            },
            {
                "name": "CreateSubnetGroup",
                "description": "Grants permission to create a subnet group",
                "access level": "Write",
                "resource types": [
                    ""
                ],
                "conditionKeys": "",
                "dependentActions": [
                    ""
                ]
            },
            {
                "name": "DecreaseReplicationFactor",
                "description": "Grants permission to remove one or more nodes from a DAX cluster",
                "access level": "Write",
                "resource types": [
                    "application*"
                ],
                "conditionKeys": "",
                "dependentActions": [
                    ""
                ]
            },
            {
                "name": "DeleteCluster",
                "description": "Grants permission to delete a previously provisioned DAX cluster",
                "access level": "Write",
                "resource types": [
                    "application*"
                ],
                "conditionKeys": "",
                "dependentActions": [
                    ""
                ]
            },
            {
                "name": "DeleteItem",
                "description": "Grants permission to delete a single item in a table by primary key",
                "access level": "Write",
                "resource types": [
                    "application*"
                ],
                "conditionKeys": "",
                "dependentActions": [
                    ""
                ]
            },
            {
                "name": "DeleteParameterGroup",
                "description": "Grants permission to delete the specified parameter group",
                "access level": "Write",
                "resource types": [
                    ""
                ],
                "conditionKeys": "",
                "dependentActions": [
                    ""
                ]
            },
            {
                "name": "DeleteSubnetGroup",
                "description": "Grants permission to delete a subnet group",
                "access level": "Write",
                "resource types": [
                    ""
                ],
                "conditionKeys": "",
                "dependentActions": [
                    ""
                ]
            },
            {
                "name": "DescribeClusters",
                "description": "Grants permission to return information about all provisioned DAX clusters",
                "access level": "List",
                "resource types": [
                    "application"
                ],
                "conditionKeys": "",
                "dependentActions": [
                    ""
                ]
            },
            {
                "name": "DescribeDefaultParameters",
                "description": "Grants permission to return the default system parameter information for DAX",
                "access level": "List",
                "resource types": [
                    ""
                ],
                "conditionKeys": "",
                "dependentActions": [
                    ""
                ]
            },
            {
                "name": "DescribeEvents",
                "description": "Grants permission to return events related to DAX clusters and parameter groups",
                "access level": "List",
                "resource types": [
                    ""
                ],
                "conditionKeys": "",
                "dependentActions": [
                    ""
                ]
            },
            {
                "name": "DescribeParameterGroups",
                "description": "Grants permission to return a list of parameter group descriptions",
                "access level": "List",
                "resource types": [
                    ""
                ],
                "conditionKeys": "",
                "dependentActions": [
                    ""
                ]
            },
            {
                "name": "DescribeParameters",
                "description": "Grants permission to return the detailed parameter list for a particular parameter group",
                "access level": "Read",
                "resource types": [
                    ""
                ],
                "conditionKeys": "",
                "dependentActions": [
                    ""
                ]
            },
            {
                "name": "DescribeSubnetGroups",
                "description": "Grants permission to return a list of subnet group descriptions",
                "access level": "List",
                "resource types": [
                    ""
                ],
                "conditionKeys": "",
                "dependentActions": [
                    ""
                ]
            },
            {
                "name": "GetItem",
                "description": "Grants permission to the GetItem operation that returns a set of attributes for the item with the given primary key",
                "access level": "Read",
                "resource types": [
                    "application*"
                ],
                "conditionKeys": "",
                "dependentActions": [
                    ""
                ]
            },
            {
                "name": "IncreaseReplicationFactor",
                "description": "Grants permission to add one or more nodes to a DAX cluster",
                "access level": "Write",
                "resource types": [
                    "application*"
                ],
                "conditionKeys": "",
                "dependentActions": [
                    ""
                ]
            },
            {
                "name": "ListTags",
                "description": "Grants permission to return a list all of the tags for a DAX cluster",
                "access level": "Read",
                "resource types": [
                    "application*"
                ],
                "conditionKeys": "",
                "dependentActions": [
                    ""
                ]
            },
            {
                "name": "PutItem",
                "description": "Grants permission to create a new item, or replace an old item with a new item",
                "access level": "Write",
                "resource types": [
                    "application*"
                ],
                "conditionKeys": "",
                "dependentActions": [
                    ""
                ]
            },
            {
                "name": "Query",
                "description": "Grants permission to use the primary key of a table or a secondary index to directly access items from that table or index",
                "access level": "Read",
                "resource types": [
                    "application*"
                ],
                "conditionKeys": "",
                "dependentActions": [
                    ""
                ]
            },
            {
                "name": "RebootNode",
                "description": "Grants permission to reboot a single node of a DAX cluster",
                "access level": "Write",
                "resource types": [
                    "application*"
                ],
                "conditionKeys": "",
                "dependentActions": [
                    ""
                ]
            },
            {
                "name": "Scan",
                "description": "Grants permission to return one or more items and item attributes by accessing every item in a table or a secondary index",
                "access level": "Read",
                "resource types": [
                    "application*"
                ],
                "conditionKeys": "",
                "dependentActions": [
                    ""
                ]
            },
            {
                "name": "TagResource",
                "description": "Grants permission to associate a set of tags with a DAX resource",
                "access level": "Tagging",
                "resource types": [
                    "application*"
                ],
                "conditionKeys": "",
                "dependentActions": [
                    ""
                ]
            },
            {
                "name": "UntagResource",
                "description": "Grants permission to remove the association of tags from a DAX resource",
                "access level": "Tagging",
                "resource types": [
                    "application*"
                ],
                "conditionKeys": "",
                "dependentActions": [
                    ""
                ]
            },
            {
                "name": "UpdateCluster",
                "description": "Grants permission to modify the settings for a DAX cluster",
                "access level": "Write",
                "resource types": [
                    "application*"
                ],
                "conditionKeys": "",
                "dependentActions": [
                    ""
                ]
            },
            {
                "name": "UpdateItem",
                "description": "Grants permission to edit an existing item's attributes, or adds a new item to the table if it does not already exist",
                "access level": "Write",
                "resource types": [
                    "application*"
                ],
                "conditionKeys": "",
                "dependentActions": [
                    ""
                ]
            },
            {
                "name": "UpdateParameterGroup",
                "description": "Grants permission to modify the parameters of a parameter group",
                "access level": "Write",
                "resource types": [
                    ""
                ],
                "conditionKeys": "",
                "dependentActions": [
                    ""
                ]
            },
            {
                "name": "UpdateSubnetGroup",
                "description": "Grants permission to modify an existing subnet group",
                "access level": "Write",
                "resource types": [
                    ""
                ],
                "conditionKeys": "",
                "dependentActions": [
                    ""
                ]
            }
        ]
    },
    {
        "resources": [
            {
                "resource_type": "application",
                "ARN": "arn:${Partition}:dax:${Region}:${Account}:cache/${ClusterName}",
                "conditionKeys": ""
            }
        ]
    },
    {
        "conditions": [
            {
                "Condition keys": "dax:EnclosingOperation",
                "Description": "Used to block Transactions APIs calls and allow the non-Transaction APIs calls and vice-versa",
                "Type": "String"
            }
        ]
    }
]