[
    {
        "prefix_item": "detective"
    },
    {
        "link": "https://docs.aws.amazon.com/service-authorization/latest/reference/./list_amazondetective.html"
    },
    {
        "actions": [
            {
                "name": "AcceptInvitation",
                "description": "Grants permission to accept an invitation to become a member of a behavior graph",
                "access level": "Write",
                "resource types": [
                    ""
                ],
                "conditionKeys": "",
                "dependentActions": [
                    ""
                ]
            },
            {
                "name": "BatchGetGraphMemberDatasources",
                "description": "Grants permission to retrieve the datasource package history for the specified member accounts in a behavior graph managed by this account",
                "access level": "Read",
                "resource types": [
                    "Graph*"
                ],
                "conditionKeys": "",
                "dependentActions": [
                    ""
                ]
            },
            {
                "name": "BatchGetMembershipDatasources",
                "description": "Grants permission to retrieve the datasource package history of the caller account for the specified graphs",
                "access level": "Read",
                "resource types": [
                    ""
                ],
                "conditionKeys": "",
                "dependentActions": [
                    ""
                ]
            },
            {
                "name": "CreateGraph",
                "description": "Grants permission to create a behavior graph and begin to aggregate security information",
                "access level": "Write",
                "resource types": [
                    ""
                ],
                "conditionKeys": "aws:RequestTag/${TagKey}\n\n\naws:TagKeys",
                "dependentActions": [
                    ""
                ]
            },
            {
                "name": "CreateMembers",
                "description": "Grants permission to request the membership of one or more accounts in a behavior graph managed by this account",
                "access level": "Write",
                "resource types": [
                    "Graph*"
                ],
                "conditionKeys": "",
                "dependentActions": [
                    ""
                ]
            },
            {
                "name": "DeleteGraph",
                "description": "Grants permission to delete a behavior graph and stop aggregating security information",
                "access level": "Write",
                "resource types": [
                    "Graph*"
                ],
                "conditionKeys": "",
                "dependentActions": [
                    ""
                ]
            },
            {
                "name": "DeleteMembers",
                "description": "Grants permission to remove member accounts from a behavior graph managed by this account",
                "access level": "Write",
                "resource types": [
                    "Graph*"
                ],
                "conditionKeys": "",
                "dependentActions": [
                    ""
                ]
            },
            {
                "name": "DescribeOrganizationConfiguration",
                "description": "Grants permission to view the current configuration related to the Amazon Detective integration with AWS Organizations",
                "access level": "Read",
                "resource types": [
                    "Graph*"
                ],
                "conditionKeys": "",
                "dependentActions": [
                    "organizations:DescribeOrganization"
                ]
            },
            {
                "name": "DisableOrganizationAdminAccount",
                "description": "Grants permission to remove the Amazon Detective delegated administrator account for an organization",
                "access level": "Write",
                "resource types": [
                    ""
                ],
                "conditionKeys": "",
                "dependentActions": [
                    "organizations:DescribeOrganization"
                ]
            },
            {
                "name": "DisassociateMembership",
                "description": "Grants permission to remove the association of this account with a behavior graph",
                "access level": "Write",
                "resource types": [
                    ""
                ],
                "conditionKeys": "",
                "dependentActions": [
                    ""
                ]
            },
            {
                "name": "EnableOrganizationAdminAccount",
                "description": "Grants permission to designate the Amazon Detective delegated administrator account for an organization",
                "access level": "Write",
                "resource types": [
                    ""
                ],
                "conditionKeys": "",
                "dependentActions": [
                    "iam:CreateServiceLinkedRole\n                            \n\n                                organizations:DescribeOrganization\n                            \n\n                                organizations:EnableAWSServiceAccess\n                            \n\n                                organizations:RegisterDelegatedAdministrator"
                ]
            },
            {
                "name": "GetFreeTrialEligibility [permission only]",
                "description": "Grants permission to retrieve a behavior graph's eligibility for a free trial period",
                "access level": "Read",
                "resource types": [
                    "Graph*"
                ],
                "conditionKeys": "",
                "dependentActions": [
                    ""
                ]
            },
            {
                "name": "GetGraphIngestState [permission only]",
                "description": "Grants permission to retrieve the data ingestion state of a behavior graph",
                "access level": "Read",
                "resource types": [
                    "Graph*"
                ],
                "conditionKeys": "",
                "dependentActions": [
                    ""
                ]
            },
            {
                "name": "GetMembers",
                "description": "Grants permission to retrieve details on specified members of a behavior graph",
                "access level": "Read",
                "resource types": [
                    "Graph*"
                ],
                "conditionKeys": "",
                "dependentActions": [
                    ""
                ]
            },
            {
                "name": "GetPricingInformation [permission only]",
                "description": "Grants permission to retrieve information about Amazon Detective's pricing",
                "access level": "Read",
                "resource types": [
                    ""
                ],
                "conditionKeys": "",
                "dependentActions": [
                    ""
                ]
            },
            {
                "name": "GetUsageInformation [permission only]",
                "description": "Grants permission to list usage information of a behavior graph",
                "access level": "Read",
                "resource types": [
                    "Graph*"
                ],
                "conditionKeys": "",
                "dependentActions": [
                    ""
                ]
            },
            {
                "name": "ListDatasourcePackages",
                "description": "Grants permission to list a graph's datasource package ingest states and timestamps for the most recent state changes in a behavior graph managed by this account",
                "access level": "List",
                "resource types": [
                    "Graph*"
                ],
                "conditionKeys": "",
                "dependentActions": [
                    ""
                ]
            },
            {
                "name": "ListGraphs",
                "description": "Grants permission to list behavior graphs managed by this account",
                "access level": "List",
                "resource types": [
                    ""
                ],
                "conditionKeys": "",
                "dependentActions": [
                    ""
                ]
            },
            {
                "name": "ListHighDegreeEntities [permission only]",
                "description": "Grants permission to retrieve high volume entities whose relationships cannot be stored by Detective",
                "access level": "List",
                "resource types": [
                    "Graph*"
                ],
                "conditionKeys": "",
                "dependentActions": [
                    ""
                ]
            },
            {
                "name": "ListInvitations",
                "description": "Grants permission to retrieve details on the behavior graphs to which this account has been invited to join",
                "access level": "List",
                "resource types": [
                    ""
                ],
                "conditionKeys": "",
                "dependentActions": [
                    ""
                ]
            },
            {
                "name": "ListMembers",
                "description": "Grants permission to retrieve details on all members of a behavior graph",
                "access level": "List",
                "resource types": [
                    "Graph*"
                ],
                "conditionKeys": "",
                "dependentActions": [
                    ""
                ]
            },
            {
                "name": "ListOrganizationAdminAccount",
                "description": "Grants permission to view the current Amazon Detective delegated administrator account for an organization",
                "access level": "List",
                "resource types": [
                    ""
                ],
                "conditionKeys": "",
                "dependentActions": [
                    "organizations:DescribeOrganization"
                ]
            },
            {
                "name": "ListTagsForResource",
                "description": "Grants permission to list the tag values that are assigned to a behavior graph",
                "access level": "List",
                "resource types": [
                    "Graph*"
                ],
                "conditionKeys": "",
                "dependentActions": [
                    ""
                ]
            },
            {
                "name": "RejectInvitation",
                "description": "Grants permission to reject an invitation to become a member of a behavior graph",
                "access level": "Write",
                "resource types": [
                    ""
                ],
                "conditionKeys": "",
                "dependentActions": [
                    ""
                ]
            },
            {
                "name": "SearchGraph [permission only]",
                "description": "Grants permission to search the data stored in a behavior graph",
                "access level": "Read",
                "resource types": [
                    "Graph*"
                ],
                "conditionKeys": "",
                "dependentActions": [
                    ""
                ]
            },
            {
                "name": "StartMonitoringMember",
                "description": "Grants permission to start data ingest for a member account that has a status of ACCEPTED_BUT_DISABLED",
                "access level": "Write",
                "resource types": [
                    "Graph*"
                ],
                "conditionKeys": "",
                "dependentActions": [
                    ""
                ]
            },
            {
                "name": "TagResource",
                "description": "Grants permission to assign tag values to a behavior graph",
                "access level": "Tagging",
                "resource types": [
                    "Graph*"
                ],
                "conditionKeys": "",
                "dependentActions": [
                    ""
                ]
            },
            {
                "name": "UntagResource",
                "description": "Grants permission to remove tag values from a behavior graph",
                "access level": "Tagging",
                "resource types": [
                    "Graph*"
                ],
                "conditionKeys": "",
                "dependentActions": [
                    ""
                ]
            },
            {
                "name": "UpdateDatasourcePackages",
                "description": "Grants permission to enable or disable datasource package(s) in a behavior graph managed by this account",
                "access level": "Write",
                "resource types": [
                    "Graph*"
                ],
                "conditionKeys": "",
                "dependentActions": [
                    ""
                ]
            },
            {
                "name": "UpdateOrganizationConfiguration",
                "description": "Grants permission to update the current configuration related to the Amazon Detective integration with AWS Organizations",
                "access level": "Write",
                "resource types": [
                    "Graph*"
                ],
                "conditionKeys": "",
                "dependentActions": [
                    "organizations:DescribeOrganization"
                ]
            }
        ]
    },
    {
        "resources": [
            {
                "resource_type": "Graph",
                "ARN": "arn:${Partition}:detective:${Region}:${Account}:graph:${ResourceId}",
                "conditionKeys": "aws:ResourceTag/${TagKey}"
            }
        ]
    },
    {
        "conditions": [
            {
                "Condition keys": "aws:RequestTag/${TagKey}",
                "Description": "Filters access by specifying the tags that are passed in the request",
                "Type": "String"
            },
            {
                "Condition keys": "aws:ResourceTag/${TagKey}",
                "Description": "Filters access by specifying the tags associated with the resource",
                "Type": "String"
            },
            {
                "Condition keys": "aws:TagKeys",
                "Description": "Filters access by specifying the tag keys that are passed in the request",
                "Type": "ArrayOfString"
            }
        ]
    }
]