[
    {
        "prefix_item": "devicefarm"
    },
    {
        "link": "https://docs.aws.amazon.com/service-authorization/latest/reference/./list_awsdevicefarm.html"
    },
    {
        "actions": [
            {
                "name": "CreateDevicePool",
                "description": "Grants permission to create a device pool within a project",
                "access level": "Write",
                "resource types": [
                    "project*"
                ],
                "conditionKeys": "",
                "dependentActions": [
                    ""
                ]
            },
            {
                "name": "CreateInstanceProfile",
                "description": "Grants permission to create a device instance profile",
                "access level": "Write",
                "resource types": [
                    ""
                ],
                "conditionKeys": "",
                "dependentActions": [
                    ""
                ]
            },
            {
                "name": "CreateNetworkProfile",
                "description": "Grants permission to create a network profile within a project",
                "access level": "Write",
                "resource types": [
                    "project*"
                ],
                "conditionKeys": "",
                "dependentActions": [
                    ""
                ]
            },
            {
                "name": "CreateProject",
                "description": "Grants permission to create a project for mobile testing",
                "access level": "Write",
                "resource types": [
                    ""
                ],
                "conditionKeys": "aws:RequestTag/${TagKey}\n\n\naws:TagKeys",
                "dependentActions": [
                    "ec2:CreateNetworkInterface\n                            \n\n                                ec2:DescribeSecurityGroups\n                            \n\n                                ec2:DescribeSubnets\n                            \n\n                                ec2:DescribeVpcs\n                            \n\n                                iam:CreateServiceLinkedRole"
                ]
            },
            {
                "name": "CreateRemoteAccessSession",
                "description": "Grants permission to start a remote access session to a device instance",
                "access level": "Write",
                "resource types": [
                    "device*"
                ],
                "conditionKeys": "",
                "dependentActions": [
                    ""
                ]
            },
            {
                "name": "CreateTestGridProject",
                "description": "Grants permission to create a project for desktop testing",
                "access level": "Write",
                "resource types": [
                    ""
                ],
                "conditionKeys": "",
                "dependentActions": [
                    "ec2:CreateNetworkInterface\n                            \n\n                                ec2:DescribeSecurityGroups\n                            \n\n                                ec2:DescribeSubnets\n                            \n\n                                ec2:DescribeVpcs\n                            \n\n                                iam:CreateServiceLinkedRole"
                ]
            },
            {
                "name": "CreateTestGridUrl",
                "description": "Grants permission to generate a new pre-signed url used to access our test grid service",
                "access level": "Write",
                "resource types": [
                    "testgrid-project*"
                ],
                "conditionKeys": "",
                "dependentActions": [
                    ""
                ]
            },
            {
                "name": "CreateUpload",
                "description": "Grants permission to upload a new file or app within a project",
                "access level": "Write",
                "resource types": [
                    "project*"
                ],
                "conditionKeys": "",
                "dependentActions": [
                    ""
                ]
            },
            {
                "name": "CreateVPCEConfiguration",
                "description": "Grants permission to create an Amazon Virtual Private Cloud (VPC) endpoint configuration",
                "access level": "Write",
                "resource types": [
                    ""
                ],
                "conditionKeys": "",
                "dependentActions": [
                    ""
                ]
            },
            {
                "name": "DeleteDevicePool",
                "description": "Grants permission to delete a user-generated device pool",
                "access level": "Write",
                "resource types": [
                    "devicepool*"
                ],
                "conditionKeys": "",
                "dependentActions": [
                    ""
                ]
            },
            {
                "name": "DeleteInstanceProfile",
                "description": "Grants permission to delete a user-generated instance profile",
                "access level": "Write",
                "resource types": [
                    "instanceprofile*"
                ],
                "conditionKeys": "",
                "dependentActions": [
                    ""
                ]
            },
            {
                "name": "DeleteNetworkProfile",
                "description": "Grants permission to delete a user-generated network profile",
                "access level": "Write",
                "resource types": [
                    "networkprofile*"
                ],
                "conditionKeys": "",
                "dependentActions": [
                    ""
                ]
            },
            {
                "name": "DeleteProject",
                "description": "Grants permission to delete a mobile testing project",
                "access level": "Write",
                "resource types": [
                    "project*"
                ],
                "conditionKeys": "",
                "dependentActions": [
                    ""
                ]
            },
            {
                "name": "DeleteRemoteAccessSession",
                "description": "Grants permission to delete a completed remote access session and its results",
                "access level": "Write",
                "resource types": [
                    "session*"
                ],
                "conditionKeys": "",
                "dependentActions": [
                    ""
                ]
            },
            {
                "name": "DeleteRun",
                "description": "Grants permission to delete a run",
                "access level": "Write",
                "resource types": [
                    "run*"
                ],
                "conditionKeys": "",
                "dependentActions": [
                    ""
                ]
            },
            {
                "name": "DeleteTestGridProject",
                "description": "Grants permission to delete a desktop testing project",
                "access level": "Write",
                "resource types": [
                    "testgrid-project*"
                ],
                "conditionKeys": "",
                "dependentActions": [
                    ""
                ]
            },
            {
                "name": "DeleteUpload",
                "description": "Grants permission to delete a user-uploaded file",
                "access level": "Write",
                "resource types": [
                    "upload*"
                ],
                "conditionKeys": "",
                "dependentActions": [
                    ""
                ]
            },
            {
                "name": "DeleteVPCEConfiguration",
                "description": "Grants permission to delete an Amazon Virtual Private Cloud (VPC) endpoint configuration",
                "access level": "Write",
                "resource types": [
                    "vpceconfiguration*"
                ],
                "conditionKeys": "",
                "dependentActions": [
                    ""
                ]
            },
            {
                "name": "GetAccountSettings",
                "description": "Grants permission to retrieve the number of unmetered iOS and/or unmetered Android devices purchased by the account",
                "access level": "Read",
                "resource types": [
                    ""
                ],
                "conditionKeys": "",
                "dependentActions": [
                    ""
                ]
            },
            {
                "name": "GetDevice",
                "description": "Grants permission to retrieve the information of a unique device type",
                "access level": "Read",
                "resource types": [
                    "device*"
                ],
                "conditionKeys": "",
                "dependentActions": [
                    ""
                ]
            },
            {
                "name": "GetDeviceInstance",
                "description": "Grants permission to retireve the information of a device instance",
                "access level": "Read",
                "resource types": [
                    "deviceinstance*"
                ],
                "conditionKeys": "",
                "dependentActions": [
                    ""
                ]
            },
            {
                "name": "GetDevicePool",
                "description": "Grants permission to retireve the information of a device pool",
                "access level": "Read",
                "resource types": [
                    "devicepool*"
                ],
                "conditionKeys": "",
                "dependentActions": [
                    ""
                ]
            },
            {
                "name": "GetDevicePoolCompatibility",
                "description": "Grants permission to retrieve information about the compatibility of a test and/or app with a device pool",
                "access level": "Read",
                "resource types": [
                    "devicepool*"
                ],
                "conditionKeys": "",
                "dependentActions": [
                    ""
                ]
            },
            {
                "name": "GetInstanceProfile",
                "description": "Grants permission to retireve the information of an instance profile",
                "access level": "Read",
                "resource types": [
                    "instanceprofile*"
                ],
                "conditionKeys": "",
                "dependentActions": [
                    ""
                ]
            },
            {
                "name": "GetJob",
                "description": "Grants permission to retireve the information of a job",
                "access level": "Read",
                "resource types": [
                    "job*"
                ],
                "conditionKeys": "",
                "dependentActions": [
                    ""
                ]
            },
            {
                "name": "GetNetworkProfile",
                "description": "Grants permission to retireve the information of a network profile",
                "access level": "Read",
                "resource types": [
                    "networkprofile*"
                ],
                "conditionKeys": "",
                "dependentActions": [
                    ""
                ]
            },
            {
                "name": "GetOfferingStatus",
                "description": "Grants permission to retrieve the current status and future status of all offerings purchased by an AWS account",
                "access level": "Read",
                "resource types": [
                    ""
                ],
                "conditionKeys": "",
                "dependentActions": [
                    ""
                ]
            },
            {
                "name": "GetProject",
                "description": "Grants permission to retrieve information about a mobile testing project",
                "access level": "Read",
                "resource types": [
                    "project*"
                ],
                "conditionKeys": "",
                "dependentActions": [
                    ""
                ]
            },
            {
                "name": "GetRemoteAccessSession",
                "description": "Grants permission to retireve the link to a currently running remote access session",
                "access level": "Read",
                "resource types": [
                    "session*"
                ],
                "conditionKeys": "",
                "dependentActions": [
                    ""
                ]
            },
            {
                "name": "GetRun",
                "description": "Grants permission to retireve the information of a run",
                "access level": "Read",
                "resource types": [
                    "run*"
                ],
                "conditionKeys": "",
                "dependentActions": [
                    ""
                ]
            },
            {
                "name": "GetSuite",
                "description": "Grants permission to retireve the information of a testing suite",
                "access level": "Read",
                "resource types": [
                    "suite*"
                ],
                "conditionKeys": "",
                "dependentActions": [
                    ""
                ]
            },
            {
                "name": "GetTest",
                "description": "Grants permission to retireve the information of a test case",
                "access level": "Read",
                "resource types": [
                    "test*"
                ],
                "conditionKeys": "",
                "dependentActions": [
                    ""
                ]
            },
            {
                "name": "GetTestGridProject",
                "description": "Grants permission to retrieve information about a desktop testing project",
                "access level": "Read",
                "resource types": [
                    "testgrid-project*"
                ],
                "conditionKeys": "",
                "dependentActions": [
                    ""
                ]
            },
            {
                "name": "GetTestGridSession",
                "description": "Grants permission to retireve the information of a test grid session",
                "access level": "Read",
                "resource types": [
                    "testgrid-project"
                ],
                "conditionKeys": "",
                "dependentActions": [
                    ""
                ]
            },
            {
                "name": "GetUpload",
                "description": "Grants permission to retireve the information of an uploaded file",
                "access level": "Read",
                "resource types": [
                    "upload*"
                ],
                "conditionKeys": "",
                "dependentActions": [
                    ""
                ]
            },
            {
                "name": "GetVPCEConfiguration",
                "description": "Grants permission to retireve the information of an Amazon Virtual Private Cloud (VPC) endpoint configuration",
                "access level": "Read",
                "resource types": [
                    "vpceconfiguration*"
                ],
                "conditionKeys": "",
                "dependentActions": [
                    ""
                ]
            },
            {
                "name": "InstallToRemoteAccessSession",
                "description": "Grants permission to install an application to a device in a remote access session",
                "access level": "Write",
                "resource types": [
                    "session*"
                ],
                "conditionKeys": "",
                "dependentActions": [
                    ""
                ]
            },
            {
                "name": "ListArtifacts",
                "description": "Grants permission to list the artifacts in a project",
                "access level": "List",
                "resource types": [
                    "job"
                ],
                "conditionKeys": "",
                "dependentActions": [
                    ""
                ]
            },
            {
                "name": "ListDeviceInstances",
                "description": "Grants permission to list the information of device instances",
                "access level": "List",
                "resource types": [
                    ""
                ],
                "conditionKeys": "",
                "dependentActions": [
                    ""
                ]
            },
            {
                "name": "ListDevicePools",
                "description": "Grants permission to list the information of device pools",
                "access level": "List",
                "resource types": [
                    "project*"
                ],
                "conditionKeys": "",
                "dependentActions": [
                    ""
                ]
            },
            {
                "name": "ListDevices",
                "description": "Grants permission to list the information of unique device types",
                "access level": "List",
                "resource types": [
                    ""
                ],
                "conditionKeys": "",
                "dependentActions": [
                    ""
                ]
            },
            {
                "name": "ListInstanceProfiles",
                "description": "Grants permission to list the information of device instance profiles",
                "access level": "List",
                "resource types": [
                    ""
                ],
                "conditionKeys": "",
                "dependentActions": [
                    ""
                ]
            },
            {
                "name": "ListJobs",
                "description": "Grants permission to list the information of jobs within a run",
                "access level": "List",
                "resource types": [
                    "run*"
                ],
                "conditionKeys": "",
                "dependentActions": [
                    ""
                ]
            },
            {
                "name": "ListNetworkProfiles",
                "description": "Grants permission to list the information of network profiles within a project",
                "access level": "List",
                "resource types": [
                    "project*"
                ],
                "conditionKeys": "",
                "dependentActions": [
                    ""
                ]
            },
            {
                "name": "ListOfferingPromotions",
                "description": "Grants permission to list the offering promotions",
                "access level": "List",
                "resource types": [
                    ""
                ],
                "conditionKeys": "",
                "dependentActions": [
                    ""
                ]
            },
            {
                "name": "ListOfferingTransactions",
                "description": "Grants permission to list all of the historical purchases, renewals, and system renewal transactions for an AWS account",
                "access level": "List",
                "resource types": [
                    ""
                ],
                "conditionKeys": "",
                "dependentActions": [
                    ""
                ]
            },
            {
                "name": "ListOfferings",
                "description": "Grants permission to list the products or offerings that the user can manage through the API",
                "access level": "List",
                "resource types": [
                    ""
                ],
                "conditionKeys": "",
                "dependentActions": [
                    ""
                ]
            },
            {
                "name": "ListProjects",
                "description": "Grants permission to list the information of mobile testing projects for an AWS account",
                "access level": "List",
                "resource types": [
                    ""
                ],
                "conditionKeys": "",
                "dependentActions": [
                    ""
                ]
            },
            {
                "name": "ListRemoteAccessSessions",
                "description": "Grants permission to list the information of currently running remote access sessions",
                "access level": "List",
                "resource types": [
                    "project*"
                ],
                "conditionKeys": "",
                "dependentActions": [
                    ""
                ]
            },
            {
                "name": "ListRuns",
                "description": "Grants permission to list the information of runs within a project",
                "access level": "List",
                "resource types": [
                    "project*"
                ],
                "conditionKeys": "",
                "dependentActions": [
                    ""
                ]
            },
            {
                "name": "ListSamples",
                "description": "Grants permission to list the information of samples within a project",
                "access level": "List",
                "resource types": [
                    "job*"
                ],
                "conditionKeys": "",
                "dependentActions": [
                    ""
                ]
            },
            {
                "name": "ListSuites",
                "description": "Grants permission to list the information of testing suites within a job",
                "access level": "List",
                "resource types": [
                    "job*"
                ],
                "conditionKeys": "",
                "dependentActions": [
                    ""
                ]
            },
            {
                "name": "ListTagsForResource",
                "description": "Grants permission to list the tags of a resource",
                "access level": "List",
                "resource types": [
                    "device"
                ],
                "conditionKeys": "",
                "dependentActions": [
                    ""
                ]
            },
            {
                "name": "ListTestGridProjects",
                "description": "Grants permission to list the information of desktop testing projects for an AWS account",
                "access level": "List",
                "resource types": [
                    ""
                ],
                "conditionKeys": "",
                "dependentActions": [
                    ""
                ]
            },
            {
                "name": "ListTestGridSessionActions",
                "description": "Grants permission to list the session actions performed during a test grid session",
                "access level": "List",
                "resource types": [
                    "testgrid-session*"
                ],
                "conditionKeys": "",
                "dependentActions": [
                    ""
                ]
            },
            {
                "name": "ListTestGridSessionArtifacts",
                "description": "Grants permission to list the artifacts generated by a test grid session",
                "access level": "List",
                "resource types": [
                    "testgrid-session*"
                ],
                "conditionKeys": "",
                "dependentActions": [
                    ""
                ]
            },
            {
                "name": "ListTestGridSessions",
                "description": "Grants permission to list the sessions within a test grid project",
                "access level": "List",
                "resource types": [
                    "testgrid-project*"
                ],
                "conditionKeys": "",
                "dependentActions": [
                    ""
                ]
            },
            {
                "name": "ListTests",
                "description": "Grants permission to list the information of tests within a testing suite",
                "access level": "List",
                "resource types": [
                    "suite*"
                ],
                "conditionKeys": "",
                "dependentActions": [
                    ""
                ]
            },
            {
                "name": "ListUniqueProblems",
                "description": "Grants permission to list the information of unique problems within a run",
                "access level": "List",
                "resource types": [
                    "run*"
                ],
                "conditionKeys": "",
                "dependentActions": [
                    ""
                ]
            },
            {
                "name": "ListUploads",
                "description": "Grants permission to list the information of uploads within a project",
                "access level": "List",
                "resource types": [
                    "project*"
                ],
                "conditionKeys": "",
                "dependentActions": [
                    ""
                ]
            },
            {
                "name": "ListVPCEConfigurations",
                "description": "Grants permission to list the information of Amazon Virtual Private Cloud (VPC) endpoint configurations",
                "access level": "List",
                "resource types": [
                    ""
                ],
                "conditionKeys": "",
                "dependentActions": [
                    ""
                ]
            },
            {
                "name": "PurchaseOffering",
                "description": "Grants permission to purchase offerings for an AWS account",
                "access level": "Write",
                "resource types": [
                    ""
                ],
                "conditionKeys": "",
                "dependentActions": [
                    ""
                ]
            },
            {
                "name": "RenewOffering",
                "description": "Grants permission to set the quantity of devices to renew for an offering",
                "access level": "Write",
                "resource types": [
                    ""
                ],
                "conditionKeys": "",
                "dependentActions": [
                    ""
                ]
            },
            {
                "name": "ScheduleRun",
                "description": "Grants permission to schedule a run",
                "access level": "Write",
                "resource types": [
                    "project*"
                ],
                "conditionKeys": "",
                "dependentActions": [
                    ""
                ]
            },
            {
                "name": "StopJob",
                "description": "Grants permission to terminate a running job",
                "access level": "Write",
                "resource types": [
                    "job*"
                ],
                "conditionKeys": "",
                "dependentActions": [
                    ""
                ]
            },
            {
                "name": "StopRemoteAccessSession",
                "description": "Grants permission to terminate a running remote access session",
                "access level": "Write",
                "resource types": [
                    "session*"
                ],
                "conditionKeys": "",
                "dependentActions": [
                    ""
                ]
            },
            {
                "name": "StopRun",
                "description": "Grants permission to terminate a running test run",
                "access level": "Write",
                "resource types": [
                    "run*"
                ],
                "conditionKeys": "",
                "dependentActions": [
                    ""
                ]
            },
            {
                "name": "TagResource",
                "description": "Grants permission to add tags to a resource",
                "access level": "Tagging",
                "resource types": [
                    "device"
                ],
                "conditionKeys": "",
                "dependentActions": [
                    ""
                ]
            },
            {
                "name": "UntagResource",
                "description": "Grants permission to remove tags from a resource",
                "access level": "Tagging",
                "resource types": [
                    "device"
                ],
                "conditionKeys": "",
                "dependentActions": [
                    ""
                ]
            },
            {
                "name": "UpdateDeviceInstance",
                "description": "Grants permission to modify an existing device instance",
                "access level": "Write",
                "resource types": [
                    "deviceinstance*"
                ],
                "conditionKeys": "",
                "dependentActions": [
                    ""
                ]
            },
            {
                "name": "UpdateDevicePool",
                "description": "Grants permission to modify an existing device pool",
                "access level": "Write",
                "resource types": [
                    "devicepool*"
                ],
                "conditionKeys": "",
                "dependentActions": [
                    ""
                ]
            },
            {
                "name": "UpdateInstanceProfile",
                "description": "Grants permission to modify an existing instance profile",
                "access level": "Write",
                "resource types": [
                    "instanceprofile*"
                ],
                "conditionKeys": "",
                "dependentActions": [
                    ""
                ]
            },
            {
                "name": "UpdateNetworkProfile",
                "description": "Grants permission to modify an existing network profile",
                "access level": "Write",
                "resource types": [
                    "networkprofile*"
                ],
                "conditionKeys": "",
                "dependentActions": [
                    ""
                ]
            },
            {
                "name": "UpdateProject",
                "description": "Grants permission to modify an existing mobile testing project",
                "access level": "Write",
                "resource types": [
                    "project*"
                ],
                "conditionKeys": "",
                "dependentActions": [
                    "ec2:CreateNetworkInterface\n                            \n\n                                ec2:DescribeSecurityGroups\n                            \n\n                                ec2:DescribeSubnets\n                            \n\n                                ec2:DescribeVpcs\n                            \n\n                                iam:CreateServiceLinkedRole"
                ]
            },
            {
                "name": "UpdateTestGridProject",
                "description": "Grants permission to modify an existing desktop testing project",
                "access level": "Write",
                "resource types": [
                    "testgrid-project*"
                ],
                "conditionKeys": "",
                "dependentActions": [
                    "ec2:CreateNetworkInterface\n                            \n\n                                ec2:DescribeSecurityGroups\n                            \n\n                                ec2:DescribeSubnets\n                            \n\n                                ec2:DescribeVpcs\n                            \n\n                                iam:CreateServiceLinkedRole"
                ]
            },
            {
                "name": "UpdateUpload",
                "description": "Grants permission to modify an existing upload",
                "access level": "Write",
                "resource types": [
                    "upload*"
                ],
                "conditionKeys": "",
                "dependentActions": [
                    ""
                ]
            },
            {
                "name": "UpdateVPCEConfiguration",
                "description": "Grants permission to modify an existing Amazon Virtual Private Cloud (VPC) endpoint configuration",
                "access level": "Write",
                "resource types": [
                    "vpceconfiguration*"
                ],
                "conditionKeys": "",
                "dependentActions": [
                    ""
                ]
            }
        ]
    },
    {
        "resources": [
            {
                "resource_type": "project",
                "ARN": "arn:${Partition}:devicefarm:${Region}:${Account}:project:${ResourceId}",
                "conditionKeys": "aws:ResourceTag/${TagKey}"
            },
            {
                "resource_type": "run",
                "ARN": "arn:${Partition}:devicefarm:${Region}:${Account}:run:${ResourceId}",
                "conditionKeys": "aws:ResourceTag/${TagKey}"
            },
            {
                "resource_type": "job",
                "ARN": "arn:${Partition}:devicefarm:${Region}:${Account}:job:${ResourceId}",
                "conditionKeys": ""
            },
            {
                "resource_type": "suite",
                "ARN": "arn:${Partition}:devicefarm:${Region}:${Account}:suite:${ResourceId}",
                "conditionKeys": ""
            },
            {
                "resource_type": "test",
                "ARN": "arn:${Partition}:devicefarm:${Region}:${Account}:test:${ResourceId}",
                "conditionKeys": ""
            },
            {
                "resource_type": "upload",
                "ARN": "arn:${Partition}:devicefarm:${Region}:${Account}:upload:${ResourceId}",
                "conditionKeys": ""
            },
            {
                "resource_type": "artifact",
                "ARN": "arn:${Partition}:devicefarm:${Region}:${Account}:artifact:${ResourceId}",
                "conditionKeys": ""
            },
            {
                "resource_type": "sample",
                "ARN": "arn:${Partition}:devicefarm:${Region}:${Account}:sample:${ResourceId}",
                "conditionKeys": ""
            },
            {
                "resource_type": "networkprofile",
                "ARN": "arn:${Partition}:devicefarm:${Region}:${Account}:networkprofile:${ResourceId}",
                "conditionKeys": "aws:ResourceTag/${TagKey}"
            },
            {
                "resource_type": "deviceinstance",
                "ARN": "arn:${Partition}:devicefarm:${Region}::deviceinstance:${ResourceId}",
                "conditionKeys": "aws:ResourceTag/${TagKey}"
            },
            {
                "resource_type": "session",
                "ARN": "arn:${Partition}:devicefarm:${Region}:${Account}:session:${ResourceId}",
                "conditionKeys": "aws:ResourceTag/${TagKey}"
            },
            {
                "resource_type": "devicepool",
                "ARN": "arn:${Partition}:devicefarm:${Region}:${Account}:devicepool:${ResourceId}",
                "conditionKeys": "aws:ResourceTag/${TagKey}"
            },
            {
                "resource_type": "device",
                "ARN": "arn:${Partition}:devicefarm:${Region}::device:${ResourceId}",
                "conditionKeys": "aws:ResourceTag/${TagKey}"
            },
            {
                "resource_type": "instanceprofile",
                "ARN": "arn:${Partition}:devicefarm:${Region}:${Account}:instanceprofile:${ResourceId}",
                "conditionKeys": "aws:ResourceTag/${TagKey}"
            },
            {
                "resource_type": "vpceconfiguration",
                "ARN": "arn:${Partition}:devicefarm:${Region}:${Account}:vpceconfiguration:${ResourceId}",
                "conditionKeys": "aws:ResourceTag/${TagKey}"
            },
            {
                "resource_type": "testgrid-project",
                "ARN": "arn:${Partition}:devicefarm:${Region}:${Account}:testgrid-project:${ResourceId}",
                "conditionKeys": "aws:ResourceTag/${TagKey}"
            },
            {
                "resource_type": "testgrid-session",
                "ARN": "arn:${Partition}:devicefarm:${Region}:${Account}:testgrid-session:${ResourceId}",
                "conditionKeys": "aws:ResourceTag/${TagKey}"
            }
        ]
    },
    {
        "conditions": [
            {
                "Condition keys": "aws:RequestTag/${TagKey}",
                "Description": "Filters actions based on the allowed set of values for each of the tags",
                "Type": "String"
            },
            {
                "Condition keys": "aws:ResourceTag/${TagKey}",
                "Description": "Filters actions based on tag-value assoicated with the resource",
                "Type": "String"
            },
            {
                "Condition keys": "aws:TagKeys",
                "Description": "Filters actions based on the presence of mandatory tags in the request",
                "Type": "ArrayOfString"
            }
        ]
    }
]