[
    {
        "prefix_item": "dynamodb"
    },
    {
        "link": "https://docs.aws.amazon.com/service-authorization/latest/reference/./list_amazondynamodb.html"
    },
    {
        "actions": [
            {
                "name": "BatchGetItem",
                "description": "Grants permission to return the attributes of one or more items from one or more tables",
                "access level": "Read",
                "resource types": [
                    "table*"
                ],
                "conditionKeys": "",
                "dependentActions": [
                    ""
                ]
            },
            {
                "name": "BatchWriteItem",
                "description": "Grants permission to put or delete multiple items in one or more tables",
                "access level": "Write",
                "resource types": [
                    "table*"
                ],
                "conditionKeys": "",
                "dependentActions": [
                    ""
                ]
            },
            {
                "name": "ConditionCheckItem",
                "description": "Grants permission to the ConditionCheckItem operation checks the existence of a set of attributes for the item with the given primary key",
                "access level": "Read",
                "resource types": [
                    "table*"
                ],
                "conditionKeys": "",
                "dependentActions": [
                    ""
                ]
            },
            {
                "name": "CreateBackup",
                "description": "Grants permission to create a backup for an existing table",
                "access level": "Write",
                "resource types": [
                    "table*"
                ],
                "conditionKeys": "",
                "dependentActions": [
                    ""
                ]
            },
            {
                "name": "CreateGlobalTable",
                "description": "Grants permission to create a global table from an existing table",
                "access level": "Write",
                "resource types": [
                    "global-table*"
                ],
                "conditionKeys": "",
                "dependentActions": [
                    ""
                ]
            },
            {
                "name": "CreateTable",
                "description": "Grants permission to the CreateTable operation adds a new table to your account",
                "access level": "Write",
                "resource types": [
                    "table*"
                ],
                "conditionKeys": "",
                "dependentActions": [
                    ""
                ]
            },
            {
                "name": "CreateTableReplica [permission only]",
                "description": "Grants permission to add a new replica table",
                "access level": "Write",
                "resource types": [
                    "table*"
                ],
                "conditionKeys": "",
                "dependentActions": [
                    ""
                ]
            },
            {
                "name": "DeleteBackup",
                "description": "Grants permission to delete an existing backup of a table",
                "access level": "Write",
                "resource types": [
                    "backup*"
                ],
                "conditionKeys": "",
                "dependentActions": [
                    ""
                ]
            },
            {
                "name": "DeleteItem",
                "description": "Grants permission to deletes a single item in a table by primary key",
                "access level": "Write",
                "resource types": [
                    "table*"
                ],
                "conditionKeys": "",
                "dependentActions": [
                    ""
                ]
            },
            {
                "name": "DeleteTable",
                "description": "Grants permission to the DeleteTable operation which deletes a table and all of its items",
                "access level": "Write",
                "resource types": [
                    "table*"
                ],
                "conditionKeys": "",
                "dependentActions": [
                    ""
                ]
            },
            {
                "name": "DeleteTableReplica [permission only]",
                "description": "Grants permission to delete a replica table and all of its items",
                "access level": "Write",
                "resource types": [
                    "table*"
                ],
                "conditionKeys": "",
                "dependentActions": [
                    ""
                ]
            },
            {
                "name": "DescribeBackup",
                "description": "Grants permission to describe an existing backup of a table",
                "access level": "Read",
                "resource types": [
                    "backup*"
                ],
                "conditionKeys": "",
                "dependentActions": [
                    ""
                ]
            },
            {
                "name": "DescribeContinuousBackups",
                "description": "Grants permission to check the status of the backup restore settings on the specified table",
                "access level": "Read",
                "resource types": [
                    "table*"
                ],
                "conditionKeys": "",
                "dependentActions": [
                    ""
                ]
            },
            {
                "name": "DescribeContributorInsights",
                "description": "Grants permission to describe the contributor insights status and related details for a given table or global secondary index",
                "access level": "Read",
                "resource types": [
                    "table*"
                ],
                "conditionKeys": "",
                "dependentActions": [
                    ""
                ]
            },
            {
                "name": "DescribeEndpoints",
                "description": "Grants permission to return the regional endpoint information",
                "access level": "Read",
                "resource types": [
                    ""
                ],
                "conditionKeys": "",
                "dependentActions": [
                    ""
                ]
            },
            {
                "name": "DescribeExport",
                "description": "Grants permission to describe an existing Export of a table",
                "access level": "Read",
                "resource types": [
                    "export*"
                ],
                "conditionKeys": "",
                "dependentActions": [
                    ""
                ]
            },
            {
                "name": "DescribeGlobalTable",
                "description": "Grants permission to return information about the specified global table",
                "access level": "Read",
                "resource types": [
                    "global-table*"
                ],
                "conditionKeys": "",
                "dependentActions": [
                    ""
                ]
            },
            {
                "name": "DescribeGlobalTableSettings",
                "description": "Grants permission to return settings information about the specified global table",
                "access level": "Read",
                "resource types": [
                    "global-table*"
                ],
                "conditionKeys": "",
                "dependentActions": [
                    ""
                ]
            },
            {
                "name": "DescribeImport",
                "description": "Grants permission to describe an existing import",
                "access level": "Read",
                "resource types": [
                    "import*"
                ],
                "conditionKeys": "",
                "dependentActions": [
                    ""
                ]
            },
            {
                "name": "DescribeKinesisStreamingDestination",
                "description": "Grants permission to grant permission to describe the status of Kinesis streaming and related details for a given table",
                "access level": "Read",
                "resource types": [
                    "table*"
                ],
                "conditionKeys": "",
                "dependentActions": [
                    ""
                ]
            },
            {
                "name": "DescribeLimits",
                "description": "Grants permission to return the current provisioned-capacity limits for your AWS account in a region, both for the region as a whole and for any one DynamoDB table that you create there",
                "access level": "Read",
                "resource types": [
                    ""
                ],
                "conditionKeys": "",
                "dependentActions": [
                    ""
                ]
            },
            {
                "name": "DescribeReservedCapacity [permission only]",
                "description": "Grants permission to describe one or more of the Reserved Capacity purchased",
                "access level": "Read",
                "resource types": [
                    ""
                ],
                "conditionKeys": "",
                "dependentActions": [
                    ""
                ]
            },
            {
                "name": "DescribeReservedCapacityOfferings [permission only]",
                "description": "Grants permission to describe Reserved Capacity offerings that are available for purchase",
                "access level": "Read",
                "resource types": [
                    ""
                ],
                "conditionKeys": "",
                "dependentActions": [
                    ""
                ]
            },
            {
                "name": "DescribeStream",
                "description": "Grants permission to return information about a stream, including the current status of the stream, its Amazon Resource Name (ARN), the composition of its shards, and its corresponding DynamoDB table",
                "access level": "Read",
                "resource types": [
                    "stream*"
                ],
                "conditionKeys": "",
                "dependentActions": [
                    ""
                ]
            },
            {
                "name": "DescribeTable",
                "description": "Grants permission to return information about the table",
                "access level": "Read",
                "resource types": [
                    "table*"
                ],
                "conditionKeys": "",
                "dependentActions": [
                    ""
                ]
            },
            {
                "name": "DescribeTableReplicaAutoScaling",
                "description": "Grants permission to describe the auto scaling settings across all replicas of the global table",
                "access level": "Read",
                "resource types": [
                    "table*"
                ],
                "conditionKeys": "",
                "dependentActions": [
                    ""
                ]
            },
            {
                "name": "DescribeTimeToLive",
                "description": "Grants permission to give a description of the Time to Live (TTL) status on the specified table",
                "access level": "Read",
                "resource types": [
                    "table*"
                ],
                "conditionKeys": "",
                "dependentActions": [
                    ""
                ]
            },
            {
                "name": "DisableKinesisStreamingDestination",
                "description": "Grants permission to grant permission to stop replication from the DynamoDB table to the Kinesis data stream",
                "access level": "Write",
                "resource types": [
                    "table*"
                ],
                "conditionKeys": "",
                "dependentActions": [
                    ""
                ]
            },
            {
                "name": "EnableKinesisStreamingDestination",
                "description": "Grants permission to grant permission to start table data replication to the specified Kinesis data stream at a timestamp chosen during the enable workflow",
                "access level": "Write",
                "resource types": [
                    "table*"
                ],
                "conditionKeys": "",
                "dependentActions": [
                    ""
                ]
            },
            {
                "name": "ExportTableToPointInTime",
                "description": "Grants permission to initiate an Export of a DynamoDB table to S3",
                "access level": "Write",
                "resource types": [
                    "table*"
                ],
                "conditionKeys": "",
                "dependentActions": [
                    ""
                ]
            },
            {
                "name": "GetItem",
                "description": "Grants permission to the GetItem operation that returns a set of attributes for the item with the given primary key",
                "access level": "Read",
                "resource types": [
                    "table*"
                ],
                "conditionKeys": "",
                "dependentActions": [
                    ""
                ]
            },
            {
                "name": "GetRecords",
                "description": "Grants permission to retrieve the stream records from a given shard",
                "access level": "Read",
                "resource types": [
                    "stream*"
                ],
                "conditionKeys": "",
                "dependentActions": [
                    ""
                ]
            },
            {
                "name": "GetShardIterator",
                "description": "Grants permission to return a shard iterator",
                "access level": "Read",
                "resource types": [
                    "stream*"
                ],
                "conditionKeys": "",
                "dependentActions": [
                    ""
                ]
            },
            {
                "name": "ImportTable",
                "description": "Grants permission to initiate an import from S3 to a DynamoDB table",
                "access level": "Write",
                "resource types": [
                    "table*"
                ],
                "conditionKeys": "",
                "dependentActions": [
                    ""
                ]
            },
            {
                "name": "ListBackups",
                "description": "Grants permission to list backups associated with the account and endpoint",
                "access level": "List",
                "resource types": [
                    ""
                ],
                "conditionKeys": "",
                "dependentActions": [
                    ""
                ]
            },
            {
                "name": "ListContributorInsights",
                "description": "Grants permission to list the ContributorInsightsSummary for all tables and global secondary indexes associated with the current account and endpoint",
                "access level": "List",
                "resource types": [
                    ""
                ],
                "conditionKeys": "",
                "dependentActions": [
                    ""
                ]
            },
            {
                "name": "ListExports",
                "description": "Grants permission to list exports associated with the account and endpoint",
                "access level": "List",
                "resource types": [
                    ""
                ],
                "conditionKeys": "",
                "dependentActions": [
                    ""
                ]
            },
            {
                "name": "ListGlobalTables",
                "description": "Grants permission to list all global tables that have a replica in the specified region",
                "access level": "List",
                "resource types": [
                    ""
                ],
                "conditionKeys": "",
                "dependentActions": [
                    ""
                ]
            },
            {
                "name": "ListImports",
                "description": "Grants permission to list imports associated with the account and endpoint",
                "access level": "List",
                "resource types": [
                    ""
                ],
                "conditionKeys": "",
                "dependentActions": [
                    ""
                ]
            },
            {
                "name": "ListStreams",
                "description": "Grants permission to return an array of stream ARNs associated with the current account and endpoint",
                "access level": "Read",
                "resource types": [
                    ""
                ],
                "conditionKeys": "",
                "dependentActions": [
                    ""
                ]
            },
            {
                "name": "ListTables",
                "description": "Grants permission to return an array of table names associated with the current account and endpoint",
                "access level": "List",
                "resource types": [
                    ""
                ],
                "conditionKeys": "",
                "dependentActions": [
                    ""
                ]
            },
            {
                "name": "ListTagsOfResource",
                "description": "Grants permission to list all tags on an Amazon DynamoDB resource",
                "access level": "Read",
                "resource types": [
                    "table*"
                ],
                "conditionKeys": "",
                "dependentActions": [
                    ""
                ]
            },
            {
                "name": "PartiQLDelete",
                "description": "Grants permission to delete a single item in a table by primary key",
                "access level": "Write",
                "resource types": [
                    "table*"
                ],
                "conditionKeys": "",
                "dependentActions": [
                    ""
                ]
            },
            {
                "name": "PartiQLInsert",
                "description": "Grants permission to create a new item, if an item with same primary key does not exist in the table",
                "access level": "Write",
                "resource types": [
                    "table*"
                ],
                "conditionKeys": "",
                "dependentActions": [
                    ""
                ]
            },
            {
                "name": "PartiQLSelect",
                "description": "Grants permission to read a set of attributes for items from a table or index",
                "access level": "Read",
                "resource types": [
                    "table*"
                ],
                "conditionKeys": "",
                "dependentActions": [
                    ""
                ]
            },
            {
                "name": "PartiQLUpdate",
                "description": "Grants permission to edit an existing item's attributes",
                "access level": "Write",
                "resource types": [
                    "table*"
                ],
                "conditionKeys": "",
                "dependentActions": [
                    ""
                ]
            },
            {
                "name": "PurchaseReservedCapacityOfferings [permission only]",
                "description": "Grants permission to purchases reserved capacity for use with your account",
                "access level": "Write",
                "resource types": [
                    ""
                ],
                "conditionKeys": "",
                "dependentActions": [
                    ""
                ]
            },
            {
                "name": "PutItem",
                "description": "Grants permission to create a new item, or replace an old item with a new item",
                "access level": "Write",
                "resource types": [
                    "table*"
                ],
                "conditionKeys": "",
                "dependentActions": [
                    ""
                ]
            },
            {
                "name": "Query",
                "description": "Grants permission to use the primary key of a table or a secondary index to directly access items from that table or index",
                "access level": "Read",
                "resource types": [
                    "table*"
                ],
                "conditionKeys": "",
                "dependentActions": [
                    ""
                ]
            },
            {
                "name": "RestoreTableFromAwsBackup [permission only]",
                "description": "Grants permission to create a new table from recovery point on AWS Backup",
                "access level": "Write",
                "resource types": [
                    "table*"
                ],
                "conditionKeys": "",
                "dependentActions": [
                    ""
                ]
            },
            {
                "name": "RestoreTableFromBackup",
                "description": "Grants permission to create a new table from an existing backup",
                "access level": "Write",
                "resource types": [
                    "backup*"
                ],
                "conditionKeys": "",
                "dependentActions": [
                    "dynamodb:BatchWriteItem\n                            \n\n                                dynamodb:DeleteItem\n                            \n\n                                dynamodb:GetItem\n                            \n\n                                dynamodb:PutItem\n                            \n\n                                dynamodb:Query\n                            \n\n                                dynamodb:Scan\n                            \n\n                                dynamodb:UpdateItem"
                ]
            },
            {
                "name": "RestoreTableToPointInTime",
                "description": "Grants permission to restore a table to a point in time",
                "access level": "Write",
                "resource types": [
                    "table*"
                ],
                "conditionKeys": "",
                "dependentActions": [
                    "dynamodb:BatchWriteItem\n                            \n\n                                dynamodb:DeleteItem\n                            \n\n                                dynamodb:GetItem\n                            \n\n                                dynamodb:PutItem\n                            \n\n                                dynamodb:Query\n                            \n\n                                dynamodb:Scan\n                            \n\n                                dynamodb:UpdateItem"
                ]
            },
            {
                "name": "Scan",
                "description": "Grants permission to return one or more items and item attributes by accessing every item in a table or a secondary index",
                "access level": "Read",
                "resource types": [
                    "table*"
                ],
                "conditionKeys": "",
                "dependentActions": [
                    ""
                ]
            },
            {
                "name": "StartAwsBackupJob [permission only]",
                "description": "Grants permission to create a backup on AWS Backup with advanced features enabled",
                "access level": "Write",
                "resource types": [
                    "table*"
                ],
                "conditionKeys": "",
                "dependentActions": [
                    ""
                ]
            },
            {
                "name": "TagResource",
                "description": "Grants permission to associate a set of tags with an Amazon DynamoDB resource",
                "access level": "Tagging",
                "resource types": [
                    "table*"
                ],
                "conditionKeys": "",
                "dependentActions": [
                    ""
                ]
            },
            {
                "name": "UntagResource",
                "description": "Grants permission to remove the association of tags from an Amazon DynamoDB resource",
                "access level": "Tagging",
                "resource types": [
                    "table*"
                ],
                "conditionKeys": "",
                "dependentActions": [
                    ""
                ]
            },
            {
                "name": "UpdateContinuousBackups",
                "description": "Grants permission to enable or disable continuous backups",
                "access level": "Write",
                "resource types": [
                    "table*"
                ],
                "conditionKeys": "",
                "dependentActions": [
                    ""
                ]
            },
            {
                "name": "UpdateContributorInsights",
                "description": "Grants permission to update the status for contributor insights for a specific table or global secondary index",
                "access level": "Write",
                "resource types": [
                    "table*"
                ],
                "conditionKeys": "",
                "dependentActions": [
                    ""
                ]
            },
            {
                "name": "UpdateGlobalTable",
                "description": "Grants permission to add or remove replicas in the specified global table",
                "access level": "Write",
                "resource types": [
                    "global-table*"
                ],
                "conditionKeys": "",
                "dependentActions": [
                    ""
                ]
            },
            {
                "name": "UpdateGlobalTableSettings",
                "description": "Grants permission to update settings of the specified global table",
                "access level": "Write",
                "resource types": [
                    "global-table*"
                ],
                "conditionKeys": "",
                "dependentActions": [
                    ""
                ]
            },
            {
                "name": "UpdateGlobalTableVersion [permission only]",
                "description": "Grants permission to update version of the specified global table",
                "access level": "Write",
                "resource types": [
                    "global-table*"
                ],
                "conditionKeys": "",
                "dependentActions": [
                    ""
                ]
            },
            {
                "name": "UpdateItem",
                "description": "Grants permission to edit an existing item's attributes, or adds a new item to the table if it does not already exist",
                "access level": "Write",
                "resource types": [
                    "table*"
                ],
                "conditionKeys": "",
                "dependentActions": [
                    ""
                ]
            },
            {
                "name": "UpdateTable",
                "description": "Grants permission to modify the provisioned throughput settings, global secondary indexes, or DynamoDB Streams settings for a given table",
                "access level": "Write",
                "resource types": [
                    "table*"
                ],
                "conditionKeys": "",
                "dependentActions": [
                    ""
                ]
            },
            {
                "name": "UpdateTableReplicaAutoScaling",
                "description": "Grants permission to update auto scaling settings on your replica table",
                "access level": "Write",
                "resource types": [
                    "table*"
                ],
                "conditionKeys": "",
                "dependentActions": [
                    ""
                ]
            },
            {
                "name": "UpdateTimeToLive",
                "description": "Grants permission to enable or disable TTL for the specified table",
                "access level": "Write",
                "resource types": [
                    "table*"
                ],
                "conditionKeys": "",
                "dependentActions": [
                    ""
                ]
            }
        ]
    },
    {
        "resources": [
            {
                "resource_type": "index",
                "ARN": "arn:${Partition}:dynamodb:${Region}:${Account}:table/${TableName}/index/${IndexName}",
                "conditionKeys": ""
            },
            {
                "resource_type": "stream",
                "ARN": "arn:${Partition}:dynamodb:${Region}:${Account}:table/${TableName}/stream/${StreamLabel}",
                "conditionKeys": ""
            },
            {
                "resource_type": "table",
                "ARN": "arn:${Partition}:dynamodb:${Region}:${Account}:table/${TableName}",
                "conditionKeys": ""
            },
            {
                "resource_type": "backup",
                "ARN": "arn:${Partition}:dynamodb:${Region}:${Account}:table/${TableName}/backup/${BackupName}",
                "conditionKeys": ""
            },
            {
                "resource_type": "export",
                "ARN": "arn:${Partition}:dynamodb:${Region}:${Account}:table/${TableName}/export/${ExportName}",
                "conditionKeys": ""
            },
            {
                "resource_type": "global-table",
                "ARN": "arn:${Partition}:dynamodb::${Account}:global-table/${GlobalTableName}",
                "conditionKeys": ""
            },
            {
                "resource_type": "import",
                "ARN": "arn:${Partition}:dynamodb:${Region}:${Account}:table/${TableName}/import/${ImportName}",
                "conditionKeys": ""
            }
        ]
    },
    {
        "conditions": [
            {
                "Condition keys": "dynamodb:Attributes",
                "Description": "Filters access by attribute (field or column) names of the table",
                "Type": "ArrayOfString"
            },
            {
                "Condition keys": "dynamodb:EnclosingOperation",
                "Description": "Filters access by blocking Transactions APIs calls and allow the non-Transaction APIs calls and vice-versa",
                "Type": "String"
            },
            {
                "Condition keys": "dynamodb:FullTableScan",
                "Description": "Filters access by blocking full table scan",
                "Type": "Bool"
            },
            {
                "Condition keys": "dynamodb:LeadingKeys",
                "Description": "Filters access by the partition key of the table",
                "Type": "ArrayOfString"
            },
            {
                "Condition keys": "dynamodb:ReturnConsumedCapacity",
                "Description": "Filters access by the ReturnConsumedCapacity parameter of a request. Contains either \"TOTAL\" or \"NONE\"",
                "Type": "String"
            },
            {
                "Condition keys": "dynamodb:ReturnValues",
                "Description": "Filters access by the ReturnValues parameter of request. Contains one of the following: \"ALL_OLD\", \"UPDATED_OLD\",\"ALL_NEW\",\"UPDATED_NEW\", or \"NONE\"",
                "Type": "String"
            },
            {
                "Condition keys": "dynamodb:Select",
                "Description": "Filters access by the Select parameter of a Query or Scan request",
                "Type": "String"
            }
        ]
    }
]