[
    {
        "prefix_item": "ec2messages"
    },
    {
        "link": "https://docs.aws.amazon.com/service-authorization/latest/reference/./list_amazonmessagedeliveryservice.html"
    },
    {
        "actions": [
            {
                "name": "AcknowledgeMessage",
                "description": "Grants permission to acknowledge a message, ensuring it will not be delivered again",
                "access level": "Write",
                "resource types": [
                    ""
                ],
                "conditionKeys": "",
                "dependentActions": [
                    ""
                ]
            },
            {
                "name": "DeleteMessage",
                "description": "Grants permission to delete a message",
                "access level": "Write",
                "resource types": [
                    ""
                ],
                "conditionKeys": "",
                "dependentActions": [
                    ""
                ]
            },
            {
                "name": "FailMessage",
                "description": "Grants permission to fail a message, signifying the message could not be processed successfully, ensuring it cannot be replied to or delivered again",
                "access level": "Write",
                "resource types": [
                    ""
                ],
                "conditionKeys": "",
                "dependentActions": [
                    ""
                ]
            },
            {
                "name": "GetEndpoint",
                "description": "Grants permission to route traffic to the correct endpoint based on the given destination for the messages",
                "access level": "Read",
                "resource types": [
                    ""
                ],
                "conditionKeys": "",
                "dependentActions": [
                    ""
                ]
            },
            {
                "name": "GetMessages",
                "description": "Grants permission to deliver messages to clients/instances using long polling",
                "access level": "Read",
                "resource types": [
                    ""
                ],
                "conditionKeys": "ssm:SourceInstanceARN",
                "dependentActions": [
                    ""
                ]
            },
            {
                "name": "SendReply",
                "description": "Grants permission to send replies from clients/instances to upstream service",
                "access level": "Write",
                "resource types": [
                    ""
                ],
                "conditionKeys": "ssm:SourceInstanceARN",
                "dependentActions": [
                    ""
                ]
            }
        ]
    },
    {
        "conditions": [
            {
                "Condition keys": "ssm:SourceInstanceARN",
                "Description": "Filters access by verifying the Amazon Resource Name (ARN) of the AWS Systems Manager's managed instance from which the request is made. This key is not present when the request comes from the managed instance authenticated with an IAM role associated with EC2 instance profile",
                "Type": "String"
            }
        ]
    }
]