[
    {
        "prefix_item": "ecr-public"
    },
    {
        "link": "https://docs.aws.amazon.com/service-authorization/latest/reference/./list_amazonelasticcontainerregistrypublic.html"
    },
    {
        "actions": [
            {
                "name": "BatchCheckLayerAvailability",
                "description": "Grants permission to check the availability of multiple image layers in a specified registry and repository",
                "access level": "Read",
                "resource types": [
                    "repository*"
                ],
                "conditionKeys": "",
                "dependentActions": [
                    ""
                ]
            },
            {
                "name": "BatchDeleteImage",
                "description": "Grants permission to delete a list of specified images within a specified repository",
                "access level": "Write",
                "resource types": [
                    "repository*"
                ],
                "conditionKeys": "",
                "dependentActions": [
                    ""
                ]
            },
            {
                "name": "CompleteLayerUpload",
                "description": "Grants permission to inform Amazon ECR that the image layer upload for a specified registry, repository name, and upload ID, has completed",
                "access level": "Write",
                "resource types": [
                    "repository*"
                ],
                "conditionKeys": "",
                "dependentActions": [
                    ""
                ]
            },
            {
                "name": "CreateRepository",
                "description": "Grants permission to create an image repository",
                "access level": "Write",
                "resource types": [
                    "repository*"
                ],
                "conditionKeys": "",
                "dependentActions": [
                    ""
                ]
            },
            {
                "name": "DeleteRepository",
                "description": "Grants permission to delete an existing image repository",
                "access level": "Write",
                "resource types": [
                    "repository*"
                ],
                "conditionKeys": "",
                "dependentActions": [
                    ""
                ]
            },
            {
                "name": "DeleteRepositoryPolicy",
                "description": "Grants permission to delete the repository policy from a specified repository",
                "access level": "Write",
                "resource types": [
                    "repository*"
                ],
                "conditionKeys": "",
                "dependentActions": [
                    ""
                ]
            },
            {
                "name": "DescribeImageTags",
                "description": "Grants permission to describe all the image tags for a given repository",
                "access level": "List",
                "resource types": [
                    "repository*"
                ],
                "conditionKeys": "",
                "dependentActions": [
                    ""
                ]
            },
            {
                "name": "DescribeImages",
                "description": "Grants permission to get metadata about the images in a repository, including image size, image tags, and creation date",
                "access level": "Read",
                "resource types": [
                    "repository*"
                ],
                "conditionKeys": "",
                "dependentActions": [
                    ""
                ]
            },
            {
                "name": "DescribeRegistries",
                "description": "Grants permission to retrieve the catalog data associated with a registry",
                "access level": "List",
                "resource types": [
                    "registry*"
                ],
                "conditionKeys": "",
                "dependentActions": [
                    ""
                ]
            },
            {
                "name": "DescribeRepositories",
                "description": "Grants permission to describe image repositories in a registry",
                "access level": "List",
                "resource types": [
                    "repository"
                ],
                "conditionKeys": "",
                "dependentActions": [
                    ""
                ]
            },
            {
                "name": "GetAuthorizationToken",
                "description": "Grants permission to retrieve a token that is valid for a specified registry for 12 hours",
                "access level": "Read",
                "resource types": [
                    ""
                ],
                "conditionKeys": "",
                "dependentActions": [
                    ""
                ]
            },
            {
                "name": "GetRegistryCatalogData",
                "description": "Grants permission to retrieve the catalog data associated with a registry",
                "access level": "Read",
                "resource types": [
                    "registry*"
                ],
                "conditionKeys": "",
                "dependentActions": [
                    ""
                ]
            },
            {
                "name": "GetRepositoryCatalogData",
                "description": "Grants permission to retrieve the catalog data associated with a repository",
                "access level": "Read",
                "resource types": [
                    "repository*"
                ],
                "conditionKeys": "",
                "dependentActions": [
                    ""
                ]
            },
            {
                "name": "GetRepositoryPolicy",
                "description": "Grants permission to retrieve the repository policy for a specified repository",
                "access level": "Read",
                "resource types": [
                    "repository*"
                ],
                "conditionKeys": "",
                "dependentActions": [
                    ""
                ]
            },
            {
                "name": "InitiateLayerUpload",
                "description": "Grants permission to notify Amazon ECR that you intend to upload an image layer",
                "access level": "Write",
                "resource types": [
                    "repository*"
                ],
                "conditionKeys": "",
                "dependentActions": [
                    ""
                ]
            },
            {
                "name": "ListTagsForResource",
                "description": "Grants permission to list the tags for an Amazon ECR resource",
                "access level": "Read",
                "resource types": [
                    "repository*"
                ],
                "conditionKeys": "",
                "dependentActions": [
                    ""
                ]
            },
            {
                "name": "PutImage",
                "description": "Grants permission to create or update the image manifest associated with an image",
                "access level": "Write",
                "resource types": [
                    "repository*"
                ],
                "conditionKeys": "",
                "dependentActions": [
                    ""
                ]
            },
            {
                "name": "PutRegistryCatalogData",
                "description": "Grants permission to create and update the catalog data associated with a registry",
                "access level": "Write",
                "resource types": [
                    "registry*"
                ],
                "conditionKeys": "",
                "dependentActions": [
                    ""
                ]
            },
            {
                "name": "PutRepositoryCatalogData",
                "description": "Grants permission to update the catalog data associated with a repository",
                "access level": "Write",
                "resource types": [
                    "repository*"
                ],
                "conditionKeys": "",
                "dependentActions": [
                    ""
                ]
            },
            {
                "name": "SetRepositoryPolicy",
                "description": "Grants permission to apply a repository policy on a specified repository to control access permissions",
                "access level": "Permissions management",
                "resource types": [
                    "repository*"
                ],
                "conditionKeys": "",
                "dependentActions": [
                    ""
                ]
            },
            {
                "name": "TagResource",
                "description": "Grants permission to tag an Amazon ECR resource",
                "access level": "Tagging",
                "resource types": [
                    "repository*"
                ],
                "conditionKeys": "",
                "dependentActions": [
                    ""
                ]
            },
            {
                "name": "UntagResource",
                "description": "Grants permission to untag an Amazon ECR resource",
                "access level": "Tagging",
                "resource types": [
                    "repository*"
                ],
                "conditionKeys": "",
                "dependentActions": [
                    ""
                ]
            },
            {
                "name": "UploadLayerPart",
                "description": "Grants permission to upload an image layer part to Amazon ECR Public",
                "access level": "Write",
                "resource types": [
                    "repository*"
                ],
                "conditionKeys": "",
                "dependentActions": [
                    ""
                ]
            }
        ]
    },
    {
        "resources": [
            {
                "resource_type": "repository",
                "ARN": "arn:${Partition}:ecr-public::${Account}:repository/${RepositoryName}",
                "conditionKeys": "aws:ResourceTag/${TagKey}\n\n\necr-public:ResourceTag/${TagKey}"
            },
            {
                "resource_type": "registry",
                "ARN": "arn:${Partition}:ecr-public::${Account}:registry/${RegistryId}",
                "conditionKeys": ""
            }
        ]
    },
    {
        "conditions": [
            {
                "Condition keys": "aws:RequestTag/${TagKey}",
                "Description": "Filters create requests based on the allowed set of values for each of the tags",
                "Type": "String"
            },
            {
                "Condition keys": "aws:ResourceTag/${TagKey}",
                "Description": "Filters actions based on tag-value associated with the resource",
                "Type": "String"
            },
            {
                "Condition keys": "aws:TagKeys",
                "Description": "Filters create requests based on the presence of mandatory tags in the request",
                "Type": "ArrayOfString"
            },
            {
                "Condition keys": "ecr-public:ResourceTag/${TagKey}",
                "Description": "Filters actions based on tag-value associated with the resource",
                "Type": "String"
            }
        ]
    }
]