[
    {
        "prefix_item": "ecs"
    },
    {
        "link": "https://docs.aws.amazon.com/service-authorization/latest/reference/./list_amazonelasticcontainerservice.html"
    },
    {
        "actions": [
            {
                "name": "CreateCapacityProvider",
                "description": "Grants permission to create a new capacity provider. Capacity providers are associated with an Amazon ECS cluster and are used in capacity provider strategies to facilitate cluster auto scaling",
                "access level": "Write",
                "resource types": [
                    ""
                ],
                "conditionKeys": "aws:RequestTag/${TagKey}\n\n\naws:TagKeys",
                "dependentActions": [
                    ""
                ]
            },
            {
                "name": "CreateCluster",
                "description": "Grants permission to create a new Amazon ECS cluster",
                "access level": "Write",
                "resource types": [
                    ""
                ],
                "conditionKeys": "ecs:capacity-provider\n\n\naws:RequestTag/${TagKey}\n\n\naws:TagKeys",
                "dependentActions": [
                    ""
                ]
            },
            {
                "name": "CreateService",
                "description": "Grants permission to run and maintain a desired number of tasks from a specified task definition via service creation",
                "access level": "Write",
                "resource types": [
                    "service*"
                ],
                "conditionKeys": "",
                "dependentActions": [
                    ""
                ]
            },
            {
                "name": "CreateTaskSet",
                "description": "Grants permission to create a new Amazon ECS task set",
                "access level": "Write",
                "resource types": [
                    ""
                ],
                "conditionKeys": "ecs:cluster\n\n\necs:capacity-provider\n\n\necs:service\n\n\necs:task-definition\n\n\naws:RequestTag/${TagKey}\n\n\naws:TagKeys",
                "dependentActions": [
                    ""
                ]
            },
            {
                "name": "DeleteAccountSetting",
                "description": "Grants permission to modify the ARN and resource ID format of a resource for a specified IAM user, IAM role, or the root user for an account. You can specify whether the new ARN and resource ID format are disabled for new resources that are created",
                "access level": "Write",
                "resource types": [
                    ""
                ],
                "conditionKeys": "",
                "dependentActions": [
                    ""
                ]
            },
            {
                "name": "DeleteAttributes",
                "description": "Grants permission to delete one or more custom attributes from an Amazon ECS resource",
                "access level": "Write",
                "resource types": [
                    "container-instance*"
                ],
                "conditionKeys": "",
                "dependentActions": [
                    ""
                ]
            },
            {
                "name": "DeleteCapacityProvider",
                "description": "Grants permission to delete the specified capacity provider",
                "access level": "Write",
                "resource types": [
                    "capacity-provider*"
                ],
                "conditionKeys": "",
                "dependentActions": [
                    ""
                ]
            },
            {
                "name": "DeleteCluster",
                "description": "Grants permission to delete the specified cluster",
                "access level": "Write",
                "resource types": [
                    "cluster*"
                ],
                "conditionKeys": "",
                "dependentActions": [
                    ""
                ]
            },
            {
                "name": "DeleteService",
                "description": "Grants permission to delete a specified service within a cluster",
                "access level": "Write",
                "resource types": [
                    "service*"
                ],
                "conditionKeys": "",
                "dependentActions": [
                    ""
                ]
            },
            {
                "name": "DeleteTaskDefinitions",
                "description": "Grants permission to delete the specified task definitions by family and revision",
                "access level": "Write",
                "resource types": [
                    "task-definition*"
                ],
                "conditionKeys": "",
                "dependentActions": [
                    ""
                ]
            },
            {
                "name": "DeleteTaskSet",
                "description": "Grants permission to delete the specified task set",
                "access level": "Write",
                "resource types": [
                    "task-set*"
                ],
                "conditionKeys": "",
                "dependentActions": [
                    ""
                ]
            },
            {
                "name": "DeregisterContainerInstance",
                "description": "Grants permission to deregister an Amazon ECS container instance from the specified cluster",
                "access level": "Write",
                "resource types": [
                    "cluster*"
                ],
                "conditionKeys": "",
                "dependentActions": [
                    ""
                ]
            },
            {
                "name": "DeregisterTaskDefinition",
                "description": "Grants permission to deregister the specified task definition by family and revision",
                "access level": "Write",
                "resource types": [
                    ""
                ],
                "conditionKeys": "",
                "dependentActions": [
                    ""
                ]
            },
            {
                "name": "DescribeCapacityProviders",
                "description": "Grants permission to describe one or more Amazon ECS capacity providers",
                "access level": "Read",
                "resource types": [
                    "capacity-provider*"
                ],
                "conditionKeys": "",
                "dependentActions": [
                    ""
                ]
            },
            {
                "name": "DescribeClusters",
                "description": "Grants permission to describes one or more of your clusters",
                "access level": "Read",
                "resource types": [
                    "cluster*"
                ],
                "conditionKeys": "",
                "dependentActions": [
                    ""
                ]
            },
            {
                "name": "DescribeContainerInstances",
                "description": "Grants permission to describes Amazon ECS container instances",
                "access level": "Read",
                "resource types": [
                    "container-instance*"
                ],
                "conditionKeys": "",
                "dependentActions": [
                    ""
                ]
            },
            {
                "name": "DescribeServices",
                "description": "Grants permission to describe the specified services running in your cluster",
                "access level": "Read",
                "resource types": [
                    "service*"
                ],
                "conditionKeys": "",
                "dependentActions": [
                    ""
                ]
            },
            {
                "name": "DescribeTaskDefinition",
                "description": "Grants permission to describe a task definition. You can specify a family and revision to find information about a specific task definition, or you can simply specify the family to find the latest ACTIVE revision in that family",
                "access level": "Read",
                "resource types": [
                    ""
                ],
                "conditionKeys": "",
                "dependentActions": [
                    ""
                ]
            },
            {
                "name": "DescribeTaskSets",
                "description": "Grants permission to describe Amazon ECS task sets",
                "access level": "Read",
                "resource types": [
                    "task-set*"
                ],
                "conditionKeys": "",
                "dependentActions": [
                    ""
                ]
            },
            {
                "name": "DescribeTasks",
                "description": "Grants permission to describe a specified task or tasks",
                "access level": "Read",
                "resource types": [
                    "task*"
                ],
                "conditionKeys": "",
                "dependentActions": [
                    ""
                ]
            },
            {
                "name": "DiscoverPollEndpoint",
                "description": "Grants permission to get an endpoint for the Amazon ECS agent to poll for updates",
                "access level": "Write",
                "resource types": [
                    ""
                ],
                "conditionKeys": "",
                "dependentActions": [
                    ""
                ]
            },
            {
                "name": "ExecuteCommand",
                "description": "Grants permission to run a command remotely on an Amazon ECS container",
                "access level": "Write",
                "resource types": [
                    "cluster"
                ],
                "conditionKeys": "",
                "dependentActions": [
                    ""
                ]
            },
            {
                "name": "GetTaskProtection",
                "description": "Grants permission to retrieve the protection status of tasks in an Amazon ECS service",
                "access level": "Read",
                "resource types": [
                    "task*"
                ],
                "conditionKeys": "",
                "dependentActions": [
                    ""
                ]
            },
            {
                "name": "ListAccountSettings",
                "description": "Grants permission to list the account settings for an Amazon ECS resource for a specified principal",
                "access level": "Read",
                "resource types": [
                    ""
                ],
                "conditionKeys": "",
                "dependentActions": [
                    ""
                ]
            },
            {
                "name": "ListAttributes",
                "description": "Grants permission to lists the attributes for Amazon ECS resources within a specified target type and cluster",
                "access level": "List",
                "resource types": [
                    "cluster*"
                ],
                "conditionKeys": "",
                "dependentActions": [
                    ""
                ]
            },
            {
                "name": "ListClusters",
                "description": "Grants permission to get a list of existing clusters",
                "access level": "List",
                "resource types": [
                    ""
                ],
                "conditionKeys": "",
                "dependentActions": [
                    ""
                ]
            },
            {
                "name": "ListContainerInstances",
                "description": "Grants permission to get a list of container instances in a specified cluster",
                "access level": "List",
                "resource types": [
                    "cluster*"
                ],
                "conditionKeys": "",
                "dependentActions": [
                    ""
                ]
            },
            {
                "name": "ListServices",
                "description": "Grants permission to get a list of services that are running in a specified cluster",
                "access level": "List",
                "resource types": [
                    ""
                ],
                "conditionKeys": "ecs:cluster",
                "dependentActions": [
                    ""
                ]
            },
            {
                "name": "ListServicesByNamespace",
                "description": "Grants permission to get a list of services that are running in a specified AWS Cloud Map Namespace",
                "access level": "List",
                "resource types": [
                    ""
                ],
                "conditionKeys": "ecs:namespace",
                "dependentActions": [
                    ""
                ]
            },
            {
                "name": "ListTagsForResource",
                "description": "Grants permission to get a list of tags for the specified resource",
                "access level": "Read",
                "resource types": [
                    "cluster"
                ],
                "conditionKeys": "",
                "dependentActions": [
                    ""
                ]
            },
            {
                "name": "ListTaskDefinitionFamilies",
                "description": "Grants permission to get a list of task definition families that are registered to your account (which may include task definition families that no longer have any ACTIVE task definitions)",
                "access level": "List",
                "resource types": [
                    ""
                ],
                "conditionKeys": "",
                "dependentActions": [
                    ""
                ]
            },
            {
                "name": "ListTaskDefinitions",
                "description": "Grants permission to get a list of task definitions that are registered to your account",
                "access level": "List",
                "resource types": [
                    ""
                ],
                "conditionKeys": "",
                "dependentActions": [
                    ""
                ]
            },
            {
                "name": "ListTasks",
                "description": "Grants permission to get a list of tasks for a specified cluster",
                "access level": "List",
                "resource types": [
                    "container-instance*"
                ],
                "conditionKeys": "",
                "dependentActions": [
                    ""
                ]
            },
            {
                "name": "Poll [permission only]",
                "description": "Grants permission to an agent to connect with the Amazon ECS service to report status and get commands",
                "access level": "Write",
                "resource types": [
                    "container-instance*"
                ],
                "conditionKeys": "",
                "dependentActions": [
                    ""
                ]
            },
            {
                "name": "PutAccountSetting",
                "description": "Grants permission to modify the ARN and resource ID format of a resource for a specified IAM user, IAM role, or the root user for an account. You can specify whether the new ARN and resource ID format are enabled for new resources that are created. Enabling this setting is required to use new Amazon ECS features such as resource tagging",
                "access level": "Write",
                "resource types": [
                    ""
                ],
                "conditionKeys": "",
                "dependentActions": [
                    ""
                ]
            },
            {
                "name": "PutAccountSettingDefault",
                "description": "Grants permission to modify the ARN and resource ID format of a resource type for all IAM users on an account for which no individual account setting has been set. Enabling this setting is required to use new Amazon ECS features such as resource tagging",
                "access level": "Write",
                "resource types": [
                    ""
                ],
                "conditionKeys": "",
                "dependentActions": [
                    ""
                ]
            },
            {
                "name": "PutAttributes",
                "description": "Grants permission to create or update an attribute on an Amazon ECS resource",
                "access level": "Write",
                "resource types": [
                    "container-instance*"
                ],
                "conditionKeys": "",
                "dependentActions": [
                    ""
                ]
            },
            {
                "name": "PutClusterCapacityProviders",
                "description": "Grants permission to modify the available capacity providers and the default capacity provider strategy for a cluster",
                "access level": "Write",
                "resource types": [
                    "cluster*"
                ],
                "conditionKeys": "",
                "dependentActions": [
                    ""
                ]
            },
            {
                "name": "RegisterContainerInstance",
                "description": "Grants permission to register an EC2 instance into the specified cluster",
                "access level": "Write",
                "resource types": [
                    "cluster*"
                ],
                "conditionKeys": "",
                "dependentActions": [
                    ""
                ]
            },
            {
                "name": "RegisterTaskDefinition",
                "description": "Grants permission to register a new task definition from the supplied family and containerDefinitions",
                "access level": "Write",
                "resource types": [
                    ""
                ],
                "conditionKeys": "aws:RequestTag/${TagKey}\n\n\naws:TagKeys",
                "dependentActions": [
                    ""
                ]
            },
            {
                "name": "RunTask",
                "description": "Grants permission to start a task using random placement and the default Amazon ECS scheduler",
                "access level": "Write",
                "resource types": [
                    "task-definition*"
                ],
                "conditionKeys": "",
                "dependentActions": [
                    ""
                ]
            },
            {
                "name": "StartTask",
                "description": "Grants permission to start a new task from the specified task definition on the specified container instance or instances",
                "access level": "Write",
                "resource types": [
                    "task-definition*"
                ],
                "conditionKeys": "",
                "dependentActions": [
                    ""
                ]
            },
            {
                "name": "StartTelemetrySession",
                "description": "Grants permission to start a telemetry session",
                "access level": "Write",
                "resource types": [
                    "container-instance*"
                ],
                "conditionKeys": "",
                "dependentActions": [
                    ""
                ]
            },
            {
                "name": "StopTask",
                "description": "Grants permission to stop a running task",
                "access level": "Write",
                "resource types": [
                    "task*"
                ],
                "conditionKeys": "",
                "dependentActions": [
                    ""
                ]
            },
            {
                "name": "SubmitAttachmentStateChanges",
                "description": "Grants permission to send an acknowledgement that attachments changed states",
                "access level": "Write",
                "resource types": [
                    "cluster*"
                ],
                "conditionKeys": "",
                "dependentActions": [
                    ""
                ]
            },
            {
                "name": "SubmitContainerStateChange",
                "description": "Grants permission to send an acknowledgement that a container changed states",
                "access level": "Write",
                "resource types": [
                    "cluster*"
                ],
                "conditionKeys": "",
                "dependentActions": [
                    ""
                ]
            },
            {
                "name": "SubmitTaskStateChange",
                "description": "Grants permission to send an acknowledgement that a task changed states",
                "access level": "Write",
                "resource types": [
                    "cluster*"
                ],
                "conditionKeys": "",
                "dependentActions": [
                    ""
                ]
            },
            {
                "name": "TagResource",
                "description": "Grants permission to tag the specified resource",
                "access level": "Tagging",
                "resource types": [
                    "capacity-provider"
                ],
                "conditionKeys": "",
                "dependentActions": [
                    ""
                ]
            },
            {
                "name": "UntagResource",
                "description": "Grants permission to untag the specified resource",
                "access level": "Tagging",
                "resource types": [
                    "capacity-provider"
                ],
                "conditionKeys": "",
                "dependentActions": [
                    ""
                ]
            },
            {
                "name": "UpdateCapacityProvider",
                "description": "Grants permission to update the specified capacity provider",
                "access level": "Write",
                "resource types": [
                    "capacity-provider*"
                ],
                "conditionKeys": "",
                "dependentActions": [
                    ""
                ]
            },
            {
                "name": "UpdateCluster",
                "description": "Grants permission to modify the configuration or settings to use for a cluster",
                "access level": "Write",
                "resource types": [
                    "cluster*"
                ],
                "conditionKeys": "",
                "dependentActions": [
                    ""
                ]
            },
            {
                "name": "UpdateClusterSettings",
                "description": "Grants permission to modify the settings to use for a cluster",
                "access level": "Write",
                "resource types": [
                    "cluster*"
                ],
                "conditionKeys": "",
                "dependentActions": [
                    ""
                ]
            },
            {
                "name": "UpdateContainerAgent",
                "description": "Grants permission to update the Amazon ECS container agent on a specified container instance",
                "access level": "Write",
                "resource types": [
                    "container-instance*"
                ],
                "conditionKeys": "",
                "dependentActions": [
                    ""
                ]
            },
            {
                "name": "UpdateContainerInstancesState",
                "description": "Grants permission to the user to modify the status of an Amazon ECS container instance",
                "access level": "Write",
                "resource types": [
                    "container-instance*"
                ],
                "conditionKeys": "",
                "dependentActions": [
                    ""
                ]
            },
            {
                "name": "UpdateService",
                "description": "Grants permission to modify the parameters of a service",
                "access level": "Write",
                "resource types": [
                    "service*"
                ],
                "conditionKeys": "",
                "dependentActions": [
                    ""
                ]
            },
            {
                "name": "UpdateServicePrimaryTaskSet",
                "description": "Grants permission to modify the primary task set used in a service",
                "access level": "Write",
                "resource types": [
                    "service*"
                ],
                "conditionKeys": "",
                "dependentActions": [
                    ""
                ]
            },
            {
                "name": "UpdateTaskProtection",
                "description": "Grants permission to modify the protection status of a task",
                "access level": "Write",
                "resource types": [
                    "task*"
                ],
                "conditionKeys": "",
                "dependentActions": [
                    ""
                ]
            },
            {
                "name": "UpdateTaskSet",
                "description": "Grants permission to update the specified task set",
                "access level": "Write",
                "resource types": [
                    "task-set*"
                ],
                "conditionKeys": "",
                "dependentActions": [
                    ""
                ]
            }
        ]
    },
    {
        "resources": [
            {
                "resource_type": "cluster",
                "ARN": "arn:${Partition}:ecs:${Region}:${Account}:cluster/${ClusterName}",
                "conditionKeys": "aws:ResourceTag/${TagKey}\n\n\necs:ResourceTag/${TagKey}"
            },
            {
                "resource_type": "container-instance",
                "ARN": "arn:${Partition}:ecs:${Region}:${Account}:container-instance/${ClusterName}/${ContainerInstanceId}",
                "conditionKeys": "aws:ResourceTag/${TagKey}\n\n\necs:ResourceTag/${TagKey}"
            },
            {
                "resource_type": "service",
                "ARN": "arn:${Partition}:ecs:${Region}:${Account}:service/${ClusterName}/${ServiceName}",
                "conditionKeys": "aws:ResourceTag/${TagKey}\n\n\necs:ResourceTag/${TagKey}"
            },
            {
                "resource_type": "task",
                "ARN": "arn:${Partition}:ecs:${Region}:${Account}:task/${ClusterName}/${TaskId}",
                "conditionKeys": "aws:ResourceTag/${TagKey}\n\n\necs:ResourceTag/${TagKey}"
            },
            {
                "resource_type": "task-definition",
                "ARN": "arn:${Partition}:ecs:${Region}:${Account}:task-definition/${TaskDefinitionFamilyName}:${TaskDefinitionRevisionNumber}",
                "conditionKeys": "aws:ResourceTag/${TagKey}\n\n\necs:ResourceTag/${TagKey}"
            },
            {
                "resource_type": "capacity-provider",
                "ARN": "arn:${Partition}:ecs:${Region}:${Account}:capacity-provider/${CapacityProviderName}",
                "conditionKeys": "aws:ResourceTag/${TagKey}\n\n\necs:ResourceTag/${TagKey}"
            },
            {
                "resource_type": "task-set",
                "ARN": "arn:${Partition}:ecs:${Region}:${Account}:task-set/${ClusterName}/${ServiceName}/${TaskSetId}",
                "conditionKeys": "aws:ResourceTag/${TagKey}\n\n\necs:ResourceTag/${TagKey}"
            }
        ]
    },
    {
        "conditions": [
            {
                "Condition keys": "aws:RequestTag/${TagKey}",
                "Description": "Filters access by the tags that are passed in the request",
                "Type": "String"
            },
            {
                "Condition keys": "aws:ResourceTag/${TagKey}",
                "Description": "Filters access by the tag key-value pairs attached to the resource",
                "Type": "String"
            },
            {
                "Condition keys": "aws:TagKeys",
                "Description": "Filters access by the tag keys that are passed in the request",
                "Type": "ArrayOfString"
            },
            {
                "Condition keys": "ecs:ResourceTag/${TagKey}",
                "Description": "Filters access by the tag key-value pairs attached to the resource",
                "Type": "String"
            },
            {
                "Condition keys": "ecs:capacity-provider",
                "Description": "Filters access by the ARN of an Amazon ECS capacity provider",
                "Type": "ARN"
            },
            {
                "Condition keys": "ecs:cluster",
                "Description": "Filters access by the ARN of an Amazon ECS cluster",
                "Type": "ARN"
            },
            {
                "Condition keys": "ecs:container-instances",
                "Description": "Filters access by the ARN of an Amazon ECS container instance",
                "Type": "ARN"
            },
            {
                "Condition keys": "ecs:container-name",
                "Description": "Filters access by the name of an Amazon ECS container which is defined in the ECS task definition",
                "Type": "String"
            },
            {
                "Condition keys": "ecs:enable-execute-command",
                "Description": "Filters access by the execute-command capability of your Amazon ECS task or Amazon ECS service",
                "Type": "String"
            },
            {
                "Condition keys": "ecs:enable-service-connect",
                "Description": "Filters access by the enable field value in the Service Connect configuration",
                "Type": "String"
            },
            {
                "Condition keys": "ecs:namespace",
                "Description": "Filters access by the ARN of AWS Cloud Map namespace which is defined in the Service Connect Configuration",
                "Type": "ARN"
            },
            {
                "Condition keys": "ecs:service",
                "Description": "Filters access by the ARN of an Amazon ECS service",
                "Type": "ARN"
            },
            {
                "Condition keys": "ecs:task",
                "Description": "Filters access by the ARN of an Amazon ECS task",
                "Type": "ARN"
            },
            {
                "Condition keys": "ecs:task-definition",
                "Description": "Filters access by the ARN of an Amazon ECS task definition",
                "Type": "ARN"
            }
        ]
    }
]