[
    {
        "prefix_item": "elemental-appliances-software"
    },
    {
        "link": "https://docs.aws.amazon.com/service-authorization/latest/reference/./list_awselementalappliancesandsoftware.html"
    },
    {
        "actions": [
            {
                "name": "CompleteUpload [permission only]",
                "description": "Grants permission to complete an upload of an attachment for a quote or order",
                "access level": "Write",
                "resource types": [
                    ""
                ],
                "conditionKeys": "",
                "dependentActions": [
                    ""
                ]
            },
            {
                "name": "CreateOrderV1 [permission only]",
                "description": "Grants permission to create an order",
                "access level": "Write",
                "resource types": [
                    ""
                ],
                "conditionKeys": "",
                "dependentActions": [
                    ""
                ]
            },
            {
                "name": "CreateQuote [permission only]",
                "description": "Grants permission to create a quote",
                "access level": "Tagging",
                "resource types": [
                    "quote*"
                ],
                "conditionKeys": "",
                "dependentActions": [
                    ""
                ]
            },
            {
                "name": "GetAvsCorrectAddress [permission only]",
                "description": "Grants permission to validate an address",
                "access level": "Read",
                "resource types": [
                    ""
                ],
                "conditionKeys": "",
                "dependentActions": [
                    ""
                ]
            },
            {
                "name": "GetBillingAddresses [permission only]",
                "description": "Grants permission to list the billing addresses in the user account",
                "access level": "Read",
                "resource types": [
                    ""
                ],
                "conditionKeys": "",
                "dependentActions": [
                    ""
                ]
            },
            {
                "name": "GetDeliveryAddressesV2 [permission only]",
                "description": "Grants permission to list the delivery addresses in the user account",
                "access level": "Read",
                "resource types": [
                    ""
                ],
                "conditionKeys": "",
                "dependentActions": [
                    ""
                ]
            },
            {
                "name": "GetOrder [permission only]",
                "description": "Grants permission to describe an order",
                "access level": "Read",
                "resource types": [
                    ""
                ],
                "conditionKeys": "",
                "dependentActions": [
                    ""
                ]
            },
            {
                "name": "GetOrdersV2 [permission only]",
                "description": "Grants permission to list the orders in the user account",
                "access level": "Read",
                "resource types": [
                    ""
                ],
                "conditionKeys": "",
                "dependentActions": [
                    ""
                ]
            },
            {
                "name": "GetQuote [permission only]",
                "description": "Grants permission to describe a quote",
                "access level": "Read",
                "resource types": [
                    "quote*"
                ],
                "conditionKeys": "",
                "dependentActions": [
                    ""
                ]
            },
            {
                "name": "GetTaxes [permission only]",
                "description": "Grants permission to calculate taxes for an order",
                "access level": "Read",
                "resource types": [
                    ""
                ],
                "conditionKeys": "",
                "dependentActions": [
                    ""
                ]
            },
            {
                "name": "ListQuotes [permission only]",
                "description": "Grants permission to list the quotes in the user account",
                "access level": "List",
                "resource types": [
                    ""
                ],
                "conditionKeys": "",
                "dependentActions": [
                    ""
                ]
            },
            {
                "name": "ListTagsForResource [permission only]",
                "description": "Grants permission to lists tags for an AWS Elemental Appliances and Software resource",
                "access level": "Read",
                "resource types": [
                    "quote"
                ],
                "conditionKeys": "",
                "dependentActions": [
                    ""
                ]
            },
            {
                "name": "StartUpload [permission only]",
                "description": "Grants permission to start an upload of an attachment for a quote or order",
                "access level": "Write",
                "resource types": [
                    ""
                ],
                "conditionKeys": "",
                "dependentActions": [
                    ""
                ]
            },
            {
                "name": "SubmitOrderV1 [permission only]",
                "description": "Grants permission to submit an order",
                "access level": "Write",
                "resource types": [
                    ""
                ],
                "conditionKeys": "",
                "dependentActions": [
                    ""
                ]
            },
            {
                "name": "TagResource [permission only]",
                "description": "Grants permission to tag an AWS Elemental Appliances and Software resource",
                "access level": "Tagging",
                "resource types": [
                    "quote"
                ],
                "conditionKeys": "",
                "dependentActions": [
                    ""
                ]
            },
            {
                "name": "UntagResource [permission only]",
                "description": "Grants permission to remove a tag from an AWS Elemental Appliances and Software resource",
                "access level": "Tagging",
                "resource types": [
                    "quote"
                ],
                "conditionKeys": "",
                "dependentActions": [
                    ""
                ]
            },
            {
                "name": "UpdateQuote [permission only]",
                "description": "Grants permission to modify a quote",
                "access level": "Write",
                "resource types": [
                    "quote*"
                ],
                "conditionKeys": "",
                "dependentActions": [
                    ""
                ]
            }
        ]
    },
    {
        "resources": [
            {
                "resource_type": "quote",
                "ARN": "arn:${Partition}:elemental-appliances-software:${Region}:${Account}:quote/${ResourceId}",
                "conditionKeys": "aws:ResourceTag/${TagKey}"
            }
        ]
    },
    {
        "conditions": [
            {
                "Condition keys": "aws:RequestTag/${TagKey}",
                "Description": "Filters access by request tag",
                "Type": "String"
            },
            {
                "Condition keys": "aws:ResourceTag/${TagKey}",
                "Description": "Filters access by resource tag",
                "Type": "String"
            },
            {
                "Condition keys": "aws:TagKeys",
                "Description": "Filters access by tag keys",
                "Type": "ArrayOfString"
            }
        ]
    }
]