[
    {
        "prefix_item": "es"
    },
    {
        "link": "https://docs.aws.amazon.com/service-authorization/latest/reference/./list_amazonopensearchservice.html"
    },
    {
        "actions": [
            {
                "name": "AcceptInboundConnection",
                "description": "Grants permission to the destination domain owner to accept an inbound cross-cluster search connection request",
                "access level": "Write",
                "resource types": [
                    ""
                ],
                "conditionKeys": "",
                "dependentActions": [
                    ""
                ]
            },
            {
                "name": "AcceptInboundCrossClusterSearchConnection",
                "description": "Grants permission to the destination domain owner to accept an inbound cross-cluster search connection request. This permission is deprecated. Use AcceptInboundConnection instead",
                "access level": "Write",
                "resource types": [
                    ""
                ],
                "conditionKeys": "",
                "dependentActions": [
                    ""
                ]
            },
            {
                "name": "AddTags",
                "description": "Grants permission to attach resource tags to an OpenSearch Service domain",
                "access level": "Tagging",
                "resource types": [
                    "domain*"
                ],
                "conditionKeys": "",
                "dependentActions": [
                    ""
                ]
            },
            {
                "name": "AssociatePackage",
                "description": "Grants permission to associate a package with an OpenSearch Service domain",
                "access level": "Write",
                "resource types": [
                    "domain*"
                ],
                "conditionKeys": "",
                "dependentActions": [
                    ""
                ]
            },
            {
                "name": "AuthorizeVpcEndpointAccess",
                "description": "Grants permission to provide access to an Amazon OpenSearch Service domain through the use of an interface VPC endpoint",
                "access level": "Write",
                "resource types": [
                    ""
                ],
                "conditionKeys": "",
                "dependentActions": [
                    ""
                ]
            },
            {
                "name": "CancelElasticsearchServiceSoftwareUpdate",
                "description": "Grants permission to cancel a service software update of a domain. This permission is deprecated. Use CancelServiceSoftwareUpdate instead",
                "access level": "Write",
                "resource types": [
                    "domain*"
                ],
                "conditionKeys": "",
                "dependentActions": [
                    ""
                ]
            },
            {
                "name": "CancelServiceSoftwareUpdate",
                "description": "Grants permission to cancel a service software update of a domain",
                "access level": "Write",
                "resource types": [
                    "domain*"
                ],
                "conditionKeys": "",
                "dependentActions": [
                    ""
                ]
            },
            {
                "name": "CreateDomain",
                "description": "Grants permission to create an Amazon OpenSearch Service domain",
                "access level": "Write",
                "resource types": [
                    "domain"
                ],
                "conditionKeys": "",
                "dependentActions": [
                    ""
                ]
            },
            {
                "name": "CreateElasticsearchDomain",
                "description": "Grants permission to create an OpenSearch Service domain. This permission is deprecated. Use CreateDomain instead",
                "access level": "Write",
                "resource types": [
                    "domain"
                ],
                "conditionKeys": "",
                "dependentActions": [
                    ""
                ]
            },
            {
                "name": "CreateElasticsearchServiceRole",
                "description": "Grants permission to create the service-linked role required for OpenSearch Service domains that use VPC access. This permission is deprecated. OpenSearch Service creates the service-linked role for you",
                "access level": "Write",
                "resource types": [
                    ""
                ],
                "conditionKeys": "",
                "dependentActions": [
                    ""
                ]
            },
            {
                "name": "CreateOutboundConnection",
                "description": "Grants permission to create a new cross-cluster search connection from a source domain to a destination domain",
                "access level": "Write",
                "resource types": [
                    "domain*"
                ],
                "conditionKeys": "",
                "dependentActions": [
                    ""
                ]
            },
            {
                "name": "CreateOutboundCrossClusterSearchConnection",
                "description": "Grants permission to create a new cross-cluster search connection from a source domain to a destination domain. This permission is deprecated. Use CreateOutboundConnection instead",
                "access level": "Write",
                "resource types": [
                    "domain*"
                ],
                "conditionKeys": "",
                "dependentActions": [
                    ""
                ]
            },
            {
                "name": "CreatePackage",
                "description": "Grants permission to add a package for use with OpenSearch Service domains",
                "access level": "Write",
                "resource types": [
                    ""
                ],
                "conditionKeys": "",
                "dependentActions": [
                    ""
                ]
            },
            {
                "name": "CreateServiceRole",
                "description": "Grants permission to create the service-linked role required for Amazon OpenSearch Service domains that use VPC access",
                "access level": "Write",
                "resource types": [
                    ""
                ],
                "conditionKeys": "",
                "dependentActions": [
                    ""
                ]
            },
            {
                "name": "CreateVpcEndpoint",
                "description": "Grants permission to create an Amazon OpenSearch Service-managed VPC endpoint",
                "access level": "Write",
                "resource types": [
                    ""
                ],
                "conditionKeys": "",
                "dependentActions": [
                    ""
                ]
            },
            {
                "name": "DeleteDomain",
                "description": "Grants permission to delete an Amazon OpenSearch Service domain and all of its data",
                "access level": "Write",
                "resource types": [
                    "domain*"
                ],
                "conditionKeys": "",
                "dependentActions": [
                    ""
                ]
            },
            {
                "name": "DeleteElasticsearchDomain",
                "description": "Grants permission to delete an OpenSearch Service domain and all of its data. This permission is deprecated. Use DeleteDomain instead",
                "access level": "Write",
                "resource types": [
                    "domain*"
                ],
                "conditionKeys": "",
                "dependentActions": [
                    ""
                ]
            },
            {
                "name": "DeleteElasticsearchServiceRole",
                "description": "Grants permission to delete the service-linked role required for OpenSearch Service domains that use VPC access. This permission is deprecated. Use the IAM API to delete service-linked roles",
                "access level": "Write",
                "resource types": [
                    ""
                ],
                "conditionKeys": "",
                "dependentActions": [
                    ""
                ]
            },
            {
                "name": "DeleteInboundConnection",
                "description": "Grants permission to the destination domain owner to delete an existing inbound cross-cluster search connection",
                "access level": "Write",
                "resource types": [
                    ""
                ],
                "conditionKeys": "",
                "dependentActions": [
                    ""
                ]
            },
            {
                "name": "DeleteInboundCrossClusterSearchConnection",
                "description": "Grants permission to the destination domain owner to delete an existing inbound cross-cluster search connection. This permission is deprecated. Use DeleteInboundConnection instead",
                "access level": "Write",
                "resource types": [
                    ""
                ],
                "conditionKeys": "",
                "dependentActions": [
                    ""
                ]
            },
            {
                "name": "DeleteOutboundConnection",
                "description": "Grants permission to the source domain owner to delete an existing outbound cross-cluster search connection",
                "access level": "Write",
                "resource types": [
                    ""
                ],
                "conditionKeys": "",
                "dependentActions": [
                    ""
                ]
            },
            {
                "name": "DeleteOutboundCrossClusterSearchConnection",
                "description": "Grants permission to the source domain owner to delete an existing outbound cross-cluster search connection. This permission is deprecated. Use DeleteOutboundConnection instead",
                "access level": "Write",
                "resource types": [
                    ""
                ],
                "conditionKeys": "",
                "dependentActions": [
                    ""
                ]
            },
            {
                "name": "DeletePackage",
                "description": "Grants permission to delete a package from OpenSearch Service. The package cannot be associated with any domains",
                "access level": "Write",
                "resource types": [
                    ""
                ],
                "conditionKeys": "",
                "dependentActions": [
                    ""
                ]
            },
            {
                "name": "DeleteVpcEndpoint",
                "description": "Grants permission to delete an Amazon OpenSearch Service-managed interface VPC endpoint",
                "access level": "Write",
                "resource types": [
                    ""
                ],
                "conditionKeys": "",
                "dependentActions": [
                    ""
                ]
            },
            {
                "name": "DescribeDomain",
                "description": "Grants permission to view a description of the domain configuration for the specified OpenSearch Service domain, including the domain ID, service endpoint, and ARN",
                "access level": "Read",
                "resource types": [
                    "domain*"
                ],
                "conditionKeys": "",
                "dependentActions": [
                    ""
                ]
            },
            {
                "name": "DescribeDomainAutoTunes",
                "description": "Grants permission to view the Auto-Tune configuration of the domain for the specified OpenSearch Service domain, including the Auto-Tune state and maintenance schedules",
                "access level": "Read",
                "resource types": [
                    "domain*"
                ],
                "conditionKeys": "",
                "dependentActions": [
                    ""
                ]
            },
            {
                "name": "DescribeDomainChangeProgress",
                "description": "Grants permission to view detail stage progress of an OpenSearch Service domain",
                "access level": "Read",
                "resource types": [
                    "domain*"
                ],
                "conditionKeys": "",
                "dependentActions": [
                    ""
                ]
            },
            {
                "name": "DescribeDomainConfig",
                "description": "Grants permission to view a description of the configuration options and status of an OpenSearch Service domain",
                "access level": "Read",
                "resource types": [
                    "domain*"
                ],
                "conditionKeys": "",
                "dependentActions": [
                    ""
                ]
            },
            {
                "name": "DescribeDomainHealth",
                "description": "Grants permission to view information about domain and node health, the standby Availability Zone, number of nodes per Availability Zone, and shard count per node",
                "access level": "Read",
                "resource types": [
                    "domain*"
                ],
                "conditionKeys": "",
                "dependentActions": [
                    ""
                ]
            },
            {
                "name": "DescribeDomainNodes",
                "description": "Grants permission to view information about nodes configured for the domain and their configurations- the node id, type of node, status of node, Availability Zone, instance type and storage",
                "access level": "Read",
                "resource types": [
                    "domain*"
                ],
                "conditionKeys": "",
                "dependentActions": [
                    ""
                ]
            },
            {
                "name": "DescribeDomains",
                "description": "Grants permission to view a description of the domain configuration for up to five specified OpenSearch Service domains",
                "access level": "List",
                "resource types": [
                    "domain*"
                ],
                "conditionKeys": "",
                "dependentActions": [
                    ""
                ]
            },
            {
                "name": "DescribeDryRunProgress",
                "description": "Grants permission to describe the status of a pre-update validation check on an OpenSearch Service domain",
                "access level": "Read",
                "resource types": [
                    "domain*"
                ],
                "conditionKeys": "",
                "dependentActions": [
                    ""
                ]
            },
            {
                "name": "DescribeElasticsearchDomain",
                "description": "Grants permission to view a description of the domain configuration for the specified OpenSearch Service domain, including the domain ID, service endpoint, and ARN. This permission is deprecated. Use DescribeDomain instead",
                "access level": "Read",
                "resource types": [
                    "domain*"
                ],
                "conditionKeys": "",
                "dependentActions": [
                    ""
                ]
            },
            {
                "name": "DescribeElasticsearchDomainConfig",
                "description": "Grants permission to view a description of the configuration and status of an OpenSearch Service domain. This permission is deprecated. Use DescribeDomainConfig instead",
                "access level": "Read",
                "resource types": [
                    "domain*"
                ],
                "conditionKeys": "",
                "dependentActions": [
                    ""
                ]
            },
            {
                "name": "DescribeElasticsearchDomains",
                "description": "Grants permission to view a description of the domain configuration for up to five specified Amazon OpenSearch domains. This permission is deprecated. Use DescribeDomains instead",
                "access level": "List",
                "resource types": [
                    "domain*"
                ],
                "conditionKeys": "",
                "dependentActions": [
                    ""
                ]
            },
            {
                "name": "DescribeElasticsearchInstanceTypeLimits",
                "description": "Grants permission to view the instance count, storage, and master node limits for a given OpenSearch version and instance type. This permission is deprecated. Use DescribeInstanceTypeLimits instead",
                "access level": "List",
                "resource types": [
                    ""
                ],
                "conditionKeys": "",
                "dependentActions": [
                    ""
                ]
            },
            {
                "name": "DescribeInboundConnections",
                "description": "Grants permission to list all the inbound cross-cluster search connections for a destination domain",
                "access level": "List",
                "resource types": [
                    ""
                ],
                "conditionKeys": "",
                "dependentActions": [
                    ""
                ]
            },
            {
                "name": "DescribeInboundCrossClusterSearchConnections",
                "description": "Grants permission to list all the inbound cross-cluster search connections for a destination domain. This permission is deprecated. Use DescribeInboundConnections instead",
                "access level": "List",
                "resource types": [
                    ""
                ],
                "conditionKeys": "",
                "dependentActions": [
                    ""
                ]
            },
            {
                "name": "DescribeInstanceTypeLimits",
                "description": "Grants permission to view the instance count, storage, and master node limits for a given engine version and instance type",
                "access level": "List",
                "resource types": [
                    ""
                ],
                "conditionKeys": "",
                "dependentActions": [
                    ""
                ]
            },
            {
                "name": "DescribeOutboundConnections",
                "description": "Grants permission to list all the outbound cross-cluster search connections for a source domain",
                "access level": "List",
                "resource types": [
                    ""
                ],
                "conditionKeys": "",
                "dependentActions": [
                    ""
                ]
            },
            {
                "name": "DescribeOutboundCrossClusterSearchConnections",
                "description": "Grants permission to list all the outbound cross-cluster search connections for a source domain. This permission is deprecated. Use DescribeOutboundConnections instead",
                "access level": "List",
                "resource types": [
                    ""
                ],
                "conditionKeys": "",
                "dependentActions": [
                    ""
                ]
            },
            {
                "name": "DescribePackages",
                "description": "Grants permission to describe all packages available to OpenSearch Service domains",
                "access level": "Read",
                "resource types": [
                    ""
                ],
                "conditionKeys": "",
                "dependentActions": [
                    ""
                ]
            },
            {
                "name": "DescribeReservedElasticsearchInstanceOfferings",
                "description": "Grants permission to fetch Reserved Instance offerings for Amazon OpenSearch Service. This permission is deprecated. Use DescribeReservedInstanceOfferings instead",
                "access level": "List",
                "resource types": [
                    ""
                ],
                "conditionKeys": "",
                "dependentActions": [
                    ""
                ]
            },
            {
                "name": "DescribeReservedElasticsearchInstances",
                "description": "Grants permission to fetch OpenSearch Service Reserved Instances that have already been purchased. This permission is deprecated. Use DescribeReservedInstances instead",
                "access level": "List",
                "resource types": [
                    ""
                ],
                "conditionKeys": "",
                "dependentActions": [
                    ""
                ]
            },
            {
                "name": "DescribeReservedInstanceOfferings",
                "description": "Grants permission to fetch Reserved Instance offerings for OpenSearch Service",
                "access level": "List",
                "resource types": [
                    ""
                ],
                "conditionKeys": "",
                "dependentActions": [
                    ""
                ]
            },
            {
                "name": "DescribeReservedInstances",
                "description": "Grants permission to fetch OpenSearch Service Reserved Instances that have already been purchased",
                "access level": "List",
                "resource types": [
                    ""
                ],
                "conditionKeys": "",
                "dependentActions": [
                    ""
                ]
            },
            {
                "name": "DescribeVpcEndpoints",
                "description": "Grants permission to describe one or more Amazon OpenSearch Service-managed VPC endpoints",
                "access level": "List",
                "resource types": [
                    ""
                ],
                "conditionKeys": "",
                "dependentActions": [
                    ""
                ]
            },
            {
                "name": "DissociatePackage",
                "description": "Grants permission to disassociate a package from the specified OpenSearch Service domain",
                "access level": "Write",
                "resource types": [
                    "domain*"
                ],
                "conditionKeys": "",
                "dependentActions": [
                    ""
                ]
            },
            {
                "name": "ESCrossClusterGet",
                "description": "Grants permission to send cross-cluster requests to a destination domain",
                "access level": "Read",
                "resource types": [
                    "domain"
                ],
                "conditionKeys": "",
                "dependentActions": [
                    ""
                ]
            },
            {
                "name": "ESHttpDelete",
                "description": "Grants permission to send HTTP DELETE requests to the OpenSearch APIs",
                "access level": "Write",
                "resource types": [
                    "domain"
                ],
                "conditionKeys": "",
                "dependentActions": [
                    ""
                ]
            },
            {
                "name": "ESHttpGet",
                "description": "Grants permission to send HTTP GET requests to the OpenSearch APIs",
                "access level": "Read",
                "resource types": [
                    "domain"
                ],
                "conditionKeys": "",
                "dependentActions": [
                    ""
                ]
            },
            {
                "name": "ESHttpHead",
                "description": "Grants permission to send HTTP HEAD requests to the OpenSearch APIs",
                "access level": "Read",
                "resource types": [
                    "domain"
                ],
                "conditionKeys": "",
                "dependentActions": [
                    ""
                ]
            },
            {
                "name": "ESHttpPatch",
                "description": "Grants permission to send HTTP PATCH requests to the OpenSearch APIs",
                "access level": "Write",
                "resource types": [
                    "domain"
                ],
                "conditionKeys": "",
                "dependentActions": [
                    ""
                ]
            },
            {
                "name": "ESHttpPost",
                "description": "Grants permission to send HTTP POST requests to the OpenSearch APIs",
                "access level": "Write",
                "resource types": [
                    "domain"
                ],
                "conditionKeys": "",
                "dependentActions": [
                    ""
                ]
            },
            {
                "name": "ESHttpPut",
                "description": "Grants permission to send HTTP PUT requests to the OpenSearch APIs",
                "access level": "Write",
                "resource types": [
                    "domain"
                ],
                "conditionKeys": "",
                "dependentActions": [
                    ""
                ]
            },
            {
                "name": "GetCompatibleElasticsearchVersions",
                "description": "Grants permission to fetch a list of compatible OpenSearch and Elasticsearch versions to which an OpenSearch Service domain can be upgraded. This permission is deprecated. Use GetCompatibleVersions instead",
                "access level": "List",
                "resource types": [
                    "domain*"
                ],
                "conditionKeys": "",
                "dependentActions": [
                    ""
                ]
            },
            {
                "name": "GetCompatibleVersions",
                "description": "Grants permission to fetch list of compatible engine versions to which an OpenSearch Service domain can be upgraded",
                "access level": "List",
                "resource types": [
                    "domain*"
                ],
                "conditionKeys": "",
                "dependentActions": [
                    ""
                ]
            },
            {
                "name": "GetPackageVersionHistory",
                "description": "Grants permission to fetch the version history for a package",
                "access level": "Read",
                "resource types": [
                    ""
                ],
                "conditionKeys": "",
                "dependentActions": [
                    ""
                ]
            },
            {
                "name": "GetUpgradeHistory",
                "description": "Grants permission to fetch the upgrade history of a given OpenSearch Service domain",
                "access level": "Read",
                "resource types": [
                    "domain*"
                ],
                "conditionKeys": "",
                "dependentActions": [
                    ""
                ]
            },
            {
                "name": "GetUpgradeStatus",
                "description": "Grants permission to fetch the upgrade status of a given OpenSearch Service domain",
                "access level": "Read",
                "resource types": [
                    "domain*"
                ],
                "conditionKeys": "",
                "dependentActions": [
                    ""
                ]
            },
            {
                "name": "ListDomainNames",
                "description": "Grants permission to display the names of all OpenSearch Service domains that the current user owns",
                "access level": "List",
                "resource types": [
                    ""
                ],
                "conditionKeys": "",
                "dependentActions": [
                    ""
                ]
            },
            {
                "name": "ListDomainsForPackage",
                "description": "Grants permission to list all OpenSearch Service domains that a package is associated with",
                "access level": "List",
                "resource types": [
                    ""
                ],
                "conditionKeys": "",
                "dependentActions": [
                    ""
                ]
            },
            {
                "name": "ListElasticsearchInstanceTypeDetails",
                "description": "Grants permission to list all instance types and available features for a given OpenSearch version. This permission is deprecated. Use ListInstanceTypeDetails instead",
                "access level": "List",
                "resource types": [
                    ""
                ],
                "conditionKeys": "",
                "dependentActions": [
                    ""
                ]
            },
            {
                "name": "ListElasticsearchInstanceTypes",
                "description": "Grants permission to list all EC2 instance types that are supported for a given OpenSearch version",
                "access level": "List",
                "resource types": [
                    ""
                ],
                "conditionKeys": "",
                "dependentActions": [
                    ""
                ]
            },
            {
                "name": "ListElasticsearchVersions",
                "description": "Grants permission to list all supported OpenSearch versions on Amazon OpenSearch Service. This permission is deprecated. Use ListVersions instead",
                "access level": "List",
                "resource types": [
                    ""
                ],
                "conditionKeys": "",
                "dependentActions": [
                    ""
                ]
            },
            {
                "name": "ListInstanceTypeDetails",
                "description": "Grants permission to list all instance types and available features for a given OpenSearch or Elasticsearch version",
                "access level": "List",
                "resource types": [
                    ""
                ],
                "conditionKeys": "",
                "dependentActions": [
                    ""
                ]
            },
            {
                "name": "ListPackagesForDomain",
                "description": "Grants permission to list all packages associated with the OpenSearch Service domain",
                "access level": "List",
                "resource types": [
                    "domain*"
                ],
                "conditionKeys": "",
                "dependentActions": [
                    ""
                ]
            },
            {
                "name": "ListScheduledActions",
                "description": "Grants permission to retrieve a list of configuration changes that are scheduled for a OpenSearch Service domain",
                "access level": "List",
                "resource types": [
                    "domain*"
                ],
                "conditionKeys": "",
                "dependentActions": [
                    ""
                ]
            },
            {
                "name": "ListTags",
                "description": "Grants permission to display all resource tags for an OpenSearch Service domain",
                "access level": "Read",
                "resource types": [
                    "domain*"
                ],
                "conditionKeys": "",
                "dependentActions": [
                    ""
                ]
            },
            {
                "name": "ListVersions",
                "description": "Grants permission to list all supported OpenSearch and Elasticsearch versions in Amazon OpenSearch Service",
                "access level": "List",
                "resource types": [
                    ""
                ],
                "conditionKeys": "",
                "dependentActions": [
                    ""
                ]
            },
            {
                "name": "ListVpcEndpointAccess",
                "description": "Grants permission to retrieve information about each AWS principal that is allowed to access a given Amazon OpenSearch Service domain through the use of an interface VPC endpoint",
                "access level": "List",
                "resource types": [
                    ""
                ],
                "conditionKeys": "",
                "dependentActions": [
                    ""
                ]
            },
            {
                "name": "ListVpcEndpoints",
                "description": "Grants permission to retrieve all Amazon OpenSearch Service-managed VPC endpoints in the current AWS account and Region",
                "access level": "List",
                "resource types": [
                    ""
                ],
                "conditionKeys": "",
                "dependentActions": [
                    ""
                ]
            },
            {
                "name": "ListVpcEndpointsForDomain",
                "description": "Grants permission to retrieve all Amazon OpenSearch Service-managed VPC endpoints associated with a particular domain",
                "access level": "List",
                "resource types": [
                    ""
                ],
                "conditionKeys": "",
                "dependentActions": [
                    ""
                ]
            },
            {
                "name": "PurchaseReservedElasticsearchInstanceOffering",
                "description": "Grants permission to purchase OpenSearch Service Reserved Instances. This permission is deprecated. Use PurchaseReservedInstanceOffering instead",
                "access level": "Write",
                "resource types": [
                    ""
                ],
                "conditionKeys": "",
                "dependentActions": [
                    ""
                ]
            },
            {
                "name": "PurchaseReservedInstanceOffering",
                "description": "Grants permission to purchase OpenSearch reserved instances",
                "access level": "Write",
                "resource types": [
                    ""
                ],
                "conditionKeys": "",
                "dependentActions": [
                    ""
                ]
            },
            {
                "name": "RejectInboundConnection",
                "description": "Grants permission to the destination domain owner to reject an inbound cross-cluster search connection request",
                "access level": "Write",
                "resource types": [
                    ""
                ],
                "conditionKeys": "",
                "dependentActions": [
                    ""
                ]
            },
            {
                "name": "RejectInboundCrossClusterSearchConnection",
                "description": "Grants permission to the destination domain owner to reject an inbound cross-cluster search connection request. This permission is deprecated. Use RejectInboundConnection instead",
                "access level": "Write",
                "resource types": [
                    ""
                ],
                "conditionKeys": "",
                "dependentActions": [
                    ""
                ]
            },
            {
                "name": "RemoveTags",
                "description": "Grants permission to remove resource tags from an OpenSearch Service domain",
                "access level": "Tagging",
                "resource types": [
                    "domain*"
                ],
                "conditionKeys": "",
                "dependentActions": [
                    ""
                ]
            },
            {
                "name": "RevokeVpcEndpointAccess",
                "description": "Grants permission to revoke access to an Amazon OpenSearch Service domain that was provided through an interface VPC endpoint",
                "access level": "Write",
                "resource types": [
                    ""
                ],
                "conditionKeys": "",
                "dependentActions": [
                    ""
                ]
            },
            {
                "name": "StartElasticsearchServiceSoftwareUpdate",
                "description": "Grants permission to start a service software update of a domain. This permission is deprecated. Use StartServiceSoftwareUpdate instead",
                "access level": "Write",
                "resource types": [
                    "domain*"
                ],
                "conditionKeys": "",
                "dependentActions": [
                    ""
                ]
            },
            {
                "name": "StartServiceSoftwareUpdate",
                "description": "Grants permission to start a service software update of a domain",
                "access level": "Write",
                "resource types": [
                    "domain*"
                ],
                "conditionKeys": "",
                "dependentActions": [
                    ""
                ]
            },
            {
                "name": "UpdateDomainConfig",
                "description": "Grants permission to modify the configuration of an OpenSearch Service domain, such as the instance type or number of instances",
                "access level": "Write",
                "resource types": [
                    "domain*"
                ],
                "conditionKeys": "",
                "dependentActions": [
                    ""
                ]
            },
            {
                "name": "UpdateElasticsearchDomainConfig",
                "description": "Grants permission to modify the configuration of an OpenSearch Service domain, such as the instance type or number of instances. This permission is deprecated. Use UpdateDomainConfig instead",
                "access level": "Write",
                "resource types": [
                    "domain*"
                ],
                "conditionKeys": "",
                "dependentActions": [
                    ""
                ]
            },
            {
                "name": "UpdatePackage",
                "description": "Grants permission to update a package for use with OpenSearch Service domains",
                "access level": "Write",
                "resource types": [
                    ""
                ],
                "conditionKeys": "",
                "dependentActions": [
                    ""
                ]
            },
            {
                "name": "UpdateScheduledAction",
                "description": "Grants permission to reschedule a planned OpenSearch Service domain configuration change for a later time",
                "access level": "Write",
                "resource types": [
                    "domain*"
                ],
                "conditionKeys": "",
                "dependentActions": [
                    ""
                ]
            },
            {
                "name": "UpdateVpcEndpoint",
                "description": "Grants permission to modify an Amazon OpenSearch Service-managed interface VPC endpoint",
                "access level": "Write",
                "resource types": [
                    ""
                ],
                "conditionKeys": "",
                "dependentActions": [
                    ""
                ]
            },
            {
                "name": "UpgradeDomain",
                "description": "Grants permission to initiate upgrade of an OpenSearch Service domain to a given version",
                "access level": "Write",
                "resource types": [
                    "domain*"
                ],
                "conditionKeys": "",
                "dependentActions": [
                    ""
                ]
            },
            {
                "name": "UpgradeElasticsearchDomain",
                "description": "Grants permission to initiate upgrade of an OpenSearch Service domain to a specified version. This permission is deprecated. Use UpgradeDomain instead",
                "access level": "Write",
                "resource types": [
                    "domain*"
                ],
                "conditionKeys": "",
                "dependentActions": [
                    ""
                ]
            }
        ]
    },
    {
        "resources": [
            {
                "resource_type": "domain",
                "ARN": "arn:${Partition}:es:${Region}:${Account}:domain/${DomainName}",
                "conditionKeys": "aws:ResourceTag/${TagKey}"
            },
            {
                "resource_type": "es_role",
                "ARN": "arn:${Partition}:iam::${Account}:role/aws-service-role/es.amazonaws.com/AWSServiceRoleForAmazonOpenSearchService",
                "conditionKeys": "aws:ResourceTag/${TagKey}"
            },
            {
                "resource_type": "opensearchservice_role",
                "ARN": "arn:${Partition}:iam::${Account}:role/aws-service-role/opensearchservice.amazonaws.com/AWSServiceRoleForAmazonOpenSearchService",
                "conditionKeys": "aws:ResourceTag/${TagKey}"
            }
        ]
    },
    {
        "conditions": [
            {
                "Condition keys": "aws:RequestTag/${TagKey}",
                "Description": "Filters access based on the tags that are passed in the request",
                "Type": "String"
            },
            {
                "Condition keys": "aws:ResourceTag/${TagKey}",
                "Description": "Filters access based on the tags associated with the resource",
                "Type": "String"
            },
            {
                "Condition keys": "aws:TagKeys",
                "Description": "Filters access based on the tag keys that are passed in the request",
                "Type": "ArrayOfString"
            }
        ]
    }
]