[
    {
        "prefix_item": "finspace-api"
    },
    {
        "link": "https://docs.aws.amazon.com/service-authorization/latest/reference/./list_amazonfinspaceapi.html"
    },
    {
        "actions": [
            {
                "name": "GetProgrammaticAccessCredentials",
                "description": "Grants permission to retrieve FinSpace programmatic access credentials",
                "access level": "Read",
                "resource types": [
                    "credential*"
                ],
                "conditionKeys": "",
                "dependentActions": [
                    ""
                ]
            }
        ]
    },
    {
        "resources": [
            {
                "resource_type": "credential",
                "ARN": "arn:${Partition}:finspace-api:${Region}:${Account}:/credentials/programmatic",
                "conditionKeys": ""
            }
        ]
    }
]