[
    {
        "prefix_item": "forecast"
    },
    {
        "link": "https://docs.aws.amazon.com/service-authorization/latest/reference/./list_amazonforecast.html"
    },
    {
        "actions": [
            {
                "name": "CreateAutoPredictor",
                "description": "Grants permission to create an auto predictor",
                "access level": "Write",
                "resource types": [
                    ""
                ],
                "conditionKeys": "aws:RequestTag/${TagKey}\n\n\naws:TagKeys",
                "dependentActions": [
                    ""
                ]
            },
            {
                "name": "CreateDataset",
                "description": "Grants permission to create a dataset",
                "access level": "Write",
                "resource types": [
                    "dataset*"
                ],
                "conditionKeys": "",
                "dependentActions": [
                    ""
                ]
            },
            {
                "name": "CreateDatasetGroup",
                "description": "Grants permission to create a dataset group",
                "access level": "Write",
                "resource types": [
                    "datasetGroup*"
                ],
                "conditionKeys": "",
                "dependentActions": [
                    ""
                ]
            },
            {
                "name": "CreateDatasetImportJob",
                "description": "Grants permission to create a dataset import job",
                "access level": "Write",
                "resource types": [
                    "datasetImportJob*"
                ],
                "conditionKeys": "",
                "dependentActions": [
                    ""
                ]
            },
            {
                "name": "CreateExplainability",
                "description": "Grants permission to create an explainability",
                "access level": "Write",
                "resource types": [
                    "forecast*"
                ],
                "conditionKeys": "",
                "dependentActions": [
                    ""
                ]
            },
            {
                "name": "CreateExplainabilityExport",
                "description": "Grants permission to create an explainability export using an explainability resource",
                "access level": "Write",
                "resource types": [
                    "explainability*"
                ],
                "conditionKeys": "",
                "dependentActions": [
                    ""
                ]
            },
            {
                "name": "CreateForecast",
                "description": "Grants permission to create a forecast",
                "access level": "Write",
                "resource types": [
                    "predictor*"
                ],
                "conditionKeys": "",
                "dependentActions": [
                    ""
                ]
            },
            {
                "name": "CreateForecastEndpoint [permission only]",
                "description": "Grants permission to create an endpoint using a Predictor resource",
                "access level": "Write",
                "resource types": [
                    "predictor*"
                ],
                "conditionKeys": "",
                "dependentActions": [
                    ""
                ]
            },
            {
                "name": "CreateForecastExportJob",
                "description": "Grants permission to create a forecast export job using a forecast resource",
                "access level": "Write",
                "resource types": [
                    "forecast*"
                ],
                "conditionKeys": "",
                "dependentActions": [
                    ""
                ]
            },
            {
                "name": "CreateMonitor",
                "description": "Grants permission to create an monitor using a Predictor resource",
                "access level": "Write",
                "resource types": [
                    "predictor*"
                ],
                "conditionKeys": "",
                "dependentActions": [
                    ""
                ]
            },
            {
                "name": "CreatePredictor",
                "description": "Grants permission to create a predictor",
                "access level": "Write",
                "resource types": [
                    "datasetGroup*"
                ],
                "conditionKeys": "",
                "dependentActions": [
                    ""
                ]
            },
            {
                "name": "CreatePredictorBacktestExportJob",
                "description": "Grants permission to create a predictor backtest export job using a predictor",
                "access level": "Write",
                "resource types": [
                    "predictor*"
                ],
                "conditionKeys": "",
                "dependentActions": [
                    ""
                ]
            },
            {
                "name": "CreateWhatIfAnalysis",
                "description": "Grants permission to create a what-if analysis",
                "access level": "Write",
                "resource types": [
                    "forecast*"
                ],
                "conditionKeys": "",
                "dependentActions": [
                    ""
                ]
            },
            {
                "name": "CreateWhatIfForecast",
                "description": "Grants permission to create a what-if forecast",
                "access level": "Write",
                "resource types": [
                    "whatIfAnalysis*"
                ],
                "conditionKeys": "",
                "dependentActions": [
                    ""
                ]
            },
            {
                "name": "CreateWhatIfForecastExport",
                "description": "Grants permission to create a what-if forecast export using what-if forecast resources",
                "access level": "Write",
                "resource types": [
                    "whatIfForecast*"
                ],
                "conditionKeys": "",
                "dependentActions": [
                    ""
                ]
            },
            {
                "name": "DeleteDataset",
                "description": "Grants permission to delete a dataset",
                "access level": "Write",
                "resource types": [
                    "dataset*"
                ],
                "conditionKeys": "",
                "dependentActions": [
                    ""
                ]
            },
            {
                "name": "DeleteDatasetGroup",
                "description": "Grants permission to delete a dataset group",
                "access level": "Write",
                "resource types": [
                    "datasetGroup*"
                ],
                "conditionKeys": "",
                "dependentActions": [
                    ""
                ]
            },
            {
                "name": "DeleteDatasetImportJob",
                "description": "Grants permission to delete a dataset import job",
                "access level": "Write",
                "resource types": [
                    "datasetImportJob*"
                ],
                "conditionKeys": "",
                "dependentActions": [
                    ""
                ]
            },
            {
                "name": "DeleteExplainability",
                "description": "Grants permission to delete an explainability",
                "access level": "Write",
                "resource types": [
                    "explainability*"
                ],
                "conditionKeys": "",
                "dependentActions": [
                    ""
                ]
            },
            {
                "name": "DeleteExplainabilityExport",
                "description": "Grants permission to delete an explainability export",
                "access level": "Write",
                "resource types": [
                    "explainabilityExport*"
                ],
                "conditionKeys": "",
                "dependentActions": [
                    ""
                ]
            },
            {
                "name": "DeleteForecast",
                "description": "Grants permission to delete a forecast",
                "access level": "Write",
                "resource types": [
                    "forecast*"
                ],
                "conditionKeys": "",
                "dependentActions": [
                    ""
                ]
            },
            {
                "name": "DeleteForecastEndpoint [permission only]",
                "description": "Grants permission to delete an endpoint resource",
                "access level": "Write",
                "resource types": [
                    "endpoint*"
                ],
                "conditionKeys": "",
                "dependentActions": [
                    ""
                ]
            },
            {
                "name": "DeleteForecastExportJob",
                "description": "Grants permission to delete a forecast export job",
                "access level": "Write",
                "resource types": [
                    "forecastExport*"
                ],
                "conditionKeys": "",
                "dependentActions": [
                    ""
                ]
            },
            {
                "name": "DeleteMonitor",
                "description": "Grants permission to delete a monitor resource",
                "access level": "Write",
                "resource types": [
                    "monitor*"
                ],
                "conditionKeys": "",
                "dependentActions": [
                    ""
                ]
            },
            {
                "name": "DeletePredictor",
                "description": "Grants permission to delete a predictor",
                "access level": "Write",
                "resource types": [
                    "predictor*"
                ],
                "conditionKeys": "",
                "dependentActions": [
                    ""
                ]
            },
            {
                "name": "DeletePredictorBacktestExportJob",
                "description": "Grants permission to delete a predictor backtest export job",
                "access level": "Write",
                "resource types": [
                    "predictorBacktestExportJob*"
                ],
                "conditionKeys": "",
                "dependentActions": [
                    ""
                ]
            },
            {
                "name": "DeleteResourceTree",
                "description": "Grants permission to delete a resource and its child resources",
                "access level": "Write",
                "resource types": [
                    "dataset*"
                ],
                "conditionKeys": "",
                "dependentActions": [
                    ""
                ]
            },
            {
                "name": "DeleteWhatIfAnalysis",
                "description": "Grants permission to delete a what-if analysis",
                "access level": "Write",
                "resource types": [
                    "whatIfAnalysis*"
                ],
                "conditionKeys": "",
                "dependentActions": [
                    ""
                ]
            },
            {
                "name": "DeleteWhatIfForecast",
                "description": "Grants permission to delete a what-if forecast",
                "access level": "Write",
                "resource types": [
                    "whatIfForecast*"
                ],
                "conditionKeys": "",
                "dependentActions": [
                    ""
                ]
            },
            {
                "name": "DeleteWhatIfForecastExport",
                "description": "Grants permission to delete a what-if forecast export",
                "access level": "Write",
                "resource types": [
                    "whatIfForecastExport*"
                ],
                "conditionKeys": "",
                "dependentActions": [
                    ""
                ]
            },
            {
                "name": "DescribeAutoPredictor",
                "description": "Grants permission to describe an auto predictor",
                "access level": "Read",
                "resource types": [
                    "predictor*"
                ],
                "conditionKeys": "",
                "dependentActions": [
                    ""
                ]
            },
            {
                "name": "DescribeDataset",
                "description": "Grants permission to describe a dataset",
                "access level": "Read",
                "resource types": [
                    "dataset*"
                ],
                "conditionKeys": "",
                "dependentActions": [
                    ""
                ]
            },
            {
                "name": "DescribeDatasetGroup",
                "description": "Grants permission to describe a dataset group",
                "access level": "Read",
                "resource types": [
                    "datasetGroup*"
                ],
                "conditionKeys": "",
                "dependentActions": [
                    ""
                ]
            },
            {
                "name": "DescribeDatasetImportJob",
                "description": "Grants permission to describe a dataset import job",
                "access level": "Read",
                "resource types": [
                    "datasetImportJob*"
                ],
                "conditionKeys": "",
                "dependentActions": [
                    ""
                ]
            },
            {
                "name": "DescribeExplainability",
                "description": "Grants permission to describe an explainability",
                "access level": "Read",
                "resource types": [
                    "explainability*"
                ],
                "conditionKeys": "",
                "dependentActions": [
                    ""
                ]
            },
            {
                "name": "DescribeExplainabilityExport",
                "description": "Grants permission to describe an explainability export",
                "access level": "Read",
                "resource types": [
                    "explainabilityExport*"
                ],
                "conditionKeys": "",
                "dependentActions": [
                    ""
                ]
            },
            {
                "name": "DescribeForecast",
                "description": "Grants permission to describe a forecast",
                "access level": "Read",
                "resource types": [
                    "forecast*"
                ],
                "conditionKeys": "",
                "dependentActions": [
                    ""
                ]
            },
            {
                "name": "DescribeForecastEndpoint [permission only]",
                "description": "Grants permission to describe an endpoint resource",
                "access level": "Read",
                "resource types": [
                    "endpoint*"
                ],
                "conditionKeys": "",
                "dependentActions": [
                    ""
                ]
            },
            {
                "name": "DescribeForecastExportJob",
                "description": "Grants permission to describe a forecast export job",
                "access level": "Read",
                "resource types": [
                    "forecastExport*"
                ],
                "conditionKeys": "",
                "dependentActions": [
                    ""
                ]
            },
            {
                "name": "DescribeMonitor",
                "description": "Grants permission to describe an monitor resource",
                "access level": "Read",
                "resource types": [
                    "monitor*"
                ],
                "conditionKeys": "",
                "dependentActions": [
                    ""
                ]
            },
            {
                "name": "DescribePredictor",
                "description": "Grants permission to describe a predictor",
                "access level": "Read",
                "resource types": [
                    "predictor*"
                ],
                "conditionKeys": "",
                "dependentActions": [
                    ""
                ]
            },
            {
                "name": "DescribePredictorBacktestExportJob",
                "description": "Grants permission to describe a predictor backtest export job",
                "access level": "Read",
                "resource types": [
                    "predictorBacktestExportJob*"
                ],
                "conditionKeys": "",
                "dependentActions": [
                    ""
                ]
            },
            {
                "name": "DescribeWhatIfAnalysis",
                "description": "Grants permission to describe a what-if analysis",
                "access level": "Read",
                "resource types": [
                    "whatIfAnalysis*"
                ],
                "conditionKeys": "",
                "dependentActions": [
                    ""
                ]
            },
            {
                "name": "DescribeWhatIfForecast",
                "description": "Grants permission to describe a what-if forecast",
                "access level": "Read",
                "resource types": [
                    "whatIfForecast*"
                ],
                "conditionKeys": "",
                "dependentActions": [
                    ""
                ]
            },
            {
                "name": "DescribeWhatIfForecastExport",
                "description": "Grants permission to describe a what-if forecast export",
                "access level": "Read",
                "resource types": [
                    "whatIfForecastExport*"
                ],
                "conditionKeys": "",
                "dependentActions": [
                    ""
                ]
            },
            {
                "name": "GetAccuracyMetrics",
                "description": "Grants permission to get the Accuracy Metrics for a predictor",
                "access level": "Read",
                "resource types": [
                    "predictor*"
                ],
                "conditionKeys": "",
                "dependentActions": [
                    ""
                ]
            },
            {
                "name": "GetRecentForecastContext [permission only]",
                "description": "Grants permission to get the forecast context of a timeseries for an endpoint",
                "access level": "Read",
                "resource types": [
                    "endpoint*"
                ],
                "conditionKeys": "",
                "dependentActions": [
                    ""
                ]
            },
            {
                "name": "InvokeForecastEndpoint [permission only]",
                "description": "Grants permission to invoke the endpoint to get forecast for a timeseries",
                "access level": "Read",
                "resource types": [
                    "endpoint*"
                ],
                "conditionKeys": "",
                "dependentActions": [
                    ""
                ]
            },
            {
                "name": "ListDatasetGroups",
                "description": "Grants permission to list all the dataset groups",
                "access level": "Read",
                "resource types": [
                    ""
                ],
                "conditionKeys": "",
                "dependentActions": [
                    ""
                ]
            },
            {
                "name": "ListDatasetImportJobs",
                "description": "Grants permission to list all the dataset import jobs",
                "access level": "Read",
                "resource types": [
                    ""
                ],
                "conditionKeys": "",
                "dependentActions": [
                    ""
                ]
            },
            {
                "name": "ListDatasets",
                "description": "Grants permission to list all the datasets",
                "access level": "Read",
                "resource types": [
                    ""
                ],
                "conditionKeys": "",
                "dependentActions": [
                    ""
                ]
            },
            {
                "name": "ListExplainabilities",
                "description": "Grants permission to list all the explainabilities",
                "access level": "Read",
                "resource types": [
                    ""
                ],
                "conditionKeys": "",
                "dependentActions": [
                    ""
                ]
            },
            {
                "name": "ListExplainabilityExports",
                "description": "Grants permission to list all the explainability exports",
                "access level": "Read",
                "resource types": [
                    ""
                ],
                "conditionKeys": "",
                "dependentActions": [
                    ""
                ]
            },
            {
                "name": "ListForecastExportJobs",
                "description": "Grants permission to list all the forecast export jobs",
                "access level": "Read",
                "resource types": [
                    ""
                ],
                "conditionKeys": "",
                "dependentActions": [
                    ""
                ]
            },
            {
                "name": "ListForecasts",
                "description": "Grants permission to list all the forecasts",
                "access level": "Read",
                "resource types": [
                    ""
                ],
                "conditionKeys": "",
                "dependentActions": [
                    ""
                ]
            },
            {
                "name": "ListMonitorEvaluations",
                "description": "Grants permission to list all the monitor evaluation result for a monitor",
                "access level": "Read",
                "resource types": [
                    "monitor*"
                ],
                "conditionKeys": "",
                "dependentActions": [
                    ""
                ]
            },
            {
                "name": "ListMonitors",
                "description": "Grants permission to list all the monitor resources",
                "access level": "Read",
                "resource types": [
                    ""
                ],
                "conditionKeys": "",
                "dependentActions": [
                    ""
                ]
            },
            {
                "name": "ListPredictorBacktestExportJobs",
                "description": "Grants permission to list all the predictor backtest export jobs",
                "access level": "Read",
                "resource types": [
                    ""
                ],
                "conditionKeys": "",
                "dependentActions": [
                    ""
                ]
            },
            {
                "name": "ListPredictors",
                "description": "Grants permission to list all the predictors",
                "access level": "Read",
                "resource types": [
                    ""
                ],
                "conditionKeys": "",
                "dependentActions": [
                    ""
                ]
            },
            {
                "name": "ListTagsForResource",
                "description": "Grants permission to list the tags for an Amazon Forecast resource",
                "access level": "Read",
                "resource types": [
                    "dataset"
                ],
                "conditionKeys": "",
                "dependentActions": [
                    ""
                ]
            },
            {
                "name": "ListWhatIfAnalyses",
                "description": "Grants permission to list all the what-if analyses",
                "access level": "Read",
                "resource types": [
                    ""
                ],
                "conditionKeys": "",
                "dependentActions": [
                    ""
                ]
            },
            {
                "name": "ListWhatIfForecastExports",
                "description": "Grants permission to list all the what-if forecast exports",
                "access level": "Read",
                "resource types": [
                    ""
                ],
                "conditionKeys": "",
                "dependentActions": [
                    ""
                ]
            },
            {
                "name": "ListWhatIfForecasts",
                "description": "Grants permission to list all the what-if forecasts",
                "access level": "Read",
                "resource types": [
                    ""
                ],
                "conditionKeys": "",
                "dependentActions": [
                    ""
                ]
            },
            {
                "name": "QueryForecast",
                "description": "Grants permission to retrieve a forecast for a single item",
                "access level": "Read",
                "resource types": [
                    "forecast*"
                ],
                "conditionKeys": "",
                "dependentActions": [
                    ""
                ]
            },
            {
                "name": "QueryWhatIfForecast",
                "description": "Grants permission to retrieve a what-if forecast for a single item",
                "access level": "Read",
                "resource types": [
                    "whatIfForecast*"
                ],
                "conditionKeys": "",
                "dependentActions": [
                    ""
                ]
            },
            {
                "name": "ResumeResource",
                "description": "Grants permission to resume Amazon Forecast resource jobs",
                "access level": "Write",
                "resource types": [
                    "monitor*"
                ],
                "conditionKeys": "",
                "dependentActions": [
                    ""
                ]
            },
            {
                "name": "StopResource",
                "description": "Grants permission to stop Amazon Forecast resource jobs",
                "access level": "Write",
                "resource types": [
                    "datasetImportJob*"
                ],
                "conditionKeys": "",
                "dependentActions": [
                    ""
                ]
            },
            {
                "name": "TagResource",
                "description": "Grants permission to associate the specified tags to a resource",
                "access level": "Tagging",
                "resource types": [
                    "dataset"
                ],
                "conditionKeys": "",
                "dependentActions": [
                    ""
                ]
            },
            {
                "name": "UntagResource",
                "description": "Grants permission to delete the specified tags for a resource",
                "access level": "Tagging",
                "resource types": [
                    "dataset"
                ],
                "conditionKeys": "",
                "dependentActions": [
                    ""
                ]
            },
            {
                "name": "UpdateDatasetGroup",
                "description": "Grants permission to update a dataset group",
                "access level": "Write",
                "resource types": [
                    "dataset*"
                ],
                "conditionKeys": "",
                "dependentActions": [
                    ""
                ]
            }
        ]
    },
    {
        "resources": [
            {
                "resource_type": "dataset",
                "ARN": "arn:${Partition}:forecast:${Region}:${Account}:dataset/${ResourceId}",
                "conditionKeys": "aws:ResourceTag/${TagKey}"
            },
            {
                "resource_type": "datasetGroup",
                "ARN": "arn:${Partition}:forecast:${Region}:${Account}:dataset-group/${ResourceId}",
                "conditionKeys": "aws:ResourceTag/${TagKey}"
            },
            {
                "resource_type": "datasetImportJob",
                "ARN": "arn:${Partition}:forecast:${Region}:${Account}:dataset-import-job/${ResourceId}",
                "conditionKeys": "aws:ResourceTag/${TagKey}"
            },
            {
                "resource_type": "algorithm",
                "ARN": "arn:${Partition}:forecast:::algorithm/${ResourceId}",
                "conditionKeys": ""
            },
            {
                "resource_type": "predictor",
                "ARN": "arn:${Partition}:forecast:${Region}:${Account}:predictor/${ResourceId}",
                "conditionKeys": "aws:ResourceTag/${TagKey}"
            },
            {
                "resource_type": "predictorBacktestExportJob",
                "ARN": "arn:${Partition}:forecast:${Region}:${Account}:predictor-backtest-export-job/${ResourceId}",
                "conditionKeys": "aws:ResourceTag/${TagKey}"
            },
            {
                "resource_type": "forecast",
                "ARN": "arn:${Partition}:forecast:${Region}:${Account}:forecast/${ResourceId}",
                "conditionKeys": "aws:ResourceTag/${TagKey}"
            },
            {
                "resource_type": "forecastExport",
                "ARN": "arn:${Partition}:forecast:${Region}:${Account}:forecast-export-job/${ResourceId}",
                "conditionKeys": "aws:ResourceTag/${TagKey}"
            },
            {
                "resource_type": "explainability",
                "ARN": "arn:${Partition}:forecast:${Region}:${Account}:explainability/${ResourceId}",
                "conditionKeys": "aws:ResourceTag/${TagKey}"
            },
            {
                "resource_type": "explainabilityExport",
                "ARN": "arn:${Partition}:forecast:${Region}:${Account}:explainability-export/${ResourceId}",
                "conditionKeys": "aws:ResourceTag/${TagKey}"
            },
            {
                "resource_type": "monitor",
                "ARN": "arn:${Partition}:forecast:${Region}:${Account}:monitor/${ResourceId}",
                "conditionKeys": "aws:ResourceTag/${TagKey}"
            },
            {
                "resource_type": "whatIfAnalysis",
                "ARN": "arn:${Partition}:forecast:${Region}:${Account}:what-if-analysis/${ResourceId}",
                "conditionKeys": "aws:ResourceTag/${TagKey}"
            },
            {
                "resource_type": "whatIfForecast",
                "ARN": "arn:${Partition}:forecast:${Region}:${Account}:what-if-forecast/${ResourceId}",
                "conditionKeys": "aws:ResourceTag/${TagKey}"
            },
            {
                "resource_type": "whatIfForecastExport",
                "ARN": "arn:${Partition}:forecast:${Region}:${Account}:what-if-forecast-export/${ResourceId}",
                "conditionKeys": "aws:ResourceTag/${TagKey}"
            },
            {
                "resource_type": "endpoint",
                "ARN": "arn:${Partition}:forecast:${Region}:${Account}:forecast-endpoint/${ResourceId}",
                "conditionKeys": "aws:ResourceTag/${TagKey}"
            }
        ]
    },
    {
        "conditions": [
            {
                "Condition keys": "aws:RequestTag/${TagKey}",
                "Description": "Filters access by the tags that are passed in the request",
                "Type": "String"
            },
            {
                "Condition keys": "aws:ResourceTag/${TagKey}",
                "Description": "Filters access by the tags associated with the resource",
                "Type": "String"
            },
            {
                "Condition keys": "aws:TagKeys",
                "Description": "Filters access by the tag keys that are passed in the request",
                "Type": "ArrayOfString"
            }
        ]
    }
]