[
    {
        "prefix_item": "freetier"
    },
    {
        "link": "https://docs.aws.amazon.com/service-authorization/latest/reference/./list_awsfreetier.html"
    },
    {
        "actions": [
            {
                "name": "GetFreeTierAlertPreference [permission only]",
                "description": "Allow or deny IAM users permission to get free tier alert preference (email address)",
                "access level": "Read",
                "resource types": [
                    ""
                ],
                "conditionKeys": "",
                "dependentActions": [
                    ""
                ]
            },
            {
                "name": "GetFreeTierUsage [permission only]",
                "description": "Allow or deny IAM users permission to get free tier usage limits and MTD usage status",
                "access level": "Read",
                "resource types": [
                    ""
                ],
                "conditionKeys": "",
                "dependentActions": [
                    ""
                ]
            },
            {
                "name": "PutFreeTierAlertPreference [permission only]",
                "description": "Allow or deny IAM users permission to set free tier alert preference (email address)",
                "access level": "Write",
                "resource types": [
                    ""
                ],
                "conditionKeys": "",
                "dependentActions": [
                    ""
                ]
            }
        ]
    }
]