[
    {
        "prefix_item": "fsx"
    },
    {
        "link": "https://docs.aws.amazon.com/service-authorization/latest/reference/./list_amazonfsx.html"
    },
    {
        "actions": [
            {
                "name": "AssociateFileGateway [permission only]",
                "description": "Grants permission to associate a File Gateway instance with an Amazon FSx for Windows File Server file system",
                "access level": "Write",
                "resource types": [
                    "file-system*"
                ],
                "conditionKeys": "",
                "dependentActions": [
                    ""
                ]
            },
            {
                "name": "AssociateFileSystemAliases",
                "description": "Grants permission to associate DNS aliases with an Amazon FSx for Windows File Server file system",
                "access level": "Write",
                "resource types": [
                    "file-system*"
                ],
                "conditionKeys": "",
                "dependentActions": [
                    ""
                ]
            },
            {
                "name": "CancelDataRepositoryTask",
                "description": "Grants permission to cancel a data repository task",
                "access level": "Write",
                "resource types": [
                    "task*"
                ],
                "conditionKeys": "",
                "dependentActions": [
                    ""
                ]
            },
            {
                "name": "CopyBackup",
                "description": "Grants permission to copy a backup",
                "access level": "Write",
                "resource types": [
                    "backup*"
                ],
                "conditionKeys": "",
                "dependentActions": [
                    "fsx:TagResource"
                ]
            },
            {
                "name": "CreateBackup",
                "description": "Grants permission to create a new backup of an Amazon FSx file system or an Amazon FSx volume",
                "access level": "Write",
                "resource types": [
                    "backup*"
                ],
                "conditionKeys": "",
                "dependentActions": [
                    "fsx:TagResource"
                ]
            },
            {
                "name": "CreateDataRepositoryAssociation",
                "description": "Grants permission to create a new data respository association for an Amazon FSx for Lustre file system",
                "access level": "Write",
                "resource types": [
                    "association*"
                ],
                "conditionKeys": "",
                "dependentActions": [
                    "fsx:TagResource"
                ]
            },
            {
                "name": "CreateDataRepositoryTask",
                "description": "Grants permission to create a new data respository task for an Amazon FSx for Lustre file system",
                "access level": "Write",
                "resource types": [
                    "file-system*"
                ],
                "conditionKeys": "",
                "dependentActions": [
                    "fsx:TagResource"
                ]
            },
            {
                "name": "CreateFileCache",
                "description": "Grants permission to create a new, empty, Amazon file cache",
                "access level": "Write",
                "resource types": [
                    "file-cache*"
                ],
                "conditionKeys": "",
                "dependentActions": [
                    "ec2:DescribeSecurityGroups\n                            \n\n                                ec2:DescribeSubnets\n                            \n\n                                ec2:DescribeVpcs\n                            \n\n                                fsx:CreateDataRepositoryAssociation\n                            \n\n                                fsx:TagResource\n                            \n\n                                logs:CreateLogGroup\n                            \n\n                                logs:CreateLogStream\n                            \n\n                                logs:PutLogEvents\n                            \n\n                                s3:ListBucket"
                ]
            },
            {
                "name": "CreateFileSystem",
                "description": "Grants permission to create a new, empty, Amazon FSx file system",
                "access level": "Write",
                "resource types": [
                    "file-system*"
                ],
                "conditionKeys": "",
                "dependentActions": [
                    "fsx:TagResource"
                ]
            },
            {
                "name": "CreateFileSystemFromBackup",
                "description": "Grants permission to create a new Amazon FSx file system from an existing backup",
                "access level": "Write",
                "resource types": [
                    "backup*"
                ],
                "conditionKeys": "",
                "dependentActions": [
                    "fsx:TagResource"
                ]
            },
            {
                "name": "CreateSnapshot",
                "description": "Grants permission to create a new snapshot on a volume",
                "access level": "Write",
                "resource types": [
                    "snapshot*"
                ],
                "conditionKeys": "",
                "dependentActions": [
                    "fsx:TagResource"
                ]
            },
            {
                "name": "CreateStorageVirtualMachine",
                "description": "Grants permission to create a new storage virtual machine in an Amazon FSx for Ontap file system",
                "access level": "Write",
                "resource types": [
                    "file-system*"
                ],
                "conditionKeys": "",
                "dependentActions": [
                    "fsx:TagResource"
                ]
            },
            {
                "name": "CreateVolume",
                "description": "Grants permission to create a new volume",
                "access level": "Write",
                "resource types": [
                    "volume*"
                ],
                "conditionKeys": "",
                "dependentActions": [
                    "fsx:TagResource"
                ]
            },
            {
                "name": "CreateVolumeFromBackup",
                "description": "Grants permission to create a new volume from backup",
                "access level": "Write",
                "resource types": [
                    "backup*"
                ],
                "conditionKeys": "",
                "dependentActions": [
                    "fsx:TagResource"
                ]
            },
            {
                "name": "DeleteBackup",
                "description": "Grants permission to delete a backup, deleting its contents. After deletion, the backup no longer exists, and its data is no longer available",
                "access level": "Write",
                "resource types": [
                    "backup*"
                ],
                "conditionKeys": "",
                "dependentActions": [
                    ""
                ]
            },
            {
                "name": "DeleteDataRepositoryAssociation",
                "description": "Grants permission to delete a data repository association",
                "access level": "Write",
                "resource types": [
                    "association*"
                ],
                "conditionKeys": "",
                "dependentActions": [
                    ""
                ]
            },
            {
                "name": "DeleteFileCache",
                "description": "Grants permission to delete a file cache, deleting its contents",
                "access level": "Write",
                "resource types": [
                    "file-cache*"
                ],
                "conditionKeys": "",
                "dependentActions": [
                    "fsx:DeleteDataRepositoryAssociation"
                ]
            },
            {
                "name": "DeleteFileSystem",
                "description": "Grants permission to delete a file system, deleting its contents and any existing automatic backups of the file system",
                "access level": "Write",
                "resource types": [
                    "file-system*"
                ],
                "conditionKeys": "",
                "dependentActions": [
                    "fsx:CreateBackup\n                            \n\n                                fsx:TagResource"
                ]
            },
            {
                "name": "DeleteSnapshot",
                "description": "Grants permission to delete a snapshot on a volume",
                "access level": "Write",
                "resource types": [
                    "snapshot*"
                ],
                "conditionKeys": "",
                "dependentActions": [
                    ""
                ]
            },
            {
                "name": "DeleteStorageVirtualMachine",
                "description": "Grants permission to delete a storage virtual machine, deleting its contents",
                "access level": "Write",
                "resource types": [
                    "storage-virtual-machine*"
                ],
                "conditionKeys": "",
                "dependentActions": [
                    ""
                ]
            },
            {
                "name": "DeleteVolume",
                "description": "Grants permission to delete a volume, deleting its contents and any existing automatic backups of the volume",
                "access level": "Write",
                "resource types": [
                    "volume*"
                ],
                "conditionKeys": "",
                "dependentActions": [
                    "fsx:TagResource"
                ]
            },
            {
                "name": "DescribeAssociatedFileGateways [permission only]",
                "description": "Grants permission to describe the File Gateway instances associated with an Amazon FSx for Windows File Server file system",
                "access level": "Read",
                "resource types": [
                    "file-system*"
                ],
                "conditionKeys": "",
                "dependentActions": [
                    ""
                ]
            },
            {
                "name": "DescribeBackups",
                "description": "Grants permission to return the descriptions of all backups owned by your AWS account in the AWS Region of the endpoint that you're calling",
                "access level": "Read",
                "resource types": [
                    ""
                ],
                "conditionKeys": "",
                "dependentActions": [
                    ""
                ]
            },
            {
                "name": "DescribeDataRepositoryAssociations",
                "description": "Grants permission to return the descriptions of all data repository associations owned by your AWS account in the AWS Region of the endpoint that you're calling",
                "access level": "Read",
                "resource types": [
                    ""
                ],
                "conditionKeys": "",
                "dependentActions": [
                    ""
                ]
            },
            {
                "name": "DescribeDataRepositoryTasks",
                "description": "Grants permission to return the descriptions of all data repository tasks owned by your AWS account in the AWS Region of the endpoint that you're calling",
                "access level": "Read",
                "resource types": [
                    ""
                ],
                "conditionKeys": "",
                "dependentActions": [
                    ""
                ]
            },
            {
                "name": "DescribeFileCaches",
                "description": "Grants permission to return the descriptions of all file caches owned by your AWS account in the AWS Region of the endpoint that you're calling",
                "access level": "Read",
                "resource types": [
                    ""
                ],
                "conditionKeys": "",
                "dependentActions": [
                    ""
                ]
            },
            {
                "name": "DescribeFileSystemAliases",
                "description": "Grants permission to return the description of all DNS aliases owned by your Amazon FSx for Windows File Server file system",
                "access level": "Read",
                "resource types": [
                    "file-system*"
                ],
                "conditionKeys": "",
                "dependentActions": [
                    ""
                ]
            },
            {
                "name": "DescribeFileSystems",
                "description": "Grants permission to return the descriptions of all file systems owned by your AWS account in the AWS Region of the endpoint that you're calling",
                "access level": "Read",
                "resource types": [
                    ""
                ],
                "conditionKeys": "",
                "dependentActions": [
                    ""
                ]
            },
            {
                "name": "DescribeSnapshots",
                "description": "Grants permission to return the descriptions of all snapshots owned by your AWS account in the AWS Region of the endpoint you're calling",
                "access level": "Read",
                "resource types": [
                    ""
                ],
                "conditionKeys": "",
                "dependentActions": [
                    ""
                ]
            },
            {
                "name": "DescribeStorageVirtualMachines",
                "description": "Grants permission to return the descriptions of all storage virtual machines owned by your AWS account in the AWS Region of the endpoint that you're calling",
                "access level": "Read",
                "resource types": [
                    ""
                ],
                "conditionKeys": "",
                "dependentActions": [
                    ""
                ]
            },
            {
                "name": "DescribeVolumes",
                "description": "Grants permission to return the descriptions of all volumes owned by your AWS account in the AWS Region of the endpoint that you're calling",
                "access level": "Read",
                "resource types": [
                    ""
                ],
                "conditionKeys": "",
                "dependentActions": [
                    ""
                ]
            },
            {
                "name": "DisassociateFileGateway [permission only]",
                "description": "Grants permission to disassociate a File Gateway instance from an Amazon FSx for Windows File Server file system",
                "access level": "Write",
                "resource types": [
                    "file-system*"
                ],
                "conditionKeys": "",
                "dependentActions": [
                    ""
                ]
            },
            {
                "name": "DisassociateFileSystemAliases",
                "description": "Grants permission to disassociate file system aliases with an Amazon FSx for Windows File Server file system",
                "access level": "Write",
                "resource types": [
                    "file-system*"
                ],
                "conditionKeys": "",
                "dependentActions": [
                    ""
                ]
            },
            {
                "name": "ListTagsForResource",
                "description": "Grants permission to list tags for an Amazon FSx resource",
                "access level": "Read",
                "resource types": [
                    "association"
                ],
                "conditionKeys": "",
                "dependentActions": [
                    ""
                ]
            },
            {
                "name": "ManageBackupPrincipalAssociations [permission only]",
                "description": "Grants permission to manage backup principal associations through AWS Backup",
                "access level": "Permissions management",
                "resource types": [
                    "backup*"
                ],
                "conditionKeys": "",
                "dependentActions": [
                    ""
                ]
            },
            {
                "name": "ReleaseFileSystemNfsV3Locks",
                "description": "Grants permission to release file system NFS V3 locks",
                "access level": "Write",
                "resource types": [
                    "file-system*"
                ],
                "conditionKeys": "",
                "dependentActions": [
                    ""
                ]
            },
            {
                "name": "RestoreVolumeFromSnapshot",
                "description": "Grants permission to restore volume state from a snapshot",
                "access level": "Write",
                "resource types": [
                    "snapshot*"
                ],
                "conditionKeys": "",
                "dependentActions": [
                    ""
                ]
            },
            {
                "name": "TagResource",
                "description": "Grants permission to tag an Amazon FSx resource",
                "access level": "Tagging",
                "resource types": [
                    "association"
                ],
                "conditionKeys": "",
                "dependentActions": [
                    ""
                ]
            },
            {
                "name": "UntagResource",
                "description": "Grants permission to remove a tag from an Amazon FSx resource",
                "access level": "Tagging",
                "resource types": [
                    "association"
                ],
                "conditionKeys": "",
                "dependentActions": [
                    ""
                ]
            },
            {
                "name": "UpdateDataRepositoryAssociation",
                "description": "Grants permission to update data repository association configuration",
                "access level": "Write",
                "resource types": [
                    "association*"
                ],
                "conditionKeys": "",
                "dependentActions": [
                    ""
                ]
            },
            {
                "name": "UpdateFileCache",
                "description": "Grants permission to update file cache configuration",
                "access level": "Write",
                "resource types": [
                    "file-cache*"
                ],
                "conditionKeys": "",
                "dependentActions": [
                    ""
                ]
            },
            {
                "name": "UpdateFileSystem",
                "description": "Grants permission to update file system configuration",
                "access level": "Write",
                "resource types": [
                    "file-system*"
                ],
                "conditionKeys": "",
                "dependentActions": [
                    ""
                ]
            },
            {
                "name": "UpdateSnapshot",
                "description": "Grants permission to update snapshot configuration",
                "access level": "Write",
                "resource types": [
                    "snapshot*"
                ],
                "conditionKeys": "",
                "dependentActions": [
                    ""
                ]
            },
            {
                "name": "UpdateStorageVirtualMachine",
                "description": "Grants permission to update storage virtual machine configuration",
                "access level": "Write",
                "resource types": [
                    "storage-virtual-machine*"
                ],
                "conditionKeys": "",
                "dependentActions": [
                    ""
                ]
            },
            {
                "name": "UpdateVolume",
                "description": "Grants permission to update volume configuration",
                "access level": "Write",
                "resource types": [
                    "volume*"
                ],
                "conditionKeys": "",
                "dependentActions": [
                    ""
                ]
            }
        ]
    },
    {
        "resources": [
            {
                "resource_type": "file-system",
                "ARN": "arn:${Partition}:fsx:${Region}:${Account}:file-system/${FileSystemId}",
                "conditionKeys": "aws:ResourceTag/${TagKey}"
            },
            {
                "resource_type": "file-cache",
                "ARN": "arn:${Partition}:fsx:${Region}:${Account}:file-cache/${FileCacheId}",
                "conditionKeys": "aws:ResourceTag/${TagKey}"
            },
            {
                "resource_type": "backup",
                "ARN": "arn:${Partition}:fsx:${Region}:${Account}:backup/${BackupId}",
                "conditionKeys": "aws:ResourceTag/${TagKey}"
            },
            {
                "resource_type": "storage-virtual-machine",
                "ARN": "arn:${Partition}:fsx:${Region}:${Account}:storage-virtual-machine/${FileSystemId}/${StorageVirtualMachineId}",
                "conditionKeys": "aws:ResourceTag/${TagKey}"
            },
            {
                "resource_type": "task",
                "ARN": "arn:${Partition}:fsx:${Region}:${Account}:task/${TaskId}",
                "conditionKeys": "aws:ResourceTag/${TagKey}"
            },
            {
                "resource_type": "association",
                "ARN": "arn:${Partition}:fsx:${Region}:${Account}:association/${FileSystemIdOrFileCacheId}/${DataRepositoryAssociationId}",
                "conditionKeys": "aws:ResourceTag/${TagKey}"
            },
            {
                "resource_type": "volume",
                "ARN": "arn:${Partition}:fsx:${Region}:${Account}:volume/${FileSystemId}/${VolumeId}",
                "conditionKeys": "aws:ResourceTag/${TagKey}"
            },
            {
                "resource_type": "snapshot",
                "ARN": "arn:${Partition}:fsx:${Region}:${Account}:snapshot/${VolumeId}/${SnapshotId}",
                "conditionKeys": "aws:ResourceTag/${TagKey}"
            }
        ]
    },
    {
        "conditions": [
            {
                "Condition keys": "aws:RequestTag/${TagKey}",
                "Description": "Filters access by the tags that are passed in the request",
                "Type": "String"
            },
            {
                "Condition keys": "aws:ResourceTag/${TagKey}",
                "Description": "Filters access by the tags associated with the resource",
                "Type": "String"
            },
            {
                "Condition keys": "aws:TagKeys",
                "Description": "Filters access by the tag keys that are passed in the request",
                "Type": "ArrayOfString"
            },
            {
                "Condition keys": "fsx:IsBackupCopyDestination",
                "Description": "Filters access by whether the backup is a destination backup for a CopyBackup operation",
                "Type": "Bool"
            },
            {
                "Condition keys": "fsx:IsBackupCopySource",
                "Description": "Filters access by whether the backup is a source backup for a CopyBackup operation",
                "Type": "Bool"
            },
            {
                "Condition keys": "fsx:NfsDataRepositoryAuthenticationEnabled",
                "Description": "Filters access by NFS data repositories which support authentication",
                "Type": "Bool"
            },
            {
                "Condition keys": "fsx:NfsDataRepositoryEncryptionInTransitEnabled",
                "Description": "Filters access by NFS data repositories which support encryption-in-transit",
                "Type": "Bool"
            },
            {
                "Condition keys": "fsx:ParentVolumeId",
                "Description": "Filters access by the containing parent volume for mutating volume operations",
                "Type": "String"
            },
            {
                "Condition keys": "fsx:StorageVirtualMachineId",
                "Description": "Filters access by the containing storage virtual machine for a volume for mutating volume operations",
                "Type": "String"
            }
        ]
    }
]