[
    {
        "prefix_item": "gamesparks"
    },
    {
        "link": "https://docs.aws.amazon.com/service-authorization/latest/reference/./list_amazongamesparks.html"
    },
    {
        "actions": [
            {
                "name": "CreateGame",
                "description": "Grants permission to create a game",
                "access level": "Write",
                "resource types": [
                    ""
                ],
                "conditionKeys": "aws:RequestTag/${TagKey}\n\n\naws:TagKeys",
                "dependentActions": [
                    ""
                ]
            },
            {
                "name": "CreateSnapshot",
                "description": "Grants permission to create a snapshot of a game",
                "access level": "Write",
                "resource types": [
                    "game*"
                ],
                "conditionKeys": "",
                "dependentActions": [
                    ""
                ]
            },
            {
                "name": "CreateStage",
                "description": "Grants permission to create a stage in a game",
                "access level": "Write",
                "resource types": [
                    "game*"
                ],
                "conditionKeys": "",
                "dependentActions": [
                    ""
                ]
            },
            {
                "name": "DeleteGame",
                "description": "Grants permission to delete a game",
                "access level": "Write",
                "resource types": [
                    "game*"
                ],
                "conditionKeys": "",
                "dependentActions": [
                    ""
                ]
            },
            {
                "name": "DeleteStage",
                "description": "Grants permission to delete a stage from a game",
                "access level": "Write",
                "resource types": [
                    "game*"
                ],
                "conditionKeys": "",
                "dependentActions": [
                    ""
                ]
            },
            {
                "name": "DisconnectPlayer",
                "description": "Grants permission to disconnect a player from the game runtime",
                "access level": "Write",
                "resource types": [
                    "game*"
                ],
                "conditionKeys": "",
                "dependentActions": [
                    ""
                ]
            },
            {
                "name": "ExportSnapshot",
                "description": "Grants permission to export a snapshot of the game configuration",
                "access level": "Write",
                "resource types": [
                    "game*"
                ],
                "conditionKeys": "",
                "dependentActions": [
                    ""
                ]
            },
            {
                "name": "GetExtension",
                "description": "Grants permission to get details about an extension",
                "access level": "Read",
                "resource types": [
                    ""
                ],
                "conditionKeys": "aws:RequestTag/${TagKey}",
                "dependentActions": [
                    ""
                ]
            },
            {
                "name": "GetExtensionVersion",
                "description": "Grants permission to get details about an extension version",
                "access level": "Read",
                "resource types": [
                    ""
                ],
                "conditionKeys": "aws:RequestTag/${TagKey}",
                "dependentActions": [
                    ""
                ]
            },
            {
                "name": "GetGame",
                "description": "Grants permission to get details about a game",
                "access level": "Read",
                "resource types": [
                    "game*"
                ],
                "conditionKeys": "",
                "dependentActions": [
                    ""
                ]
            },
            {
                "name": "GetGameConfiguration",
                "description": "Grants permission to get the configuration for the game",
                "access level": "Read",
                "resource types": [
                    "game*"
                ],
                "conditionKeys": "",
                "dependentActions": [
                    ""
                ]
            },
            {
                "name": "GetGeneratedCodeJob",
                "description": "Grants permission to get details about a job that is generating code for a snapshot",
                "access level": "Read",
                "resource types": [
                    "game*"
                ],
                "conditionKeys": "",
                "dependentActions": [
                    ""
                ]
            },
            {
                "name": "GetPlayerConnectionStatus",
                "description": "Grants permission to get the status of a player connection",
                "access level": "Read",
                "resource types": [
                    "game*"
                ],
                "conditionKeys": "",
                "dependentActions": [
                    ""
                ]
            },
            {
                "name": "GetSnapshot",
                "description": "Grants permission to get a snapshot of the game",
                "access level": "Read",
                "resource types": [
                    "game*"
                ],
                "conditionKeys": "",
                "dependentActions": [
                    ""
                ]
            },
            {
                "name": "GetStage",
                "description": "Grants permission to gets information about a stage",
                "access level": "Read",
                "resource types": [
                    "game*"
                ],
                "conditionKeys": "",
                "dependentActions": [
                    ""
                ]
            },
            {
                "name": "GetStageDeployment",
                "description": "Grants permission to get information about a stage deployment",
                "access level": "Read",
                "resource types": [
                    "game*"
                ],
                "conditionKeys": "",
                "dependentActions": [
                    ""
                ]
            },
            {
                "name": "ImportGameConfiguration",
                "description": "Grants permission to import a snapshot of a game configuration",
                "access level": "Write",
                "resource types": [
                    "game*"
                ],
                "conditionKeys": "",
                "dependentActions": [
                    ""
                ]
            },
            {
                "name": "InvokeBackend [permission only]",
                "description": "Grants permission to invoke backend services for a specific game",
                "access level": "Write",
                "resource types": [
                    "game*"
                ],
                "conditionKeys": "",
                "dependentActions": [
                    ""
                ]
            },
            {
                "name": "ListExtensionVersions",
                "description": "Grants permission to list the extension versions",
                "access level": "List",
                "resource types": [
                    ""
                ],
                "conditionKeys": "",
                "dependentActions": [
                    ""
                ]
            },
            {
                "name": "ListExtensions",
                "description": "Grants permission to list the extensions",
                "access level": "List",
                "resource types": [
                    ""
                ],
                "conditionKeys": "",
                "dependentActions": [
                    ""
                ]
            },
            {
                "name": "ListGames",
                "description": "Grants permission to list the games",
                "access level": "List",
                "resource types": [
                    ""
                ],
                "conditionKeys": "",
                "dependentActions": [
                    ""
                ]
            },
            {
                "name": "ListGeneratedCodeJobs",
                "description": "Grants permission to get a list of code generation jobs for a snapshot",
                "access level": "List",
                "resource types": [
                    "game*"
                ],
                "conditionKeys": "",
                "dependentActions": [
                    ""
                ]
            },
            {
                "name": "ListSnapshots",
                "description": "Grants permission to get a list of snapshot summaries for a game",
                "access level": "List",
                "resource types": [
                    "game*"
                ],
                "conditionKeys": "",
                "dependentActions": [
                    ""
                ]
            },
            {
                "name": "ListStageDeployments",
                "description": "Grants permission to get a list of stage deployment summaries for a game",
                "access level": "List",
                "resource types": [
                    "game*"
                ],
                "conditionKeys": "",
                "dependentActions": [
                    ""
                ]
            },
            {
                "name": "ListStages",
                "description": "Grants permission to get a list of stage summaries for a game",
                "access level": "List",
                "resource types": [
                    "game*"
                ],
                "conditionKeys": "",
                "dependentActions": [
                    ""
                ]
            },
            {
                "name": "ListTagsForResource",
                "description": "Grants permission to list the tags associated with a resource",
                "access level": "Read",
                "resource types": [
                    "game"
                ],
                "conditionKeys": "",
                "dependentActions": [
                    ""
                ]
            },
            {
                "name": "StartGeneratedCodeJob",
                "description": "Grants permission to start an asynchronous process that generates client code for system-defined and custom messages",
                "access level": "Write",
                "resource types": [
                    "game*"
                ],
                "conditionKeys": "",
                "dependentActions": [
                    ""
                ]
            },
            {
                "name": "StartStageDeployment",
                "description": "Grants permission to deploy a snapshot to a stage and creates a new game runtime",
                "access level": "Write",
                "resource types": [
                    "game*"
                ],
                "conditionKeys": "",
                "dependentActions": [
                    ""
                ]
            },
            {
                "name": "TagResource",
                "description": "Grants permission to adds tags to a resource",
                "access level": "Tagging",
                "resource types": [
                    "game"
                ],
                "conditionKeys": "",
                "dependentActions": [
                    ""
                ]
            },
            {
                "name": "UntagResource",
                "description": "Grants permission to remove tags from a resource",
                "access level": "Tagging",
                "resource types": [
                    "game"
                ],
                "conditionKeys": "",
                "dependentActions": [
                    ""
                ]
            },
            {
                "name": "UpdateGame",
                "description": "Grants permission to change the metadata of a game",
                "access level": "Write",
                "resource types": [
                    "game*"
                ],
                "conditionKeys": "",
                "dependentActions": [
                    ""
                ]
            },
            {
                "name": "UpdateGameConfiguration",
                "description": "Grants permission to change the working copy of the game configuration",
                "access level": "Write",
                "resource types": [
                    "game*"
                ],
                "conditionKeys": "",
                "dependentActions": [
                    ""
                ]
            },
            {
                "name": "UpdateSnapshot",
                "description": "Grants permission to update the metadata of a snapshot",
                "access level": "Write",
                "resource types": [
                    "game*"
                ],
                "conditionKeys": "",
                "dependentActions": [
                    ""
                ]
            },
            {
                "name": "UpdateStage",
                "description": "Grants permission to update the metadata of a stage",
                "access level": "Write",
                "resource types": [
                    "game*"
                ],
                "conditionKeys": "",
                "dependentActions": [
                    ""
                ]
            }
        ]
    },
    {
        "resources": [
            {
                "resource_type": "game",
                "ARN": "arn:${Partition}:gamesparks:${Region}:${Account}:game/${GameId}",
                "conditionKeys": "aws:ResourceTag/${TagKey}"
            },
            {
                "resource_type": "stage",
                "ARN": "arn:${Partition}:gamesparks:${Region}:${Account}:game/${GameId}/stage/${StageName}",
                "conditionKeys": "aws:ResourceTag/${TagKey}"
            }
        ]
    },
    {
        "conditions": [
            {
                "Condition keys": "aws:RequestTag/${TagKey}",
                "Description": "Filters actions based on the tags that are passed in the request",
                "Type": "String"
            },
            {
                "Condition keys": "aws:ResourceTag/${TagKey}",
                "Description": "Filters actions based on the tags associated with the resource",
                "Type": "String"
            },
            {
                "Condition keys": "aws:TagKeys",
                "Description": "Filters actions based on the tag keys that are passed in the request",
                "Type": "ArrayOfString"
            }
        ]
    }
]