[
    {
        "prefix_item": "geo"
    },
    {
        "link": "https://docs.aws.amazon.com/service-authorization/latest/reference/./list_amazonlocation.html"
    },
    {
        "actions": [
            {
                "name": "AssociateTrackerConsumer",
                "description": "Grants permission to create an association between a geofence-collection and a tracker resource",
                "access level": "Write",
                "resource types": [
                    "tracker*"
                ],
                "conditionKeys": "",
                "dependentActions": [
                    ""
                ]
            },
            {
                "name": "BatchDeleteDevicePositionHistory",
                "description": "Grants permission to delete a batch of device position histories from a tracker resource",
                "access level": "Write",
                "resource types": [
                    "tracker*"
                ],
                "conditionKeys": "",
                "dependentActions": [
                    ""
                ]
            },
            {
                "name": "BatchDeleteGeofence",
                "description": "Grants permission to delete a batch of geofences from a geofence collection",
                "access level": "Write",
                "resource types": [
                    "geofence-collection*"
                ],
                "conditionKeys": "",
                "dependentActions": [
                    ""
                ]
            },
            {
                "name": "BatchEvaluateGeofences",
                "description": "Grants permission to evaluate device positions against the position of geofences in a given geofence collection",
                "access level": "Write",
                "resource types": [
                    "geofence-collection*"
                ],
                "conditionKeys": "",
                "dependentActions": [
                    ""
                ]
            },
            {
                "name": "BatchGetDevicePosition",
                "description": "Grants permission to send a batch request to retrieve device positions",
                "access level": "Read",
                "resource types": [
                    "tracker*"
                ],
                "conditionKeys": "",
                "dependentActions": [
                    ""
                ]
            },
            {
                "name": "BatchPutGeofence",
                "description": "Grants permission to send a batch request for adding geofences into a given geofence collection",
                "access level": "Write",
                "resource types": [
                    "geofence-collection*"
                ],
                "conditionKeys": "",
                "dependentActions": [
                    ""
                ]
            },
            {
                "name": "BatchUpdateDevicePosition",
                "description": "Grants permission to upload a position update for one or more devices to a tracker resource",
                "access level": "Write",
                "resource types": [
                    "tracker*"
                ],
                "conditionKeys": "",
                "dependentActions": [
                    ""
                ]
            },
            {
                "name": "CalculateRoute",
                "description": "Grants permission to calculate routes using a given route calculator resource",
                "access level": "Read",
                "resource types": [
                    "route-calculator*"
                ],
                "conditionKeys": "",
                "dependentActions": [
                    ""
                ]
            },
            {
                "name": "CalculateRouteMatrix",
                "description": "Grants permission to calculate a route matrix using a given route calculator resource",
                "access level": "Read",
                "resource types": [
                    "route-calculator*"
                ],
                "conditionKeys": "",
                "dependentActions": [
                    ""
                ]
            },
            {
                "name": "CreateGeofenceCollection",
                "description": "Grants permission to create a geofence-collection",
                "access level": "Write",
                "resource types": [
                    ""
                ],
                "conditionKeys": "aws:RequestTag/${TagKey}\n\n\naws:TagKeys",
                "dependentActions": [
                    ""
                ]
            },
            {
                "name": "CreateKey",
                "description": "Grants permission to create an API key resource",
                "access level": "Write",
                "resource types": [
                    ""
                ],
                "conditionKeys": "aws:RequestTag/${TagKey}\n\n\naws:TagKeys",
                "dependentActions": [
                    ""
                ]
            },
            {
                "name": "CreateMap",
                "description": "Grants permission to create a map resource",
                "access level": "Write",
                "resource types": [
                    ""
                ],
                "conditionKeys": "aws:RequestTag/${TagKey}\n\n\naws:TagKeys",
                "dependentActions": [
                    ""
                ]
            },
            {
                "name": "CreatePlaceIndex",
                "description": "Grants permission to create a place index resource",
                "access level": "Write",
                "resource types": [
                    ""
                ],
                "conditionKeys": "aws:RequestTag/${TagKey}\n\n\naws:TagKeys",
                "dependentActions": [
                    ""
                ]
            },
            {
                "name": "CreateRouteCalculator",
                "description": "Grants permission to create a route calculator resource",
                "access level": "Write",
                "resource types": [
                    ""
                ],
                "conditionKeys": "aws:RequestTag/${TagKey}\n\n\naws:TagKeys",
                "dependentActions": [
                    ""
                ]
            },
            {
                "name": "CreateTracker",
                "description": "Grants permission to create a tracker resource",
                "access level": "Write",
                "resource types": [
                    ""
                ],
                "conditionKeys": "aws:RequestTag/${TagKey}\n\n\naws:TagKeys",
                "dependentActions": [
                    ""
                ]
            },
            {
                "name": "DeleteGeofenceCollection",
                "description": "Grants permission to delete a geofence-collection",
                "access level": "Write",
                "resource types": [
                    "geofence-collection*"
                ],
                "conditionKeys": "",
                "dependentActions": [
                    ""
                ]
            },
            {
                "name": "DeleteKey",
                "description": "Grants permission to delete an API key resource",
                "access level": "Write",
                "resource types": [
                    "api-key*"
                ],
                "conditionKeys": "",
                "dependentActions": [
                    ""
                ]
            },
            {
                "name": "DeleteMap",
                "description": "Grants permission to delete a map resource",
                "access level": "Write",
                "resource types": [
                    "map*"
                ],
                "conditionKeys": "",
                "dependentActions": [
                    ""
                ]
            },
            {
                "name": "DeletePlaceIndex",
                "description": "Grants permission to delete a place index resource",
                "access level": "Write",
                "resource types": [
                    "place-index*"
                ],
                "conditionKeys": "",
                "dependentActions": [
                    ""
                ]
            },
            {
                "name": "DeleteRouteCalculator",
                "description": "Grants permission to delete a route calculator resource",
                "access level": "Write",
                "resource types": [
                    "route-calculator*"
                ],
                "conditionKeys": "",
                "dependentActions": [
                    ""
                ]
            },
            {
                "name": "DeleteTracker",
                "description": "Grants permission to delete a tracker resource",
                "access level": "Write",
                "resource types": [
                    "tracker*"
                ],
                "conditionKeys": "",
                "dependentActions": [
                    ""
                ]
            },
            {
                "name": "DescribeGeofenceCollection",
                "description": "Grants permission to retrieve geofence collection details",
                "access level": "Read",
                "resource types": [
                    "geofence-collection*"
                ],
                "conditionKeys": "",
                "dependentActions": [
                    ""
                ]
            },
            {
                "name": "DescribeKey",
                "description": "Grants permission to retrieve API key resource details and secret",
                "access level": "Read",
                "resource types": [
                    "api-key*"
                ],
                "conditionKeys": "",
                "dependentActions": [
                    ""
                ]
            },
            {
                "name": "DescribeMap",
                "description": "Grants permission to retrieve map resource details",
                "access level": "Read",
                "resource types": [
                    "map*"
                ],
                "conditionKeys": "",
                "dependentActions": [
                    ""
                ]
            },
            {
                "name": "DescribePlaceIndex",
                "description": "Grants permission to retrieve place-index resource details",
                "access level": "Read",
                "resource types": [
                    "place-index*"
                ],
                "conditionKeys": "",
                "dependentActions": [
                    ""
                ]
            },
            {
                "name": "DescribeRouteCalculator",
                "description": "Grants permission to retrieve route calculator resource details",
                "access level": "Read",
                "resource types": [
                    "route-calculator*"
                ],
                "conditionKeys": "",
                "dependentActions": [
                    ""
                ]
            },
            {
                "name": "DescribeTracker",
                "description": "Grants permission to retrieve a tracker resource details",
                "access level": "Read",
                "resource types": [
                    "tracker*"
                ],
                "conditionKeys": "",
                "dependentActions": [
                    ""
                ]
            },
            {
                "name": "DisassociateTrackerConsumer",
                "description": "Grants permission to remove the association between a tracker resource and a geofence-collection",
                "access level": "Write",
                "resource types": [
                    "tracker*"
                ],
                "conditionKeys": "",
                "dependentActions": [
                    ""
                ]
            },
            {
                "name": "GetDevicePosition",
                "description": "Grants permission to retrieve the latest device position",
                "access level": "Read",
                "resource types": [
                    "tracker*"
                ],
                "conditionKeys": "",
                "dependentActions": [
                    ""
                ]
            },
            {
                "name": "GetDevicePositionHistory",
                "description": "Grants permission to retrieve the device position history",
                "access level": "Read",
                "resource types": [
                    "tracker*"
                ],
                "conditionKeys": "",
                "dependentActions": [
                    ""
                ]
            },
            {
                "name": "GetGeofence",
                "description": "Grants permission to retrieve the geofence details from a geofence-collection",
                "access level": "Read",
                "resource types": [
                    "geofence-collection*"
                ],
                "conditionKeys": "",
                "dependentActions": [
                    ""
                ]
            },
            {
                "name": "GetMapGlyphs",
                "description": "Grants permission to retrieve the glyph file for a map resource",
                "access level": "Read",
                "resource types": [
                    "map*"
                ],
                "conditionKeys": "",
                "dependentActions": [
                    ""
                ]
            },
            {
                "name": "GetMapSprites",
                "description": "Grants permission to retrieve the sprite file for a map resource",
                "access level": "Read",
                "resource types": [
                    "map*"
                ],
                "conditionKeys": "",
                "dependentActions": [
                    ""
                ]
            },
            {
                "name": "GetMapStyleDescriptor",
                "description": "Grants permission to retrieve the map style descriptor from a map resource",
                "access level": "Read",
                "resource types": [
                    "map*"
                ],
                "conditionKeys": "",
                "dependentActions": [
                    ""
                ]
            },
            {
                "name": "GetMapTile",
                "description": "Grants permission to retrieve the map tile from the map resource",
                "access level": "Read",
                "resource types": [
                    "map*"
                ],
                "conditionKeys": "",
                "dependentActions": [
                    ""
                ]
            },
            {
                "name": "GetPlace",
                "description": "Grants permission to find a place by its unique ID",
                "access level": "Read",
                "resource types": [
                    "place-index*"
                ],
                "conditionKeys": "",
                "dependentActions": [
                    ""
                ]
            },
            {
                "name": "ListDevicePositions",
                "description": "Grants permission to retrieve a list of devices and their latest positions from the given tracker resource",
                "access level": "Read",
                "resource types": [
                    "tracker*"
                ],
                "conditionKeys": "",
                "dependentActions": [
                    ""
                ]
            },
            {
                "name": "ListGeofenceCollections",
                "description": "Grants permission to lists geofence-collections",
                "access level": "List",
                "resource types": [
                    ""
                ],
                "conditionKeys": "",
                "dependentActions": [
                    ""
                ]
            },
            {
                "name": "ListGeofences",
                "description": "Grants permission to list geofences stored in a given geofence collection",
                "access level": "Read",
                "resource types": [
                    "geofence-collection*"
                ],
                "conditionKeys": "",
                "dependentActions": [
                    ""
                ]
            },
            {
                "name": "ListKeys",
                "description": "Grants permission to list API key resources",
                "access level": "List",
                "resource types": [
                    ""
                ],
                "conditionKeys": "",
                "dependentActions": [
                    ""
                ]
            },
            {
                "name": "ListMaps",
                "description": "Grants permission to list map resources",
                "access level": "List",
                "resource types": [
                    ""
                ],
                "conditionKeys": "",
                "dependentActions": [
                    ""
                ]
            },
            {
                "name": "ListPlaceIndexes",
                "description": "Grants permission to return a list of place index resources",
                "access level": "List",
                "resource types": [
                    ""
                ],
                "conditionKeys": "",
                "dependentActions": [
                    ""
                ]
            },
            {
                "name": "ListRouteCalculators",
                "description": "Grants permission to return a list of route calculator resources",
                "access level": "List",
                "resource types": [
                    ""
                ],
                "conditionKeys": "",
                "dependentActions": [
                    ""
                ]
            },
            {
                "name": "ListTagsForResource",
                "description": "Grants permission to list the tags (metadata) which you have assigned to the resource",
                "access level": "Read",
                "resource types": [
                    "api-key"
                ],
                "conditionKeys": "",
                "dependentActions": [
                    ""
                ]
            },
            {
                "name": "ListTrackerConsumers",
                "description": "Grants permission to retrieve a list of geofence collections currently associated to the given tracker resource",
                "access level": "Read",
                "resource types": [
                    "tracker*"
                ],
                "conditionKeys": "",
                "dependentActions": [
                    ""
                ]
            },
            {
                "name": "ListTrackers",
                "description": "Grants permission to return a list of tracker resources",
                "access level": "List",
                "resource types": [
                    ""
                ],
                "conditionKeys": "",
                "dependentActions": [
                    ""
                ]
            },
            {
                "name": "PutGeofence",
                "description": "Grants permission to add a new geofence or update an existing geofence to a given geofence-collection",
                "access level": "Write",
                "resource types": [
                    "geofence-collection*"
                ],
                "conditionKeys": "",
                "dependentActions": [
                    ""
                ]
            },
            {
                "name": "SearchPlaceIndexForPosition",
                "description": "Grants permission to reverse geocodes a given coordinate",
                "access level": "Read",
                "resource types": [
                    "place-index*"
                ],
                "conditionKeys": "",
                "dependentActions": [
                    ""
                ]
            },
            {
                "name": "SearchPlaceIndexForSuggestions",
                "description": "Grants permission to generate suggestions for addresses and points of interest based on partial or misspelled free-form text",
                "access level": "Read",
                "resource types": [
                    "place-index*"
                ],
                "conditionKeys": "",
                "dependentActions": [
                    ""
                ]
            },
            {
                "name": "SearchPlaceIndexForText",
                "description": "Grants permission to geocode free-form text, such as an address, name, city or region",
                "access level": "Read",
                "resource types": [
                    "place-index*"
                ],
                "conditionKeys": "",
                "dependentActions": [
                    ""
                ]
            },
            {
                "name": "TagResource",
                "description": "Grants permission to adds to or modifies the tags of the given resource. Tags are metadata which can be used to manage a resource",
                "access level": "Tagging",
                "resource types": [
                    "api-key"
                ],
                "conditionKeys": "",
                "dependentActions": [
                    ""
                ]
            },
            {
                "name": "UntagResource",
                "description": "Grants permission to remove the given tags (metadata) from the resource",
                "access level": "Tagging",
                "resource types": [
                    "api-key"
                ],
                "conditionKeys": "",
                "dependentActions": [
                    ""
                ]
            },
            {
                "name": "UpdateGeofenceCollection",
                "description": "Grants permission to update a geofence collection",
                "access level": "Write",
                "resource types": [
                    "geofence-collection*"
                ],
                "conditionKeys": "",
                "dependentActions": [
                    ""
                ]
            },
            {
                "name": "UpdateKey",
                "description": "Grants permission to update an API key resource",
                "access level": "Write",
                "resource types": [
                    "api-key*"
                ],
                "conditionKeys": "",
                "dependentActions": [
                    ""
                ]
            },
            {
                "name": "UpdateMap",
                "description": "Grants permission to update a map resource",
                "access level": "Write",
                "resource types": [
                    "map*"
                ],
                "conditionKeys": "",
                "dependentActions": [
                    ""
                ]
            },
            {
                "name": "UpdatePlaceIndex",
                "description": "Grants permission to update a place index resource",
                "access level": "Write",
                "resource types": [
                    "place-index*"
                ],
                "conditionKeys": "",
                "dependentActions": [
                    ""
                ]
            },
            {
                "name": "UpdateRouteCalculator",
                "description": "Grants permission to update a route calculator resource",
                "access level": "Write",
                "resource types": [
                    "route-calculator*"
                ],
                "conditionKeys": "",
                "dependentActions": [
                    ""
                ]
            },
            {
                "name": "UpdateTracker",
                "description": "Grants permission to update a tracker resource",
                "access level": "Write",
                "resource types": [
                    "tracker*"
                ],
                "conditionKeys": "",
                "dependentActions": [
                    ""
                ]
            }
        ]
    },
    {
        "resources": [
            {
                "resource_type": "api-key",
                "ARN": "arn:${Partition}:geo:${Region}:${Account}:api-key/${KeyName}",
                "conditionKeys": "aws:ResourceTag/${TagKey}"
            },
            {
                "resource_type": "geofence-collection",
                "ARN": "arn:${Partition}:geo:${Region}:${Account}:geofence-collection/${GeofenceCollectionName}",
                "conditionKeys": "aws:ResourceTag/${TagKey}\n\n\ngeo:GeofenceIds"
            },
            {
                "resource_type": "map",
                "ARN": "arn:${Partition}:geo:${Region}:${Account}:map/${MapName}",
                "conditionKeys": "aws:ResourceTag/${TagKey}"
            },
            {
                "resource_type": "place-index",
                "ARN": "arn:${Partition}:geo:${Region}:${Account}:place-index/${IndexName}",
                "conditionKeys": "aws:ResourceTag/${TagKey}"
            },
            {
                "resource_type": "route-calculator",
                "ARN": "arn:${Partition}:geo:${Region}:${Account}:route-calculator/${CalculatorName}",
                "conditionKeys": "aws:ResourceTag/${TagKey}"
            },
            {
                "resource_type": "tracker",
                "ARN": "arn:${Partition}:geo:${Region}:${Account}:tracker/${TrackerName}",
                "conditionKeys": "aws:ResourceTag/${TagKey}\n\n\ngeo:DeviceIds"
            }
        ]
    },
    {
        "conditions": [
            {
                "Condition keys": "aws:RequestTag/${TagKey}",
                "Description": "Filters access by a tag's key and value in a request",
                "Type": "String"
            },
            {
                "Condition keys": "aws:ResourceTag/${TagKey}",
                "Description": "Filters access by the presence of tag key-value pairs in the request",
                "Type": "String"
            },
            {
                "Condition keys": "aws:TagKeys",
                "Description": "Filters access by the tag keys in a request",
                "Type": "ArrayOfString"
            },
            {
                "Condition keys": "geo:DeviceIds",
                "Description": "Filters access by the presence of device ids in the request",
                "Type": "ArrayOfString"
            },
            {
                "Condition keys": "geo:GeofenceIds",
                "Description": "Filters access by the presence of geofence ids in the request",
                "Type": "ArrayOfString"
            }
        ]
    }
]