[
    {
        "prefix_item": "glacier"
    },
    {
        "link": "https://docs.aws.amazon.com/service-authorization/latest/reference/./list_amazons3glacier.html"
    },
    {
        "actions": [
            {
                "name": "AbortMultipartUpload",
                "description": "Grants permission to abort a multipart upload identified by the upload ID",
                "access level": "Write",
                "resource types": [
                    "vault*"
                ],
                "conditionKeys": "",
                "dependentActions": [
                    ""
                ]
            },
            {
                "name": "AbortVaultLock",
                "description": "Grants permission to abort the vault locking process if the vault lock is not in the Locked state",
                "access level": "Permissions management",
                "resource types": [
                    "vault*"
                ],
                "conditionKeys": "",
                "dependentActions": [
                    ""
                ]
            },
            {
                "name": "AddTagsToVault",
                "description": "Grants permission to add the specified tags to a vault",
                "access level": "Tagging",
                "resource types": [
                    "vault*"
                ],
                "conditionKeys": "",
                "dependentActions": [
                    ""
                ]
            },
            {
                "name": "CompleteMultipartUpload",
                "description": "Grants permission to complete a multipart upload process",
                "access level": "Write",
                "resource types": [
                    "vault*"
                ],
                "conditionKeys": "",
                "dependentActions": [
                    ""
                ]
            },
            {
                "name": "CompleteVaultLock",
                "description": "Grants permission to complete the vault locking process",
                "access level": "Permissions management",
                "resource types": [
                    "vault*"
                ],
                "conditionKeys": "",
                "dependentActions": [
                    ""
                ]
            },
            {
                "name": "CreateVault",
                "description": "Grants permission to create a new vault with the specified name",
                "access level": "Write",
                "resource types": [
                    "vault*"
                ],
                "conditionKeys": "",
                "dependentActions": [
                    ""
                ]
            },
            {
                "name": "DeleteArchive",
                "description": "Grants permission to delete an archive from a vault",
                "access level": "Write",
                "resource types": [
                    "vault*"
                ],
                "conditionKeys": "",
                "dependentActions": [
                    ""
                ]
            },
            {
                "name": "DeleteVault",
                "description": "Grants permission to delete a vault",
                "access level": "Write",
                "resource types": [
                    "vault*"
                ],
                "conditionKeys": "",
                "dependentActions": [
                    ""
                ]
            },
            {
                "name": "DeleteVaultAccessPolicy",
                "description": "Grants permission to delete the access policy associated with the specified vault",
                "access level": "Permissions management",
                "resource types": [
                    "vault*"
                ],
                "conditionKeys": "",
                "dependentActions": [
                    ""
                ]
            },
            {
                "name": "DeleteVaultNotifications",
                "description": "Grants permission to delete the notification configuration set for a vault",
                "access level": "Write",
                "resource types": [
                    "vault*"
                ],
                "conditionKeys": "",
                "dependentActions": [
                    ""
                ]
            },
            {
                "name": "DescribeJob",
                "description": "Grants permission to get information about a job previously initiated",
                "access level": "Read",
                "resource types": [
                    "vault*"
                ],
                "conditionKeys": "",
                "dependentActions": [
                    ""
                ]
            },
            {
                "name": "DescribeVault",
                "description": "Grants permission to get information about a vault",
                "access level": "Read",
                "resource types": [
                    "vault*"
                ],
                "conditionKeys": "",
                "dependentActions": [
                    ""
                ]
            },
            {
                "name": "GetDataRetrievalPolicy",
                "description": "Grants permission to get the data retrieval policy",
                "access level": "Read",
                "resource types": [
                    ""
                ],
                "conditionKeys": "",
                "dependentActions": [
                    ""
                ]
            },
            {
                "name": "GetJobOutput",
                "description": "Grants permission to download the output of the job specified",
                "access level": "Read",
                "resource types": [
                    "vault*"
                ],
                "conditionKeys": "",
                "dependentActions": [
                    ""
                ]
            },
            {
                "name": "GetVaultAccessPolicy",
                "description": "Grants permission to retrieve the access-policy subresource set on the vault",
                "access level": "Read",
                "resource types": [
                    "vault*"
                ],
                "conditionKeys": "",
                "dependentActions": [
                    ""
                ]
            },
            {
                "name": "GetVaultLock",
                "description": "Grants permission to retrieve attributes from the lock-policy subresource set on the specified vault",
                "access level": "Read",
                "resource types": [
                    "vault*"
                ],
                "conditionKeys": "",
                "dependentActions": [
                    ""
                ]
            },
            {
                "name": "GetVaultNotifications",
                "description": "Grants permission to retrieve the notification-configuration subresource set on the vault",
                "access level": "Read",
                "resource types": [
                    "vault*"
                ],
                "conditionKeys": "",
                "dependentActions": [
                    ""
                ]
            },
            {
                "name": "InitiateJob",
                "description": "Grants permission to initiate a job of the specified type",
                "access level": "Write",
                "resource types": [
                    "vault*"
                ],
                "conditionKeys": "",
                "dependentActions": [
                    ""
                ]
            },
            {
                "name": "InitiateMultipartUpload",
                "description": "Grants permission to initiate a multipart upload",
                "access level": "Write",
                "resource types": [
                    "vault*"
                ],
                "conditionKeys": "",
                "dependentActions": [
                    ""
                ]
            },
            {
                "name": "InitiateVaultLock",
                "description": "Grants permission to initiate the vault locking process",
                "access level": "Permissions management",
                "resource types": [
                    "vault*"
                ],
                "conditionKeys": "",
                "dependentActions": [
                    ""
                ]
            },
            {
                "name": "ListJobs",
                "description": "Grants permission to list jobs for a vault that are in-progress and jobs that have recently finished",
                "access level": "List",
                "resource types": [
                    "vault*"
                ],
                "conditionKeys": "",
                "dependentActions": [
                    ""
                ]
            },
            {
                "name": "ListMultipartUploads",
                "description": "Grants permission to list in-progress multipart uploads for the specified vault",
                "access level": "List",
                "resource types": [
                    "vault*"
                ],
                "conditionKeys": "",
                "dependentActions": [
                    ""
                ]
            },
            {
                "name": "ListParts",
                "description": "Grants permission to list the parts of an archive that have been uploaded in a specific multipart upload",
                "access level": "List",
                "resource types": [
                    "vault*"
                ],
                "conditionKeys": "",
                "dependentActions": [
                    ""
                ]
            },
            {
                "name": "ListProvisionedCapacity",
                "description": "Grants permission to list the provisioned capacity for the specified AWS account",
                "access level": "List",
                "resource types": [
                    ""
                ],
                "conditionKeys": "",
                "dependentActions": [
                    ""
                ]
            },
            {
                "name": "ListTagsForVault",
                "description": "Grants permission to list all the tags attached to a vault",
                "access level": "List",
                "resource types": [
                    "vault*"
                ],
                "conditionKeys": "",
                "dependentActions": [
                    ""
                ]
            },
            {
                "name": "ListVaults",
                "description": "Grants permission to list all vaults",
                "access level": "List",
                "resource types": [
                    ""
                ],
                "conditionKeys": "",
                "dependentActions": [
                    ""
                ]
            },
            {
                "name": "PurchaseProvisionedCapacity",
                "description": "Grants permission to purchases a provisioned capacity unit for an AWS account",
                "access level": "Write",
                "resource types": [
                    ""
                ],
                "conditionKeys": "",
                "dependentActions": [
                    ""
                ]
            },
            {
                "name": "RemoveTagsFromVault",
                "description": "Grants permission to remove one or more tags from the set of tags attached to a vault",
                "access level": "Tagging",
                "resource types": [
                    "vault*"
                ],
                "conditionKeys": "",
                "dependentActions": [
                    ""
                ]
            },
            {
                "name": "SetDataRetrievalPolicy",
                "description": "Grants permission to set and then enacts a data retrieval policy in the region specified in the PUT request",
                "access level": "Permissions management",
                "resource types": [
                    ""
                ],
                "conditionKeys": "",
                "dependentActions": [
                    ""
                ]
            },
            {
                "name": "SetVaultAccessPolicy",
                "description": "Grants permission to configure an access policy for a vault; will overwrite an existing policy",
                "access level": "Permissions management",
                "resource types": [
                    "vault*"
                ],
                "conditionKeys": "",
                "dependentActions": [
                    ""
                ]
            },
            {
                "name": "SetVaultNotifications",
                "description": "Grants permission to configure vault notifications",
                "access level": "Write",
                "resource types": [
                    "vault*"
                ],
                "conditionKeys": "",
                "dependentActions": [
                    ""
                ]
            },
            {
                "name": "UploadArchive",
                "description": "Grants permission to upload an archive to a vault",
                "access level": "Write",
                "resource types": [
                    "vault*"
                ],
                "conditionKeys": "",
                "dependentActions": [
                    ""
                ]
            },
            {
                "name": "UploadMultipartPart",
                "description": "Grants permission to upload a part of an archive",
                "access level": "Write",
                "resource types": [
                    "vault*"
                ],
                "conditionKeys": "",
                "dependentActions": [
                    ""
                ]
            }
        ]
    },
    {
        "resources": [
            {
                "resource_type": "vault",
                "ARN": "arn:${Partition}:glacier:${Region}:${Account}:vaults/${VaultName}",
                "conditionKeys": ""
            }
        ]
    },
    {
        "conditions": [
            {
                "Condition keys": "aws:RequestTag/${TagKey}",
                "Description": "Filters access by the tags that are passed in the request",
                "Type": "String"
            },
            {
                "Condition keys": "aws:TagKeys",
                "Description": "Filters access by the tag keys that are passed in the request",
                "Type": "ArrayOfString"
            },
            {
                "Condition keys": "glacier:ArchiveAgeInDays",
                "Description": "Filters access by how long an archive has been stored in the vault, in days",
                "Type": "String"
            },
            {
                "Condition keys": "glacier:ResourceTag/",
                "Description": "Filters access by a customer-defined tag",
                "Type": "String"
            }
        ]
    }
]