[
    {
        "prefix_item": "glue"
    },
    {
        "link": "https://docs.aws.amazon.com/service-authorization/latest/reference/./list_awsglue.html"
    },
    {
        "actions": [
            {
                "name": "BatchCreatePartition",
                "description": "Grants permission to create one or more partitions",
                "access level": "Write",
                "resource types": [
                    "catalog*"
                ],
                "conditionKeys": "",
                "dependentActions": [
                    ""
                ]
            },
            {
                "name": "BatchDeleteConnection",
                "description": "Grants permission to delete one or more connections",
                "access level": "Write",
                "resource types": [
                    "catalog*"
                ],
                "conditionKeys": "",
                "dependentActions": [
                    ""
                ]
            },
            {
                "name": "BatchDeletePartition",
                "description": "Grants permission to delete one or more partitions",
                "access level": "Write",
                "resource types": [
                    "catalog*"
                ],
                "conditionKeys": "",
                "dependentActions": [
                    ""
                ]
            },
            {
                "name": "BatchDeleteTable",
                "description": "Grants permission to delete one or more tables",
                "access level": "Write",
                "resource types": [
                    "catalog*"
                ],
                "conditionKeys": "",
                "dependentActions": [
                    ""
                ]
            },
            {
                "name": "BatchDeleteTableVersion",
                "description": "Grants permission to delete one or more versions of a table",
                "access level": "Write",
                "resource types": [
                    "catalog*"
                ],
                "conditionKeys": "",
                "dependentActions": [
                    ""
                ]
            },
            {
                "name": "BatchGetBlueprints",
                "description": "Grants permission to retrieve one or more blueprints",
                "access level": "Read",
                "resource types": [
                    "blueprint*"
                ],
                "conditionKeys": "",
                "dependentActions": [
                    ""
                ]
            },
            {
                "name": "BatchGetCrawlers",
                "description": "Grants permission to retrieve one or more crawlers",
                "access level": "Read",
                "resource types": [
                    "crawler*"
                ],
                "conditionKeys": "",
                "dependentActions": [
                    ""
                ]
            },
            {
                "name": "BatchGetCustomEntityTypes",
                "description": "Grants permission to retrieve one or more Custom Entity Types",
                "access level": "Read",
                "resource types": [
                    "customEntityType*"
                ],
                "conditionKeys": "",
                "dependentActions": [
                    ""
                ]
            },
            {
                "name": "BatchGetDevEndpoints",
                "description": "Grants permission to retrieve one or more development endpoints",
                "access level": "Read",
                "resource types": [
                    "devendpoint*"
                ],
                "conditionKeys": "",
                "dependentActions": [
                    ""
                ]
            },
            {
                "name": "BatchGetJobs",
                "description": "Grants permission to retrieve one or more jobs",
                "access level": "Read",
                "resource types": [
                    "job*"
                ],
                "conditionKeys": "",
                "dependentActions": [
                    ""
                ]
            },
            {
                "name": "BatchGetPartition",
                "description": "Grants permission to retrieve one or more partitions",
                "access level": "Read",
                "resource types": [
                    "catalog*"
                ],
                "conditionKeys": "",
                "dependentActions": [
                    ""
                ]
            },
            {
                "name": "BatchGetTriggers",
                "description": "Grants permission to retrieve one or more triggers",
                "access level": "Read",
                "resource types": [
                    "trigger*"
                ],
                "conditionKeys": "",
                "dependentActions": [
                    ""
                ]
            },
            {
                "name": "BatchGetWorkflows",
                "description": "Grants permission to retrieve one or more workflows",
                "access level": "Read",
                "resource types": [
                    "workflow*"
                ],
                "conditionKeys": "",
                "dependentActions": [
                    ""
                ]
            },
            {
                "name": "BatchStopJobRun",
                "description": "Grants permission to stop one or more job runs for a job",
                "access level": "Write",
                "resource types": [
                    "job*"
                ],
                "conditionKeys": "",
                "dependentActions": [
                    ""
                ]
            },
            {
                "name": "BatchUpdatePartition",
                "description": "Grants permission to update one or more partitions",
                "access level": "Write",
                "resource types": [
                    "catalog*"
                ],
                "conditionKeys": "",
                "dependentActions": [
                    ""
                ]
            },
            {
                "name": "CancelDataQualityRuleRecommendationRun",
                "description": "Grants permission to stop a running Data Quality rule recommendation run",
                "access level": "Write",
                "resource types": [
                    "dataQualityRuleset*"
                ],
                "conditionKeys": "",
                "dependentActions": [
                    ""
                ]
            },
            {
                "name": "CancelDataQualityRulesetEvaluationRun",
                "description": "Grants permission to stop a running Data Quality ruleset evaluation run",
                "access level": "Write",
                "resource types": [
                    "dataQualityRuleset*"
                ],
                "conditionKeys": "",
                "dependentActions": [
                    ""
                ]
            },
            {
                "name": "CancelMLTaskRun",
                "description": "Grants permission to stop a running ML Task Run",
                "access level": "Write",
                "resource types": [
                    "mlTransform*"
                ],
                "conditionKeys": "",
                "dependentActions": [
                    ""
                ]
            },
            {
                "name": "CancelStatement",
                "description": "Grants permission to cancel a statement in an interactive session",
                "access level": "Write",
                "resource types": [
                    "session*"
                ],
                "conditionKeys": "",
                "dependentActions": [
                    ""
                ]
            },
            {
                "name": "CheckSchemaVersionValidity",
                "description": "Grants permission to retrieve a check the validity of schema version",
                "access level": "Read",
                "resource types": [
                    ""
                ],
                "conditionKeys": "",
                "dependentActions": [
                    ""
                ]
            },
            {
                "name": "CreateBlueprint",
                "description": "Grants permission to create a blueprint",
                "access level": "Write",
                "resource types": [
                    "blueprint*"
                ],
                "conditionKeys": "",
                "dependentActions": [
                    ""
                ]
            },
            {
                "name": "CreateClassifier",
                "description": "Grants permission to create a classifier",
                "access level": "Write",
                "resource types": [
                    ""
                ],
                "conditionKeys": "",
                "dependentActions": [
                    ""
                ]
            },
            {
                "name": "CreateConnection",
                "description": "Grants permission to create a connection",
                "access level": "Write",
                "resource types": [
                    "catalog*"
                ],
                "conditionKeys": "",
                "dependentActions": [
                    ""
                ]
            },
            {
                "name": "CreateCrawler",
                "description": "Grants permission to create a crawler",
                "access level": "Write",
                "resource types": [
                    ""
                ],
                "conditionKeys": "aws:RequestTag/${TagKey}\n\n\naws:TagKeys",
                "dependentActions": [
                    ""
                ]
            },
            {
                "name": "CreateCustomEntityType",
                "description": "Grants permission to create a Custom Entity Type",
                "access level": "Write",
                "resource types": [
                    ""
                ],
                "conditionKeys": "aws:RequestTag/${TagKey}\n\n\naws:TagKeys",
                "dependentActions": [
                    ""
                ]
            },
            {
                "name": "CreateDataQualityRuleset",
                "description": "Grants permission to create a Data Quality ruleset",
                "access level": "Write",
                "resource types": [
                    ""
                ],
                "conditionKeys": "aws:RequestTag/${TagKey}\n\n\naws:TagKeys",
                "dependentActions": [
                    ""
                ]
            },
            {
                "name": "CreateDatabase",
                "description": "Grants permission to create a database",
                "access level": "Write",
                "resource types": [
                    "catalog*"
                ],
                "conditionKeys": "",
                "dependentActions": [
                    ""
                ]
            },
            {
                "name": "CreateDevEndpoint",
                "description": "Grants permission to create a development endpoint",
                "access level": "Write",
                "resource types": [
                    ""
                ],
                "conditionKeys": "aws:RequestTag/${TagKey}\n\n\naws:TagKeys",
                "dependentActions": [
                    ""
                ]
            },
            {
                "name": "CreateJob",
                "description": "Grants permission to create a job",
                "access level": "Write",
                "resource types": [
                    "job*"
                ],
                "conditionKeys": "",
                "dependentActions": [
                    ""
                ]
            },
            {
                "name": "CreateMLTransform",
                "description": "Grants permission to create an ML Transform",
                "access level": "Write",
                "resource types": [
                    ""
                ],
                "conditionKeys": "aws:RequestTag/${TagKey}\n\n\naws:TagKeys",
                "dependentActions": [
                    ""
                ]
            },
            {
                "name": "CreatePartition",
                "description": "Grants permission to create a partition",
                "access level": "Write",
                "resource types": [
                    "catalog*"
                ],
                "conditionKeys": "",
                "dependentActions": [
                    ""
                ]
            },
            {
                "name": "CreatePartitionIndex",
                "description": "Grants permission to create a specified partition index in an existing table",
                "access level": "Write",
                "resource types": [
                    "catalog*"
                ],
                "conditionKeys": "",
                "dependentActions": [
                    ""
                ]
            },
            {
                "name": "CreateRegistry",
                "description": "Grants permission to create a new schema registry",
                "access level": "Write",
                "resource types": [
                    "registry*"
                ],
                "conditionKeys": "",
                "dependentActions": [
                    ""
                ]
            },
            {
                "name": "CreateSchema",
                "description": "Grants permission to create a new schema container",
                "access level": "Write",
                "resource types": [
                    "registry*"
                ],
                "conditionKeys": "",
                "dependentActions": [
                    ""
                ]
            },
            {
                "name": "CreateScript",
                "description": "Grants permission to create a script",
                "access level": "Write",
                "resource types": [
                    ""
                ],
                "conditionKeys": "",
                "dependentActions": [
                    ""
                ]
            },
            {
                "name": "CreateSecurityConfiguration",
                "description": "Grants permission to create a security configuration",
                "access level": "Write",
                "resource types": [
                    ""
                ],
                "conditionKeys": "",
                "dependentActions": [
                    ""
                ]
            },
            {
                "name": "CreateSession",
                "description": "Grants permission to create an interactive session",
                "access level": "Write",
                "resource types": [
                    ""
                ],
                "conditionKeys": "aws:RequestTag/${TagKey}\n\n\naws:TagKeys",
                "dependentActions": [
                    ""
                ]
            },
            {
                "name": "CreateTable",
                "description": "Grants permission to create a table",
                "access level": "Write",
                "resource types": [
                    "catalog*"
                ],
                "conditionKeys": "",
                "dependentActions": [
                    ""
                ]
            },
            {
                "name": "CreateTrigger",
                "description": "Grants permission to create a trigger",
                "access level": "Write",
                "resource types": [
                    "trigger*"
                ],
                "conditionKeys": "",
                "dependentActions": [
                    ""
                ]
            },
            {
                "name": "CreateUserDefinedFunction",
                "description": "Grants permission to create a function definition",
                "access level": "Write",
                "resource types": [
                    "catalog*"
                ],
                "conditionKeys": "",
                "dependentActions": [
                    ""
                ]
            },
            {
                "name": "CreateWorkflow",
                "description": "Grants permission to create a workflow",
                "access level": "Write",
                "resource types": [
                    "workflow*"
                ],
                "conditionKeys": "",
                "dependentActions": [
                    ""
                ]
            },
            {
                "name": "DeleteBlueprint",
                "description": "Grants permission to delete a blueprint",
                "access level": "Write",
                "resource types": [
                    "blueprint*"
                ],
                "conditionKeys": "",
                "dependentActions": [
                    ""
                ]
            },
            {
                "name": "DeleteClassifier",
                "description": "Grants permission to delete a classifier",
                "access level": "Write",
                "resource types": [
                    ""
                ],
                "conditionKeys": "",
                "dependentActions": [
                    ""
                ]
            },
            {
                "name": "DeleteColumnStatisticsForPartition",
                "description": "Grants permission to delete the partition column statistics of a column",
                "access level": "Write",
                "resource types": [
                    "catalog*"
                ],
                "conditionKeys": "",
                "dependentActions": [
                    ""
                ]
            },
            {
                "name": "DeleteColumnStatisticsForTable",
                "description": "Grants permission to delete the table statistics of columns",
                "access level": "Write",
                "resource types": [
                    "catalog*"
                ],
                "conditionKeys": "",
                "dependentActions": [
                    ""
                ]
            },
            {
                "name": "DeleteConnection",
                "description": "Grants permission to delete a connection",
                "access level": "Write",
                "resource types": [
                    "catalog*"
                ],
                "conditionKeys": "",
                "dependentActions": [
                    ""
                ]
            },
            {
                "name": "DeleteCrawler",
                "description": "Grants permission to delete a crawler",
                "access level": "Write",
                "resource types": [
                    "crawler*"
                ],
                "conditionKeys": "",
                "dependentActions": [
                    ""
                ]
            },
            {
                "name": "DeleteCustomEntityType",
                "description": "Grants permission to delete a Custom Entity Type",
                "access level": "Write",
                "resource types": [
                    "customEntityType*"
                ],
                "conditionKeys": "",
                "dependentActions": [
                    ""
                ]
            },
            {
                "name": "DeleteDataQualityRuleset",
                "description": "Grants permission to delete a Data Quality ruleset",
                "access level": "Write",
                "resource types": [
                    "dataQualityRuleset*"
                ],
                "conditionKeys": "",
                "dependentActions": [
                    ""
                ]
            },
            {
                "name": "DeleteDatabase",
                "description": "Grants permission to delete a database",
                "access level": "Write",
                "resource types": [
                    "catalog*"
                ],
                "conditionKeys": "",
                "dependentActions": [
                    ""
                ]
            },
            {
                "name": "DeleteDevEndpoint",
                "description": "Grants permission to delete a development endpoint",
                "access level": "Write",
                "resource types": [
                    "devendpoint*"
                ],
                "conditionKeys": "",
                "dependentActions": [
                    ""
                ]
            },
            {
                "name": "DeleteJob",
                "description": "Grants permission to delete a job",
                "access level": "Write",
                "resource types": [
                    "job*"
                ],
                "conditionKeys": "",
                "dependentActions": [
                    ""
                ]
            },
            {
                "name": "DeleteMLTransform",
                "description": "Grants permission to delete an ML Transform",
                "access level": "Write",
                "resource types": [
                    "mlTransform*"
                ],
                "conditionKeys": "",
                "dependentActions": [
                    ""
                ]
            },
            {
                "name": "DeletePartition",
                "description": "Grants permission to delete a partition",
                "access level": "Write",
                "resource types": [
                    "catalog*"
                ],
                "conditionKeys": "",
                "dependentActions": [
                    ""
                ]
            },
            {
                "name": "DeletePartitionIndex",
                "description": "Grants permission to delete a specified partition index from an existing table",
                "access level": "Write",
                "resource types": [
                    "catalog*"
                ],
                "conditionKeys": "",
                "dependentActions": [
                    ""
                ]
            },
            {
                "name": "DeleteRegistry",
                "description": "Grants permission to delete a schema registry",
                "access level": "Write",
                "resource types": [
                    "registry*"
                ],
                "conditionKeys": "",
                "dependentActions": [
                    ""
                ]
            },
            {
                "name": "DeleteResourcePolicy",
                "description": "Grants permission to delete a resource policy",
                "access level": "Permissions management",
                "resource types": [
                    "catalog*"
                ],
                "conditionKeys": "",
                "dependentActions": [
                    ""
                ]
            },
            {
                "name": "DeleteSchema",
                "description": "Grants permission to delete a schema container",
                "access level": "Write",
                "resource types": [
                    "registry*"
                ],
                "conditionKeys": "",
                "dependentActions": [
                    ""
                ]
            },
            {
                "name": "DeleteSchemaVersions",
                "description": "Grants permission to delete a range of schema versions",
                "access level": "Write",
                "resource types": [
                    "registry*"
                ],
                "conditionKeys": "",
                "dependentActions": [
                    ""
                ]
            },
            {
                "name": "DeleteSecurityConfiguration",
                "description": "Grants permission to delete a security configuration",
                "access level": "Write",
                "resource types": [
                    ""
                ],
                "conditionKeys": "",
                "dependentActions": [
                    ""
                ]
            },
            {
                "name": "DeleteSession",
                "description": "Grants permission to delete an interactive session after stopping the session if not already stopped",
                "access level": "Write",
                "resource types": [
                    "session*"
                ],
                "conditionKeys": "",
                "dependentActions": [
                    ""
                ]
            },
            {
                "name": "DeleteTable",
                "description": "Grants permission to delete a table",
                "access level": "Write",
                "resource types": [
                    "catalog*"
                ],
                "conditionKeys": "",
                "dependentActions": [
                    ""
                ]
            },
            {
                "name": "DeleteTableVersion",
                "description": "Grants permission to delete a version of a table",
                "access level": "Write",
                "resource types": [
                    "catalog*"
                ],
                "conditionKeys": "",
                "dependentActions": [
                    ""
                ]
            },
            {
                "name": "DeleteTrigger",
                "description": "Grants permission to delete a trigger",
                "access level": "Write",
                "resource types": [
                    "trigger*"
                ],
                "conditionKeys": "",
                "dependentActions": [
                    ""
                ]
            },
            {
                "name": "DeleteUserDefinedFunction",
                "description": "Grants permission to delete a function definition",
                "access level": "Write",
                "resource types": [
                    "catalog*"
                ],
                "conditionKeys": "",
                "dependentActions": [
                    ""
                ]
            },
            {
                "name": "DeleteWorkflow",
                "description": "Grants permission to delete a workflow",
                "access level": "Write",
                "resource types": [
                    "workflow*"
                ],
                "conditionKeys": "",
                "dependentActions": [
                    ""
                ]
            },
            {
                "name": "DeregisterDataPreview",
                "description": "Grants permission to terminate Glue Studio Notebook session",
                "access level": "Permissions management",
                "resource types": [
                    ""
                ],
                "conditionKeys": "",
                "dependentActions": [
                    ""
                ]
            },
            {
                "name": "GetBlueprint",
                "description": "Grants permission to retrieve a blueprint",
                "access level": "Read",
                "resource types": [
                    "blueprint*"
                ],
                "conditionKeys": "",
                "dependentActions": [
                    ""
                ]
            },
            {
                "name": "GetBlueprintRun",
                "description": "Grants permission to retrieve a blueprint run",
                "access level": "Read",
                "resource types": [
                    "blueprint*"
                ],
                "conditionKeys": "",
                "dependentActions": [
                    ""
                ]
            },
            {
                "name": "GetBlueprintRuns",
                "description": "Grants permission to retrieve all runs of a blueprint",
                "access level": "Read",
                "resource types": [
                    "blueprint*"
                ],
                "conditionKeys": "",
                "dependentActions": [
                    ""
                ]
            },
            {
                "name": "GetCatalogImportStatus",
                "description": "Grants permission to retrieve the catalog import status",
                "access level": "Read",
                "resource types": [
                    "catalog*"
                ],
                "conditionKeys": "",
                "dependentActions": [
                    ""
                ]
            },
            {
                "name": "GetClassifier",
                "description": "Grants permission to retrieve a classifier",
                "access level": "Read",
                "resource types": [
                    ""
                ],
                "conditionKeys": "",
                "dependentActions": [
                    ""
                ]
            },
            {
                "name": "GetClassifiers",
                "description": "Grants permission to list all classifiers",
                "access level": "Read",
                "resource types": [
                    ""
                ],
                "conditionKeys": "",
                "dependentActions": [
                    ""
                ]
            },
            {
                "name": "GetColumnStatisticsForPartition",
                "description": "Grants permission to retrieve partition statistics of columns",
                "access level": "Read",
                "resource types": [
                    "catalog*"
                ],
                "conditionKeys": "",
                "dependentActions": [
                    ""
                ]
            },
            {
                "name": "GetColumnStatisticsForTable",
                "description": "Grants permission to retrieve table statistics of columns",
                "access level": "Read",
                "resource types": [
                    "catalog*"
                ],
                "conditionKeys": "",
                "dependentActions": [
                    ""
                ]
            },
            {
                "name": "GetConnection",
                "description": "Grants permission to retrieve a connection",
                "access level": "Read",
                "resource types": [
                    "catalog*"
                ],
                "conditionKeys": "",
                "dependentActions": [
                    ""
                ]
            },
            {
                "name": "GetConnections",
                "description": "Grants permission to retrieve a list of connections",
                "access level": "Read",
                "resource types": [
                    "catalog*"
                ],
                "conditionKeys": "",
                "dependentActions": [
                    ""
                ]
            },
            {
                "name": "GetCrawler",
                "description": "Grants permission to retrieve a crawler",
                "access level": "Read",
                "resource types": [
                    "crawler*"
                ],
                "conditionKeys": "",
                "dependentActions": [
                    ""
                ]
            },
            {
                "name": "GetCrawlerMetrics",
                "description": "Grants permission to retrieve metrics about crawlers",
                "access level": "Read",
                "resource types": [
                    ""
                ],
                "conditionKeys": "",
                "dependentActions": [
                    ""
                ]
            },
            {
                "name": "GetCrawlers",
                "description": "Grants permission to retrieve all crawlers",
                "access level": "Read",
                "resource types": [
                    ""
                ],
                "conditionKeys": "",
                "dependentActions": [
                    ""
                ]
            },
            {
                "name": "GetCustomEntityType",
                "description": "Grants permission to read a Custom Entity Type",
                "access level": "Read",
                "resource types": [
                    "customEntityType*"
                ],
                "conditionKeys": "",
                "dependentActions": [
                    ""
                ]
            },
            {
                "name": "GetDataCatalogEncryptionSettings",
                "description": "Grants permission to retrieve catalog encryption settings",
                "access level": "Read",
                "resource types": [
                    "catalog*"
                ],
                "conditionKeys": "",
                "dependentActions": [
                    ""
                ]
            },
            {
                "name": "GetDataPreviewStatement",
                "description": "Grants permission to get Data Preview Statement",
                "access level": "Permissions management",
                "resource types": [
                    ""
                ],
                "conditionKeys": "",
                "dependentActions": [
                    ""
                ]
            },
            {
                "name": "GetDataQualityResult",
                "description": "Grants permission to retrieve a Data Quality result",
                "access level": "Read",
                "resource types": [
                    "dataQualityRuleset*"
                ],
                "conditionKeys": "",
                "dependentActions": [
                    ""
                ]
            },
            {
                "name": "GetDataQualityRuleRecommendationRun",
                "description": "Grants permission to retrieve a Data Quality rule recommendation run",
                "access level": "Read",
                "resource types": [
                    "dataQualityRuleset*"
                ],
                "conditionKeys": "",
                "dependentActions": [
                    ""
                ]
            },
            {
                "name": "GetDataQualityRuleset",
                "description": "Grants permission to retrieve a Data Quality ruleset",
                "access level": "Read",
                "resource types": [
                    "dataQualityRuleset*"
                ],
                "conditionKeys": "",
                "dependentActions": [
                    ""
                ]
            },
            {
                "name": "GetDataQualityRulesetEvaluationRun",
                "description": "Grants permission to retrieve a Data Quality rule recommendation run",
                "access level": "Read",
                "resource types": [
                    "dataQualityRuleset*"
                ],
                "conditionKeys": "",
                "dependentActions": [
                    ""
                ]
            },
            {
                "name": "GetDatabase",
                "description": "Grants permission to retrieve a database",
                "access level": "Read",
                "resource types": [
                    "catalog*"
                ],
                "conditionKeys": "",
                "dependentActions": [
                    ""
                ]
            },
            {
                "name": "GetDatabases",
                "description": "Grants permission to retrieve all databases",
                "access level": "Read",
                "resource types": [
                    "catalog*"
                ],
                "conditionKeys": "",
                "dependentActions": [
                    ""
                ]
            },
            {
                "name": "GetDataflowGraph",
                "description": "Grants permission to transform a script into a directed acyclic graph (DAG)",
                "access level": "Read",
                "resource types": [
                    ""
                ],
                "conditionKeys": "",
                "dependentActions": [
                    ""
                ]
            },
            {
                "name": "GetDevEndpoint",
                "description": "Grants permission to retrieve a development endpoint",
                "access level": "Read",
                "resource types": [
                    "devendpoint*"
                ],
                "conditionKeys": "",
                "dependentActions": [
                    ""
                ]
            },
            {
                "name": "GetDevEndpoints",
                "description": "Grants permission to retrieve all development endpoints",
                "access level": "Read",
                "resource types": [
                    ""
                ],
                "conditionKeys": "",
                "dependentActions": [
                    ""
                ]
            },
            {
                "name": "GetJob",
                "description": "Grants permission to retrieve a job",
                "access level": "Read",
                "resource types": [
                    "job*"
                ],
                "conditionKeys": "",
                "dependentActions": [
                    ""
                ]
            },
            {
                "name": "GetJobBookmark",
                "description": "Grants permission to retrieve a job bookmark",
                "access level": "Read",
                "resource types": [
                    ""
                ],
                "conditionKeys": "",
                "dependentActions": [
                    ""
                ]
            },
            {
                "name": "GetJobRun",
                "description": "Grants permission to retrieve a job run",
                "access level": "Read",
                "resource types": [
                    "job*"
                ],
                "conditionKeys": "",
                "dependentActions": [
                    ""
                ]
            },
            {
                "name": "GetJobRuns",
                "description": "Grants permission to retrieve all job runs of a job",
                "access level": "Read",
                "resource types": [
                    "job*"
                ],
                "conditionKeys": "",
                "dependentActions": [
                    ""
                ]
            },
            {
                "name": "GetJobs",
                "description": "Grants permission to retrieve all current jobs",
                "access level": "Read",
                "resource types": [
                    ""
                ],
                "conditionKeys": "",
                "dependentActions": [
                    ""
                ]
            },
            {
                "name": "GetMLTaskRun",
                "description": "Grants permission to retrieve an ML Task Run",
                "access level": "Read",
                "resource types": [
                    "mlTransform*"
                ],
                "conditionKeys": "",
                "dependentActions": [
                    ""
                ]
            },
            {
                "name": "GetMLTaskRuns",
                "description": "Grants permission to retrieve all ML Task Runs",
                "access level": "List",
                "resource types": [
                    "mlTransform*"
                ],
                "conditionKeys": "",
                "dependentActions": [
                    ""
                ]
            },
            {
                "name": "GetMLTransform",
                "description": "Grants permission to retrieve an ML Transform",
                "access level": "Read",
                "resource types": [
                    "mlTransform*"
                ],
                "conditionKeys": "",
                "dependentActions": [
                    ""
                ]
            },
            {
                "name": "GetMLTransforms",
                "description": "Grants permission to retrieve all ML Transforms",
                "access level": "List",
                "resource types": [
                    "mlTransform*"
                ],
                "conditionKeys": "",
                "dependentActions": [
                    ""
                ]
            },
            {
                "name": "GetMapping",
                "description": "Grants permission to create a mapping",
                "access level": "Read",
                "resource types": [
                    ""
                ],
                "conditionKeys": "",
                "dependentActions": [
                    ""
                ]
            },
            {
                "name": "GetNotebookInstanceStatus",
                "description": "Grants permission to retrieve Glue Studio Notebooks session status",
                "access level": "Permissions management",
                "resource types": [
                    ""
                ],
                "conditionKeys": "",
                "dependentActions": [
                    ""
                ]
            },
            {
                "name": "GetPartition",
                "description": "Grants permission to retrieve a partition",
                "access level": "Read",
                "resource types": [
                    "catalog*"
                ],
                "conditionKeys": "",
                "dependentActions": [
                    ""
                ]
            },
            {
                "name": "GetPartitionIndexes",
                "description": "Grants permission to retrieve partition indexes for a table",
                "access level": "Read",
                "resource types": [
                    "catalog*"
                ],
                "conditionKeys": "",
                "dependentActions": [
                    ""
                ]
            },
            {
                "name": "GetPartitions",
                "description": "Grants permission to retrieve the partitions of a table",
                "access level": "Read",
                "resource types": [
                    "catalog*"
                ],
                "conditionKeys": "",
                "dependentActions": [
                    ""
                ]
            },
            {
                "name": "GetPlan",
                "description": "Grants permission to retrieve a mapping for a script",
                "access level": "Read",
                "resource types": [
                    ""
                ],
                "conditionKeys": "",
                "dependentActions": [
                    ""
                ]
            },
            {
                "name": "GetRegistry",
                "description": "Grants permission to retrieve a schema registry",
                "access level": "Read",
                "resource types": [
                    "registry*"
                ],
                "conditionKeys": "",
                "dependentActions": [
                    ""
                ]
            },
            {
                "name": "GetResourcePolicies",
                "description": "Grants permission to retrieve resource policies",
                "access level": "Read",
                "resource types": [
                    "catalog*"
                ],
                "conditionKeys": "",
                "dependentActions": [
                    ""
                ]
            },
            {
                "name": "GetResourcePolicy",
                "description": "Grants permission to retrieve a resource policy",
                "access level": "Read",
                "resource types": [
                    "catalog*"
                ],
                "conditionKeys": "",
                "dependentActions": [
                    ""
                ]
            },
            {
                "name": "GetSchema",
                "description": "Grants permission to retrieve a schema container",
                "access level": "Read",
                "resource types": [
                    "registry*"
                ],
                "conditionKeys": "",
                "dependentActions": [
                    ""
                ]
            },
            {
                "name": "GetSchemaByDefinition",
                "description": "Grants permission to retrieve a schema version based on schema definition",
                "access level": "Read",
                "resource types": [
                    "registry*"
                ],
                "conditionKeys": "",
                "dependentActions": [
                    ""
                ]
            },
            {
                "name": "GetSchemaVersion",
                "description": "Grants permission to retrieve a schema version",
                "access level": "Read",
                "resource types": [
                    "registry"
                ],
                "conditionKeys": "",
                "dependentActions": [
                    ""
                ]
            },
            {
                "name": "GetSchemaVersionsDiff",
                "description": "Grants permission to compare two schema versions in schema registry",
                "access level": "Read",
                "resource types": [
                    "registry*"
                ],
                "conditionKeys": "",
                "dependentActions": [
                    ""
                ]
            },
            {
                "name": "GetSecurityConfiguration",
                "description": "Grants permission to retrieve a security configuration",
                "access level": "Read",
                "resource types": [
                    ""
                ],
                "conditionKeys": "",
                "dependentActions": [
                    ""
                ]
            },
            {
                "name": "GetSecurityConfigurations",
                "description": "Grants permission to retrieve one or more security configurations",
                "access level": "Read",
                "resource types": [
                    ""
                ],
                "conditionKeys": "",
                "dependentActions": [
                    ""
                ]
            },
            {
                "name": "GetSession",
                "description": "Grants permission to retrieve an interactive session",
                "access level": "Read",
                "resource types": [
                    "session*"
                ],
                "conditionKeys": "",
                "dependentActions": [
                    ""
                ]
            },
            {
                "name": "GetStatement",
                "description": "Grants permission to retrieve result and information about a statement in an interactive session",
                "access level": "Read",
                "resource types": [
                    "session*"
                ],
                "conditionKeys": "",
                "dependentActions": [
                    ""
                ]
            },
            {
                "name": "GetTable",
                "description": "Grants permission to retrieve a table",
                "access level": "Read",
                "resource types": [
                    "catalog*"
                ],
                "conditionKeys": "",
                "dependentActions": [
                    ""
                ]
            },
            {
                "name": "GetTableVersion",
                "description": "Grants permission to retrieve a version of a table",
                "access level": "Read",
                "resource types": [
                    "catalog*"
                ],
                "conditionKeys": "",
                "dependentActions": [
                    ""
                ]
            },
            {
                "name": "GetTableVersions",
                "description": "Grants permission to retrieve a list of versions of a table",
                "access level": "Read",
                "resource types": [
                    "catalog*"
                ],
                "conditionKeys": "",
                "dependentActions": [
                    ""
                ]
            },
            {
                "name": "GetTables",
                "description": "Grants permission to retrieve the tables in a database",
                "access level": "Read",
                "resource types": [
                    "catalog*"
                ],
                "conditionKeys": "",
                "dependentActions": [
                    ""
                ]
            },
            {
                "name": "GetTags",
                "description": "Grants permission to retrieve all tags associated with a resource",
                "access level": "Read",
                "resource types": [
                    "blueprint"
                ],
                "conditionKeys": "",
                "dependentActions": [
                    ""
                ]
            },
            {
                "name": "GetTrigger",
                "description": "Grants permission to retrieve a trigger",
                "access level": "Read",
                "resource types": [
                    "trigger*"
                ],
                "conditionKeys": "",
                "dependentActions": [
                    ""
                ]
            },
            {
                "name": "GetTriggers",
                "description": "Grants permission to retrieve the triggers associated with a job",
                "access level": "Read",
                "resource types": [
                    ""
                ],
                "conditionKeys": "",
                "dependentActions": [
                    ""
                ]
            },
            {
                "name": "GetUserDefinedFunction",
                "description": "Grants permission to retrieve a function definition",
                "access level": "Read",
                "resource types": [
                    "catalog*"
                ],
                "conditionKeys": "",
                "dependentActions": [
                    ""
                ]
            },
            {
                "name": "GetUserDefinedFunctions",
                "description": "Grants permission to retrieve multiple function definitions",
                "access level": "Read",
                "resource types": [
                    "catalog*"
                ],
                "conditionKeys": "",
                "dependentActions": [
                    ""
                ]
            },
            {
                "name": "GetWorkflow",
                "description": "Grants permission to retrieve a workflow",
                "access level": "Read",
                "resource types": [
                    "workflow*"
                ],
                "conditionKeys": "",
                "dependentActions": [
                    ""
                ]
            },
            {
                "name": "GetWorkflowRun",
                "description": "Grants permission to retrieve a workflow run",
                "access level": "Read",
                "resource types": [
                    "workflow*"
                ],
                "conditionKeys": "",
                "dependentActions": [
                    ""
                ]
            },
            {
                "name": "GetWorkflowRunProperties",
                "description": "Grants permission to retrieve workflow run properties",
                "access level": "Read",
                "resource types": [
                    "workflow*"
                ],
                "conditionKeys": "",
                "dependentActions": [
                    ""
                ]
            },
            {
                "name": "GetWorkflowRuns",
                "description": "Grants permission to retrieve all runs of a workflow",
                "access level": "Read",
                "resource types": [
                    "workflow*"
                ],
                "conditionKeys": "",
                "dependentActions": [
                    ""
                ]
            },
            {
                "name": "GlueNotebookAuthorize",
                "description": "Grants permission to access Glue Studio Notebooks",
                "access level": "Permissions management",
                "resource types": [
                    ""
                ],
                "conditionKeys": "",
                "dependentActions": [
                    ""
                ]
            },
            {
                "name": "GlueNotebookRefreshCredentials",
                "description": "Grants permission to refresh Glue Studio Notebooks credentials",
                "access level": "Permissions management",
                "resource types": [
                    ""
                ],
                "conditionKeys": "",
                "dependentActions": [
                    ""
                ]
            },
            {
                "name": "ImportCatalogToGlue",
                "description": "Grants permission to import an Athena data catalog into AWS Glue",
                "access level": "Write",
                "resource types": [
                    "catalog*"
                ],
                "conditionKeys": "",
                "dependentActions": [
                    ""
                ]
            },
            {
                "name": "ListBlueprints",
                "description": "Grants permission to retrieve all blueprints",
                "access level": "List",
                "resource types": [
                    ""
                ],
                "conditionKeys": "",
                "dependentActions": [
                    ""
                ]
            },
            {
                "name": "ListCrawlers",
                "description": "Grants permission to retrieve all crawlers",
                "access level": "List",
                "resource types": [
                    ""
                ],
                "conditionKeys": "",
                "dependentActions": [
                    ""
                ]
            },
            {
                "name": "ListCrawls",
                "description": "Grants permission to retrieve crawl run history for a crawler",
                "access level": "List",
                "resource types": [
                    ""
                ],
                "conditionKeys": "",
                "dependentActions": [
                    ""
                ]
            },
            {
                "name": "ListCustomEntityTypes",
                "description": "Grants permission to retrieve all Custom Entity Types",
                "access level": "List",
                "resource types": [
                    ""
                ],
                "conditionKeys": "aws:RequestTag/${TagKey}\n\n\naws:TagKeys",
                "dependentActions": [
                    ""
                ]
            },
            {
                "name": "ListDataQualityResults",
                "description": "Grants permission to retrieve all Data Quality results",
                "access level": "List",
                "resource types": [
                    "dataQualityRuleset*"
                ],
                "conditionKeys": "",
                "dependentActions": [
                    ""
                ]
            },
            {
                "name": "ListDataQualityRuleRecommendationRuns",
                "description": "Grants permission to retrieve all Data Quality rule recommendation runs",
                "access level": "List",
                "resource types": [
                    "dataQualityRuleset*"
                ],
                "conditionKeys": "",
                "dependentActions": [
                    ""
                ]
            },
            {
                "name": "ListDataQualityRulesetEvaluationRuns",
                "description": "Grants permission to retrieve all Data Quality rule recommendation runs",
                "access level": "List",
                "resource types": [
                    "dataQualityRuleset*"
                ],
                "conditionKeys": "",
                "dependentActions": [
                    ""
                ]
            },
            {
                "name": "ListDataQualityRulesets",
                "description": "Grants permission to retrieve a list of Data Quality rulesets",
                "access level": "List",
                "resource types": [
                    "dataQualityRuleset*"
                ],
                "conditionKeys": "",
                "dependentActions": [
                    ""
                ]
            },
            {
                "name": "ListDevEndpoints",
                "description": "Grants permission to retrieve all development endpoints",
                "access level": "List",
                "resource types": [
                    ""
                ],
                "conditionKeys": "",
                "dependentActions": [
                    ""
                ]
            },
            {
                "name": "ListJobs",
                "description": "Grants permission to retrieve all current jobs",
                "access level": "List",
                "resource types": [
                    ""
                ],
                "conditionKeys": "",
                "dependentActions": [
                    ""
                ]
            },
            {
                "name": "ListMLTransforms",
                "description": "Grants permission to retrieve all ML Transforms",
                "access level": "List",
                "resource types": [
                    "mlTransform*"
                ],
                "conditionKeys": "",
                "dependentActions": [
                    ""
                ]
            },
            {
                "name": "ListRegistries",
                "description": "Grants permission to retrieve a list of schema registries",
                "access level": "List",
                "resource types": [
                    ""
                ],
                "conditionKeys": "",
                "dependentActions": [
                    ""
                ]
            },
            {
                "name": "ListSchemaVersions",
                "description": "Grants permission to retrieve a list of schema versions",
                "access level": "List",
                "resource types": [
                    "registry*"
                ],
                "conditionKeys": "",
                "dependentActions": [
                    ""
                ]
            },
            {
                "name": "ListSchemas",
                "description": "Grants permission to retrieve a list of schema containers",
                "access level": "List",
                "resource types": [
                    "registry"
                ],
                "conditionKeys": "",
                "dependentActions": [
                    ""
                ]
            },
            {
                "name": "ListSessions",
                "description": "Grants permission to retrieve a list of interactive session",
                "access level": "List",
                "resource types": [
                    ""
                ],
                "conditionKeys": "",
                "dependentActions": [
                    ""
                ]
            },
            {
                "name": "ListStatements",
                "description": "Grants permission to retrieve a list of statements in an interactive session",
                "access level": "List",
                "resource types": [
                    "session*"
                ],
                "conditionKeys": "",
                "dependentActions": [
                    ""
                ]
            },
            {
                "name": "ListTriggers",
                "description": "Grants permission to retrieve all triggers",
                "access level": "List",
                "resource types": [
                    ""
                ],
                "conditionKeys": "",
                "dependentActions": [
                    ""
                ]
            },
            {
                "name": "ListWorkflows",
                "description": "Grants permission to retrieve all workflows",
                "access level": "List",
                "resource types": [
                    ""
                ],
                "conditionKeys": "",
                "dependentActions": [
                    ""
                ]
            },
            {
                "name": "NotifyEvent",
                "description": "Grants permission to notify an event to the event-driven workflow",
                "access level": "Write",
                "resource types": [
                    "workflow*"
                ],
                "conditionKeys": "",
                "dependentActions": [
                    ""
                ]
            },
            {
                "name": "PublishDataQuality [permission only]",
                "description": "Grants permission to publish Data Quality results",
                "access level": "Write",
                "resource types": [
                    "dataQualityRuleset*"
                ],
                "conditionKeys": "",
                "dependentActions": [
                    ""
                ]
            },
            {
                "name": "PutDataCatalogEncryptionSettings",
                "description": "Grants permission to update catalog encryption settings",
                "access level": "Write",
                "resource types": [
                    "catalog*"
                ],
                "conditionKeys": "",
                "dependentActions": [
                    ""
                ]
            },
            {
                "name": "PutResourcePolicy",
                "description": "Grants permission to update a resource policy",
                "access level": "Permissions management",
                "resource types": [
                    "catalog*"
                ],
                "conditionKeys": "",
                "dependentActions": [
                    ""
                ]
            },
            {
                "name": "PutSchemaVersionMetadata",
                "description": "Grants permission to add metadata to schema version",
                "access level": "Write",
                "resource types": [
                    "registry"
                ],
                "conditionKeys": "",
                "dependentActions": [
                    ""
                ]
            },
            {
                "name": "PutWorkflowRunProperties",
                "description": "Grants permission to update workflow run properties",
                "access level": "Write",
                "resource types": [
                    "workflow*"
                ],
                "conditionKeys": "",
                "dependentActions": [
                    ""
                ]
            },
            {
                "name": "QuerySchemaVersionMetadata",
                "description": "Grants permission to fetch metadata for a schema version",
                "access level": "List",
                "resource types": [
                    "registry"
                ],
                "conditionKeys": "",
                "dependentActions": [
                    ""
                ]
            },
            {
                "name": "RegisterSchemaVersion",
                "description": "Grants permission to create a new schema version",
                "access level": "Write",
                "resource types": [
                    "registry*"
                ],
                "conditionKeys": "",
                "dependentActions": [
                    ""
                ]
            },
            {
                "name": "RemoveSchemaVersionMetadata",
                "description": "Grants permission to remove metadata from schema version",
                "access level": "Write",
                "resource types": [
                    "registry"
                ],
                "conditionKeys": "",
                "dependentActions": [
                    ""
                ]
            },
            {
                "name": "ResetJobBookmark",
                "description": "Grants permission to reset a job bookmark",
                "access level": "Write",
                "resource types": [
                    ""
                ],
                "conditionKeys": "",
                "dependentActions": [
                    ""
                ]
            },
            {
                "name": "ResumeWorkflowRun",
                "description": "Grants permission to resume a workflow run",
                "access level": "Write",
                "resource types": [
                    "workflow*"
                ],
                "conditionKeys": "",
                "dependentActions": [
                    ""
                ]
            },
            {
                "name": "RunDataPreviewStatement",
                "description": "Grants permission to run Data Preview Statement",
                "access level": "Permissions management",
                "resource types": [
                    ""
                ],
                "conditionKeys": "",
                "dependentActions": [
                    ""
                ]
            },
            {
                "name": "RunStatement",
                "description": "Grants permission to run a code or statement in an interactive session",
                "access level": "Write",
                "resource types": [
                    "session*"
                ],
                "conditionKeys": "",
                "dependentActions": [
                    ""
                ]
            },
            {
                "name": "SearchTables",
                "description": "Grants permission to retrieve the tables in the catalog",
                "access level": "Read",
                "resource types": [
                    "catalog*"
                ],
                "conditionKeys": "",
                "dependentActions": [
                    ""
                ]
            },
            {
                "name": "StartBlueprintRun",
                "description": "Grants permission to start running a blueprint",
                "access level": "Write",
                "resource types": [
                    "blueprint*"
                ],
                "conditionKeys": "",
                "dependentActions": [
                    ""
                ]
            },
            {
                "name": "StartCrawler",
                "description": "Grants permission to start a crawler",
                "access level": "Write",
                "resource types": [
                    "crawler*"
                ],
                "conditionKeys": "",
                "dependentActions": [
                    ""
                ]
            },
            {
                "name": "StartCrawlerSchedule",
                "description": "Grants permission to change the schedule state of a crawler to SCHEDULED",
                "access level": "Write",
                "resource types": [
                    ""
                ],
                "conditionKeys": "",
                "dependentActions": [
                    ""
                ]
            },
            {
                "name": "StartDataQualityRuleRecommendationRun",
                "description": "Grants permission to start a Data Quality rule recommendation run",
                "access level": "Write",
                "resource types": [
                    "dataQualityRuleset*"
                ],
                "conditionKeys": "",
                "dependentActions": [
                    ""
                ]
            },
            {
                "name": "StartDataQualityRulesetEvaluationRun",
                "description": "Grants permission to start a Data Quality rule recommendation run",
                "access level": "Write",
                "resource types": [
                    "dataQualityRuleset*"
                ],
                "conditionKeys": "",
                "dependentActions": [
                    ""
                ]
            },
            {
                "name": "StartExportLabelsTaskRun",
                "description": "Grants permission to start an Export Labels ML Task Run",
                "access level": "Write",
                "resource types": [
                    "mlTransform*"
                ],
                "conditionKeys": "",
                "dependentActions": [
                    ""
                ]
            },
            {
                "name": "StartImportLabelsTaskRun",
                "description": "Grants permission to start an Import Labels ML Task Run",
                "access level": "Write",
                "resource types": [
                    "mlTransform*"
                ],
                "conditionKeys": "",
                "dependentActions": [
                    ""
                ]
            },
            {
                "name": "StartJobRun",
                "description": "Grants permission to start running a job",
                "access level": "Write",
                "resource types": [
                    "job*"
                ],
                "conditionKeys": "",
                "dependentActions": [
                    ""
                ]
            },
            {
                "name": "StartMLEvaluationTaskRun",
                "description": "Grants permission to start an Evaluation ML Task Run",
                "access level": "Write",
                "resource types": [
                    "mlTransform*"
                ],
                "conditionKeys": "",
                "dependentActions": [
                    ""
                ]
            },
            {
                "name": "StartMLLabelingSetGenerationTaskRun",
                "description": "Grants permission to start a Labeling Set Generation ML Task Run",
                "access level": "Write",
                "resource types": [
                    "mlTransform*"
                ],
                "conditionKeys": "",
                "dependentActions": [
                    ""
                ]
            },
            {
                "name": "StartNotebook",
                "description": "Grants permission to start Glue Studio Notebooks",
                "access level": "Permissions management",
                "resource types": [
                    ""
                ],
                "conditionKeys": "",
                "dependentActions": [
                    ""
                ]
            },
            {
                "name": "StartTrigger",
                "description": "Grants permission to start a trigger",
                "access level": "Write",
                "resource types": [
                    "trigger*"
                ],
                "conditionKeys": "",
                "dependentActions": [
                    ""
                ]
            },
            {
                "name": "StartWorkflowRun",
                "description": "Grants permission to start running a workflow",
                "access level": "Write",
                "resource types": [
                    "workflow*"
                ],
                "conditionKeys": "",
                "dependentActions": [
                    ""
                ]
            },
            {
                "name": "StopCrawler",
                "description": "Grants permission to stop a running crawler",
                "access level": "Write",
                "resource types": [
                    "crawler*"
                ],
                "conditionKeys": "",
                "dependentActions": [
                    ""
                ]
            },
            {
                "name": "StopCrawlerSchedule",
                "description": "Grants permission to set the schedule state of a crawler to NOT_SCHEDULED",
                "access level": "Write",
                "resource types": [
                    ""
                ],
                "conditionKeys": "",
                "dependentActions": [
                    ""
                ]
            },
            {
                "name": "StopSession",
                "description": "Grants permission to stop an interactive session",
                "access level": "Write",
                "resource types": [
                    "session*"
                ],
                "conditionKeys": "",
                "dependentActions": [
                    ""
                ]
            },
            {
                "name": "StopTrigger",
                "description": "Grants permission to stop a trigger",
                "access level": "Write",
                "resource types": [
                    "trigger*"
                ],
                "conditionKeys": "",
                "dependentActions": [
                    ""
                ]
            },
            {
                "name": "StopWorkflowRun",
                "description": "Grants permission to stop a workflow run",
                "access level": "Write",
                "resource types": [
                    "workflow*"
                ],
                "conditionKeys": "",
                "dependentActions": [
                    ""
                ]
            },
            {
                "name": "TagResource",
                "description": "Grants permission to add tags to a resource",
                "access level": "Tagging",
                "resource types": [
                    "blueprint"
                ],
                "conditionKeys": "",
                "dependentActions": [
                    ""
                ]
            },
            {
                "name": "TerminateNotebook",
                "description": "Grants permission to terminate Glue Studio Notebooks",
                "access level": "Permissions management",
                "resource types": [
                    ""
                ],
                "conditionKeys": "",
                "dependentActions": [
                    ""
                ]
            },
            {
                "name": "TestConnection",
                "description": "Grants permission to test connection in Glue Studio",
                "access level": "Permissions management",
                "resource types": [
                    ""
                ],
                "conditionKeys": "",
                "dependentActions": [
                    ""
                ]
            },
            {
                "name": "UntagResource",
                "description": "Grants permission to remove tags associated with a resource",
                "access level": "Tagging",
                "resource types": [
                    "blueprint"
                ],
                "conditionKeys": "",
                "dependentActions": [
                    ""
                ]
            },
            {
                "name": "UpdateBlueprint",
                "description": "Grants permission to update a blueprint",
                "access level": "Write",
                "resource types": [
                    "blueprint*"
                ],
                "conditionKeys": "",
                "dependentActions": [
                    ""
                ]
            },
            {
                "name": "UpdateClassifier",
                "description": "Grants permission to update a classifier",
                "access level": "Write",
                "resource types": [
                    ""
                ],
                "conditionKeys": "",
                "dependentActions": [
                    ""
                ]
            },
            {
                "name": "UpdateColumnStatisticsForPartition",
                "description": "Grants permission to update partition statistics of columns",
                "access level": "Write",
                "resource types": [
                    "catalog*"
                ],
                "conditionKeys": "",
                "dependentActions": [
                    ""
                ]
            },
            {
                "name": "UpdateColumnStatisticsForTable",
                "description": "Grants permission to update table statistics of columns",
                "access level": "Write",
                "resource types": [
                    "catalog*"
                ],
                "conditionKeys": "",
                "dependentActions": [
                    ""
                ]
            },
            {
                "name": "UpdateConnection",
                "description": "Grants permission to update a connection",
                "access level": "Write",
                "resource types": [
                    "catalog*"
                ],
                "conditionKeys": "",
                "dependentActions": [
                    ""
                ]
            },
            {
                "name": "UpdateCrawler",
                "description": "Grants permission to update a crawler",
                "access level": "Write",
                "resource types": [
                    "crawler*"
                ],
                "conditionKeys": "",
                "dependentActions": [
                    ""
                ]
            },
            {
                "name": "UpdateCrawlerSchedule",
                "description": "Grants permission to update the schedule of a crawler",
                "access level": "Write",
                "resource types": [
                    ""
                ],
                "conditionKeys": "",
                "dependentActions": [
                    ""
                ]
            },
            {
                "name": "UpdateDataQualityRuleset",
                "description": "Grants permission to update a Data Quality ruleset",
                "access level": "Write",
                "resource types": [
                    "dataQualityRuleset*"
                ],
                "conditionKeys": "",
                "dependentActions": [
                    ""
                ]
            },
            {
                "name": "UpdateDatabase",
                "description": "Grants permission to update a database",
                "access level": "Write",
                "resource types": [
                    "catalog*"
                ],
                "conditionKeys": "",
                "dependentActions": [
                    ""
                ]
            },
            {
                "name": "UpdateDevEndpoint",
                "description": "Grants permission to update a development endpoint",
                "access level": "Write",
                "resource types": [
                    "devendpoint*"
                ],
                "conditionKeys": "",
                "dependentActions": [
                    ""
                ]
            },
            {
                "name": "UpdateJob",
                "description": "Grants permission to update a job",
                "access level": "Write",
                "resource types": [
                    "job*"
                ],
                "conditionKeys": "",
                "dependentActions": [
                    ""
                ]
            },
            {
                "name": "UpdateJobFromSourceControl",
                "description": "Grants permission to update a job from source control provider",
                "access level": "Write",
                "resource types": [
                    "job*"
                ],
                "conditionKeys": "",
                "dependentActions": [
                    ""
                ]
            },
            {
                "name": "UpdateMLTransform",
                "description": "Grants permission to update an ML Transform",
                "access level": "Write",
                "resource types": [
                    "mlTransform*"
                ],
                "conditionKeys": "",
                "dependentActions": [
                    ""
                ]
            },
            {
                "name": "UpdatePartition",
                "description": "Grants permission to update a partition",
                "access level": "Write",
                "resource types": [
                    "catalog*"
                ],
                "conditionKeys": "",
                "dependentActions": [
                    ""
                ]
            },
            {
                "name": "UpdateRegistry",
                "description": "Grants permission to update a schema registry",
                "access level": "Write",
                "resource types": [
                    "registry*"
                ],
                "conditionKeys": "",
                "dependentActions": [
                    ""
                ]
            },
            {
                "name": "UpdateSchema",
                "description": "Grants permission to update a schema container",
                "access level": "Write",
                "resource types": [
                    "registry*"
                ],
                "conditionKeys": "",
                "dependentActions": [
                    ""
                ]
            },
            {
                "name": "UpdateSourceControlFromJob",
                "description": "Grants permission to update source control provider from a job",
                "access level": "Write",
                "resource types": [
                    "job*"
                ],
                "conditionKeys": "",
                "dependentActions": [
                    ""
                ]
            },
            {
                "name": "UpdateTable",
                "description": "Grants permission to update a table",
                "access level": "Write",
                "resource types": [
                    "catalog*"
                ],
                "conditionKeys": "",
                "dependentActions": [
                    ""
                ]
            },
            {
                "name": "UpdateTrigger",
                "description": "Grants permission to update a trigger",
                "access level": "Write",
                "resource types": [
                    "trigger*"
                ],
                "conditionKeys": "",
                "dependentActions": [
                    ""
                ]
            },
            {
                "name": "UpdateUserDefinedFunction",
                "description": "Grants permission to update a function definition",
                "access level": "Write",
                "resource types": [
                    "catalog*"
                ],
                "conditionKeys": "",
                "dependentActions": [
                    ""
                ]
            },
            {
                "name": "UpdateWorkflow",
                "description": "Grants permission to update a workflow",
                "access level": "Write",
                "resource types": [
                    "workflow*"
                ],
                "conditionKeys": "",
                "dependentActions": [
                    ""
                ]
            },
            {
                "name": "UseGlueStudio",
                "description": "Grants permission to use Glue Studio and access its internal APIs",
                "access level": "Permissions management",
                "resource types": [
                    ""
                ],
                "conditionKeys": "",
                "dependentActions": [
                    ""
                ]
            },
            {
                "name": "UseMLTransforms [permission only]",
                "description": "Grants permission to use an ML Transform from within a Glue ETL Script",
                "access level": "Write",
                "resource types": [
                    "mlTransform*"
                ],
                "conditionKeys": "",
                "dependentActions": [
                    ""
                ]
            }
        ]
    },
    {
        "resources": [
            {
                "resource_type": "catalog",
                "ARN": "arn:${Partition}:glue:${Region}:${Account}:catalog",
                "conditionKeys": ""
            },
            {
                "resource_type": "database",
                "ARN": "arn:${Partition}:glue:${Region}:${Account}:database/${DatabaseName}",
                "conditionKeys": ""
            },
            {
                "resource_type": "table",
                "ARN": "arn:${Partition}:glue:${Region}:${Account}:table/${DatabaseName}/${TableName}",
                "conditionKeys": ""
            },
            {
                "resource_type": "tableversion",
                "ARN": "arn:${Partition}:glue:${Region}:${Account}:tableVersion/${DatabaseName}/${TableName}/${TableVersionName}",
                "conditionKeys": ""
            },
            {
                "resource_type": "connection",
                "ARN": "arn:${Partition}:glue:${Region}:${Account}:connection/${ConnectionName}",
                "conditionKeys": "aws:ResourceTag/${TagKey}"
            },
            {
                "resource_type": "userdefinedfunction",
                "ARN": "arn:${Partition}:glue:${Region}:${Account}:userDefinedFunction/${DatabaseName}/${UserDefinedFunctionName}",
                "conditionKeys": ""
            },
            {
                "resource_type": "devendpoint",
                "ARN": "arn:${Partition}:glue:${Region}:${Account}:devEndpoint/${DevEndpointName}",
                "conditionKeys": "aws:ResourceTag/${TagKey}"
            },
            {
                "resource_type": "job",
                "ARN": "arn:${Partition}:glue:${Region}:${Account}:job/${JobName}",
                "conditionKeys": "aws:ResourceTag/${TagKey}"
            },
            {
                "resource_type": "trigger",
                "ARN": "arn:${Partition}:glue:${Region}:${Account}:trigger/${TriggerName}",
                "conditionKeys": "aws:ResourceTag/${TagKey}"
            },
            {
                "resource_type": "crawler",
                "ARN": "arn:${Partition}:glue:${Region}:${Account}:crawler/${CrawlerName}",
                "conditionKeys": "aws:ResourceTag/${TagKey}"
            },
            {
                "resource_type": "workflow",
                "ARN": "arn:${Partition}:glue:${Region}:${Account}:workflow/${WorkflowName}",
                "conditionKeys": "aws:ResourceTag/${TagKey}"
            },
            {
                "resource_type": "blueprint",
                "ARN": "arn:${Partition}:glue:${Region}:${Account}:blueprint/${BlueprintName}",
                "conditionKeys": "aws:ResourceTag/${TagKey}"
            },
            {
                "resource_type": "mlTransform",
                "ARN": "arn:${Partition}:glue:${Region}:${Account}:mlTransform/${TransformId}",
                "conditionKeys": "aws:ResourceTag/${TagKey}"
            },
            {
                "resource_type": "registry",
                "ARN": "arn:${Partition}:glue:${Region}:${Account}:registry/${RegistryName}",
                "conditionKeys": "aws:ResourceTag/${TagKey}"
            },
            {
                "resource_type": "schema",
                "ARN": "arn:${Partition}:glue:${Region}:${Account}:schema/${SchemaName}",
                "conditionKeys": "aws:ResourceTag/${TagKey}"
            },
            {
                "resource_type": "session",
                "ARN": "arn:${Partition}:glue:${Region}:${Account}:session/${SessionId}",
                "conditionKeys": "aws:ResourceTag/${TagKey}"
            },
            {
                "resource_type": "dataQualityRuleset",
                "ARN": "arn:${Partition}:glue:${Region}:${Account}:dataQualityRuleset/${RulesetName}",
                "conditionKeys": "aws:ResourceTag/${TagKey}"
            },
            {
                "resource_type": "customEntityType",
                "ARN": "arn:${Partition}:glue:${Region}:${Account}:customEntityType/${CustomEntityTypeId}",
                "conditionKeys": "aws:ResourceTag/${TagKey}"
            }
        ]
    },
    {
        "conditions": [
            {
                "Condition keys": "aws:RequestTag/${TagKey}",
                "Description": "Filters access by the presence of tag key-value pairs in the request",
                "Type": "String"
            },
            {
                "Condition keys": "aws:ResourceTag/${TagKey}",
                "Description": "Filters access by tag key-value pairs attached to the resource",
                "Type": "String"
            },
            {
                "Condition keys": "aws:TagKeys",
                "Description": "Filters access by the presence of tag keys in the request",
                "Type": "ArrayOfString"
            },
            {
                "Condition keys": "glue:CredentialIssuingService",
                "Description": "Filters access by the service from which the credentials of the request is issued",
                "Type": "String"
            },
            {
                "Condition keys": "glue:RoleAssumedBy",
                "Description": "Filters access by the service from which the credentials of the request is obtained by assuming the customer role",
                "Type": "String"
            },
            {
                "Condition keys": "glue:SecurityGroupIds",
                "Description": "Filters access by the ID of security groups configured for the Glue job",
                "Type": "ArrayOfString"
            },
            {
                "Condition keys": "glue:SubnetIds",
                "Description": "Filters access by the ID of subnets configured for the Glue job",
                "Type": "ArrayOfString"
            },
            {
                "Condition keys": "glue:VpcIds",
                "Description": "Filters access by the ID of the VPC configured for the Glue job",
                "Type": "ArrayOfString"
            }
        ]
    }
]