[
    {
        "prefix_item": "groundtruthlabeling"
    },
    {
        "link": "https://docs.aws.amazon.com/service-authorization/latest/reference/./list_amazongroundtruthlabeling.html"
    },
    {
        "actions": [
            {
                "name": "AssociatePatchToManifestJob [permission only]",
                "description": "Grants permission to associate a patch file with the manifest file to update the manifest file",
                "access level": "Write",
                "resource types": [
                    ""
                ],
                "conditionKeys": "",
                "dependentActions": [
                    ""
                ]
            },
            {
                "name": "DescribeConsoleJob [permission only]",
                "description": "Grants permission to get status of GroundTruthLabeling Jobs",
                "access level": "Read",
                "resource types": [
                    ""
                ],
                "conditionKeys": "",
                "dependentActions": [
                    ""
                ]
            },
            {
                "name": "ListDatasetObjects [permission only]",
                "description": "Grants permission to list dataset objects in a manifest file",
                "access level": "Read",
                "resource types": [
                    ""
                ],
                "conditionKeys": "",
                "dependentActions": [
                    ""
                ]
            },
            {
                "name": "RunFilterOrSampleDatasetJob [permission only]",
                "description": "Grants permission to filter records from a manifest file using S3 select. Get sample entries based on random sampling",
                "access level": "Write",
                "resource types": [
                    ""
                ],
                "conditionKeys": "",
                "dependentActions": [
                    ""
                ]
            },
            {
                "name": "RunGenerateManifestByCrawlingJob [permission only]",
                "description": "Grants permission to list a S3 prefix and create manifest files from objects in that location",
                "access level": "Write",
                "resource types": [
                    ""
                ],
                "conditionKeys": "",
                "dependentActions": [
                    ""
                ]
            }
        ]
    }
]