[
    {
        "prefix_item": "healthlake"
    },
    {
        "link": "https://docs.aws.amazon.com/service-authorization/latest/reference/./list_amazonhealthlake.html"
    },
    {
        "actions": [
            {
                "name": "CreateFHIRDatastore",
                "description": "Grants permission to create a datastore that can ingest and export FHIR data",
                "access level": "Write",
                "resource types": [
                    ""
                ],
                "conditionKeys": "aws:RequestTag/${TagKey}\n\n\naws:TagKeys",
                "dependentActions": [
                    ""
                ]
            },
            {
                "name": "CreateResource",
                "description": "Grants permission to create resource",
                "access level": "Write",
                "resource types": [
                    "datastore*"
                ],
                "conditionKeys": "",
                "dependentActions": [
                    ""
                ]
            },
            {
                "name": "DeleteFHIRDatastore",
                "description": "Grants permission to delete a datastore",
                "access level": "Write",
                "resource types": [
                    "datastore*"
                ],
                "conditionKeys": "",
                "dependentActions": [
                    ""
                ]
            },
            {
                "name": "DeleteResource",
                "description": "Grants permission to delete resource",
                "access level": "Write",
                "resource types": [
                    "datastore*"
                ],
                "conditionKeys": "",
                "dependentActions": [
                    ""
                ]
            },
            {
                "name": "DescribeFHIRDatastore",
                "description": "Grants permission to get the properties associated with the FHIR datastore, including the datastore ID, datastore ARN, datastore name, datastore status, created at, datastore type version, and datastore endpoint",
                "access level": "Read",
                "resource types": [
                    "datastore*"
                ],
                "conditionKeys": "",
                "dependentActions": [
                    ""
                ]
            },
            {
                "name": "DescribeFHIRExportJob",
                "description": "Grants permission to display the properties of a FHIR export job, including the ID, ARN, name, and the status of the datastore",
                "access level": "Read",
                "resource types": [
                    "datastore*"
                ],
                "conditionKeys": "",
                "dependentActions": [
                    ""
                ]
            },
            {
                "name": "DescribeFHIRImportJob",
                "description": "Grants permission to display the properties of a FHIR import job, including the ID, ARN, name, and the status of the datastore",
                "access level": "Read",
                "resource types": [
                    "datastore*"
                ],
                "conditionKeys": "",
                "dependentActions": [
                    ""
                ]
            },
            {
                "name": "GetCapabilities",
                "description": "Grants permission to get the capabilities of a FHIR datastore",
                "access level": "Read",
                "resource types": [
                    "datastore*"
                ],
                "conditionKeys": "",
                "dependentActions": [
                    ""
                ]
            },
            {
                "name": "ListFHIRDatastores",
                "description": "Grants permission to list all FHIR datastores that are in the user\u2019s account, regardless of datastore status",
                "access level": "List",
                "resource types": [
                    ""
                ],
                "conditionKeys": "",
                "dependentActions": [
                    ""
                ]
            },
            {
                "name": "ListFHIRExportJobs",
                "description": "Grants permission to get a list of export jobs for the specified datastore",
                "access level": "List",
                "resource types": [
                    "datastore*"
                ],
                "conditionKeys": "",
                "dependentActions": [
                    ""
                ]
            },
            {
                "name": "ListFHIRImportJobs",
                "description": "Grants permission to get a list of import jobs for the specified datastore",
                "access level": "List",
                "resource types": [
                    "datastore*"
                ],
                "conditionKeys": "",
                "dependentActions": [
                    ""
                ]
            },
            {
                "name": "ListTagsForResource",
                "description": "Grants permission to get a list of tags for the specified datastore",
                "access level": "Read",
                "resource types": [
                    "datastore"
                ],
                "conditionKeys": "",
                "dependentActions": [
                    ""
                ]
            },
            {
                "name": "ReadResource",
                "description": "Grants permission to read resource",
                "access level": "Read",
                "resource types": [
                    "datastore*"
                ],
                "conditionKeys": "",
                "dependentActions": [
                    ""
                ]
            },
            {
                "name": "SearchWithGet",
                "description": "Grants permission to search resources with GET method",
                "access level": "Read",
                "resource types": [
                    "datastore*"
                ],
                "conditionKeys": "",
                "dependentActions": [
                    ""
                ]
            },
            {
                "name": "SearchWithPost",
                "description": "Grants permission to search resources with POST method",
                "access level": "Read",
                "resource types": [
                    "datastore*"
                ],
                "conditionKeys": "",
                "dependentActions": [
                    ""
                ]
            },
            {
                "name": "StartFHIRExportJob",
                "description": "Grants permission to begin a FHIR Export job",
                "access level": "Write",
                "resource types": [
                    "datastore*"
                ],
                "conditionKeys": "",
                "dependentActions": [
                    ""
                ]
            },
            {
                "name": "StartFHIRImportJob",
                "description": "Grants permission to begin a FHIR Import job",
                "access level": "Write",
                "resource types": [
                    "datastore*"
                ],
                "conditionKeys": "",
                "dependentActions": [
                    ""
                ]
            },
            {
                "name": "TagResource",
                "description": "Grants permission to add tags to a datastore",
                "access level": "Tagging",
                "resource types": [
                    "datastore"
                ],
                "conditionKeys": "",
                "dependentActions": [
                    ""
                ]
            },
            {
                "name": "UntagResource",
                "description": "Grants permission to remove tags associated with a datastore",
                "access level": "Tagging",
                "resource types": [
                    "datastore"
                ],
                "conditionKeys": "",
                "dependentActions": [
                    ""
                ]
            },
            {
                "name": "UpdateResource",
                "description": "Grants permission to update resource",
                "access level": "Write",
                "resource types": [
                    "datastore*"
                ],
                "conditionKeys": "",
                "dependentActions": [
                    ""
                ]
            }
        ]
    },
    {
        "resources": [
            {
                "resource_type": "datastore",
                "ARN": "arn:${Partition}:healthlake:${Region}:${AccountId}:datastore/fhir/${DatastoreId}",
                "conditionKeys": "aws:ResourceTag/${TagKey}"
            }
        ]
    },
    {
        "conditions": [
            {
                "Condition keys": "aws:RequestTag/${TagKey}",
                "Description": "Filters access by the presence of tag key-value pairs in the request",
                "Type": "String"
            },
            {
                "Condition keys": "aws:ResourceTag/${TagKey}",
                "Description": "Filters access by the presence of tag key-value pairs attached to the resource",
                "Type": "String"
            },
            {
                "Condition keys": "aws:TagKeys",
                "Description": "Filters access by the presence of tag keys in the request",
                "Type": "ArrayOfString"
            }
        ]
    }
]