[
    {
        "prefix_item": "identitystore"
    },
    {
        "link": "https://docs.aws.amazon.com/service-authorization/latest/reference/./list_awsidentitystore.html"
    },
    {
        "actions": [
            {
                "name": "CreateGroup",
                "description": "Grants permission to create a group in the specified IdentityStore",
                "access level": "Write",
                "resource types": [
                    "Identitystore*"
                ],
                "conditionKeys": "",
                "dependentActions": [
                    ""
                ]
            },
            {
                "name": "CreateGroupMembership",
                "description": "Grants permission to create a member to a group in the specified IdentityStore",
                "access level": "Write",
                "resource types": [
                    "Group*"
                ],
                "conditionKeys": "",
                "dependentActions": [
                    ""
                ]
            },
            {
                "name": "CreateUser",
                "description": "Grants permission to create a user in the specified IdentityStore",
                "access level": "Write",
                "resource types": [
                    "Identitystore*"
                ],
                "conditionKeys": "",
                "dependentActions": [
                    ""
                ]
            },
            {
                "name": "DeleteGroup",
                "description": "Grants permission to delete a group in the specified IdentityStore",
                "access level": "Write",
                "resource types": [
                    "Group*"
                ],
                "conditionKeys": "",
                "dependentActions": [
                    ""
                ]
            },
            {
                "name": "DeleteGroupMembership",
                "description": "Grants permission to remove a member that is part of a group in the specified IdentityStore",
                "access level": "Write",
                "resource types": [
                    "Group*"
                ],
                "conditionKeys": "",
                "dependentActions": [
                    ""
                ]
            },
            {
                "name": "DeleteUser",
                "description": "Grants permission to delete a user in the specified IdentityStore",
                "access level": "Write",
                "resource types": [
                    "Identitystore*"
                ],
                "conditionKeys": "",
                "dependentActions": [
                    ""
                ]
            },
            {
                "name": "DescribeGroup",
                "description": "Grants permission to retrieve information about a group in the specified IdentityStore",
                "access level": "Read",
                "resource types": [
                    "Group*"
                ],
                "conditionKeys": "",
                "dependentActions": [
                    ""
                ]
            },
            {
                "name": "DescribeGroupMembership",
                "description": "Grants permission to retrieve information about a member that is part of a group in the specified IdentityStore",
                "access level": "Read",
                "resource types": [
                    "Group*"
                ],
                "conditionKeys": "",
                "dependentActions": [
                    ""
                ]
            },
            {
                "name": "DescribeUser",
                "description": "Grants permission to retrieve information about user in the specified IdentityStore",
                "access level": "Read",
                "resource types": [
                    "Identitystore*"
                ],
                "conditionKeys": "",
                "dependentActions": [
                    ""
                ]
            },
            {
                "name": "GetGroupId",
                "description": "Grants permission to retrieve ID information about group in the specified IdentityStore",
                "access level": "Read",
                "resource types": [
                    "Group*"
                ],
                "conditionKeys": "",
                "dependentActions": [
                    ""
                ]
            },
            {
                "name": "GetGroupMembershipId",
                "description": "Grants permission to retrieve ID information of a member which is part of a group in the specified IdentityStore",
                "access level": "Read",
                "resource types": [
                    "Group*"
                ],
                "conditionKeys": "",
                "dependentActions": [
                    ""
                ]
            },
            {
                "name": "GetUserId",
                "description": "Grants permission to retrieves ID information about user in the specified IdentityStore",
                "access level": "Read",
                "resource types": [
                    "Identitystore*"
                ],
                "conditionKeys": "",
                "dependentActions": [
                    ""
                ]
            },
            {
                "name": "IsMemberInGroups",
                "description": "Grants permission to check if a member is a part of groups in the specified IdentityStore",
                "access level": "Read",
                "resource types": [
                    "AllGroupMemberships*"
                ],
                "conditionKeys": "",
                "dependentActions": [
                    ""
                ]
            },
            {
                "name": "ListGroupMemberships",
                "description": "Grants permission to retrieve all members that are part of a group in the specified IdentityStore",
                "access level": "List",
                "resource types": [
                    "AllGroupMemberships*"
                ],
                "conditionKeys": "",
                "dependentActions": [
                    ""
                ]
            },
            {
                "name": "ListGroupMembershipsForMember",
                "description": "Grants permission to list groups of the target member in the specified IdentityStore",
                "access level": "List",
                "resource types": [
                    "AllGroupMemberships*"
                ],
                "conditionKeys": "",
                "dependentActions": [
                    ""
                ]
            },
            {
                "name": "ListGroups",
                "description": "Grants permission to search for groups within the specified IdentityStore",
                "access level": "List",
                "resource types": [
                    "AllGroups*"
                ],
                "conditionKeys": "",
                "dependentActions": [
                    ""
                ]
            },
            {
                "name": "ListUsers",
                "description": "Grants permission to search for users in the specified IdentityStore",
                "access level": "List",
                "resource types": [
                    "AllUsers*"
                ],
                "conditionKeys": "",
                "dependentActions": [
                    ""
                ]
            },
            {
                "name": "UpdateGroup",
                "description": "Grants permission to update information about a group in the specified IdentityStore",
                "access level": "Write",
                "resource types": [
                    "Group*"
                ],
                "conditionKeys": "",
                "dependentActions": [
                    ""
                ]
            },
            {
                "name": "UpdateUser",
                "description": "Grants permission to update user information in the specified IdentityStore",
                "access level": "Write",
                "resource types": [
                    "Identitystore*"
                ],
                "conditionKeys": "",
                "dependentActions": [
                    ""
                ]
            }
        ]
    },
    {
        "resources": [
            {
                "resource_type": "Identitystore",
                "ARN": "arn:${Partition}:identitystore::${Account}:identitystore/${IdentityStoreId}",
                "conditionKeys": ""
            },
            {
                "resource_type": "User",
                "ARN": "arn:${Partition}:identitystore:::user/${UserId}",
                "conditionKeys": ""
            },
            {
                "resource_type": "Group",
                "ARN": "arn:${Partition}:identitystore:::group/${GroupId}",
                "conditionKeys": ""
            },
            {
                "resource_type": "GroupMembership",
                "ARN": "arn:${Partition}:identitystore:::membership/${MembershipId}",
                "conditionKeys": ""
            },
            {
                "resource_type": "AllUsers",
                "ARN": "arn:${Partition}:identitystore:::user/*",
                "conditionKeys": ""
            },
            {
                "resource_type": "AllGroups",
                "ARN": "arn:${Partition}:identitystore:::group/*",
                "conditionKeys": ""
            },
            {
                "resource_type": "AllGroupMemberships",
                "ARN": "arn:${Partition}:identitystore:::membership/*",
                "conditionKeys": ""
            }
        ]
    }
]