[
    {
        "prefix_item": "iotevents"
    },
    {
        "link": "https://docs.aws.amazon.com/service-authorization/latest/reference/./list_awsiotevents.html"
    },
    {
        "actions": [
            {
                "name": "BatchAcknowledgeAlarm",
                "description": "Grants permission to send one or more acknowledge action requests to AWS IoT Events",
                "access level": "Write",
                "resource types": [
                    "alarmModel*"
                ],
                "conditionKeys": "",
                "dependentActions": [
                    ""
                ]
            },
            {
                "name": "BatchDeleteDetector",
                "description": "Grants permission to delete a detector instance within the AWS IoT Events system",
                "access level": "Write",
                "resource types": [
                    "detectorModel*"
                ],
                "conditionKeys": "",
                "dependentActions": [
                    ""
                ]
            },
            {
                "name": "BatchDisableAlarm",
                "description": "Grants permission to disable one or more alarm instances",
                "access level": "Write",
                "resource types": [
                    "alarmModel*"
                ],
                "conditionKeys": "",
                "dependentActions": [
                    ""
                ]
            },
            {
                "name": "BatchEnableAlarm",
                "description": "Grants permission to enable one or more alarm instances",
                "access level": "Write",
                "resource types": [
                    "alarmModel*"
                ],
                "conditionKeys": "",
                "dependentActions": [
                    ""
                ]
            },
            {
                "name": "BatchPutMessage",
                "description": "Grants permission to send a set of messages to the AWS IoT Events system",
                "access level": "Write",
                "resource types": [
                    "input*"
                ],
                "conditionKeys": "",
                "dependentActions": [
                    ""
                ]
            },
            {
                "name": "BatchResetAlarm",
                "description": "Grants permission to reset one or more alarm instances",
                "access level": "Write",
                "resource types": [
                    "alarmModel*"
                ],
                "conditionKeys": "",
                "dependentActions": [
                    ""
                ]
            },
            {
                "name": "BatchSnoozeAlarm",
                "description": "Grants permission to change one or more alarm instances to the snooze mode",
                "access level": "Write",
                "resource types": [
                    "alarmModel*"
                ],
                "conditionKeys": "",
                "dependentActions": [
                    ""
                ]
            },
            {
                "name": "BatchUpdateDetector",
                "description": "Grants permission to update a detector instance within the AWS IoT Events system",
                "access level": "Write",
                "resource types": [
                    "detectorModel*"
                ],
                "conditionKeys": "",
                "dependentActions": [
                    ""
                ]
            },
            {
                "name": "CreateAlarmModel",
                "description": "Grants permission to create an alarm model to monitor an AWS IoT Events input attribute or an AWS IoT SiteWise asset property",
                "access level": "Write",
                "resource types": [
                    "alarmModel*"
                ],
                "conditionKeys": "",
                "dependentActions": [
                    ""
                ]
            },
            {
                "name": "CreateDetectorModel",
                "description": "Grants permission to create a detector model to monitor an AWS IoT Events input attribute",
                "access level": "Write",
                "resource types": [
                    "detectorModel*"
                ],
                "conditionKeys": "",
                "dependentActions": [
                    ""
                ]
            },
            {
                "name": "CreateInput",
                "description": "Grants permission to create an Input in IotEvents",
                "access level": "Write",
                "resource types": [
                    "input*"
                ],
                "conditionKeys": "",
                "dependentActions": [
                    ""
                ]
            },
            {
                "name": "DeleteAlarmModel",
                "description": "Grants permission to delete an alarm model",
                "access level": "Write",
                "resource types": [
                    "alarmModel*"
                ],
                "conditionKeys": "",
                "dependentActions": [
                    ""
                ]
            },
            {
                "name": "DeleteDetectorModel",
                "description": "Grants permission to delete a detector model",
                "access level": "Write",
                "resource types": [
                    "detectorModel*"
                ],
                "conditionKeys": "",
                "dependentActions": [
                    ""
                ]
            },
            {
                "name": "DeleteInput",
                "description": "Grants permission to delete an input",
                "access level": "Write",
                "resource types": [
                    "input*"
                ],
                "conditionKeys": "",
                "dependentActions": [
                    ""
                ]
            },
            {
                "name": "DescribeAlarm",
                "description": "Grants permission to retrieve information about an alarm instance",
                "access level": "Read",
                "resource types": [
                    "alarmModel*"
                ],
                "conditionKeys": "",
                "dependentActions": [
                    ""
                ]
            },
            {
                "name": "DescribeAlarmModel",
                "description": "Grants permission to retrieve information about an alarm model",
                "access level": "Read",
                "resource types": [
                    "alarmModel*"
                ],
                "conditionKeys": "",
                "dependentActions": [
                    ""
                ]
            },
            {
                "name": "DescribeDetector",
                "description": "Grants permission to retriev information about a detector instance",
                "access level": "Read",
                "resource types": [
                    "detectorModel*"
                ],
                "conditionKeys": "",
                "dependentActions": [
                    ""
                ]
            },
            {
                "name": "DescribeDetectorModel",
                "description": "Grants permission to retrieve information about a detector model",
                "access level": "Read",
                "resource types": [
                    "detectorModel*"
                ],
                "conditionKeys": "",
                "dependentActions": [
                    ""
                ]
            },
            {
                "name": "DescribeDetectorModelAnalysis",
                "description": "Grants permission to retrieve the detector model analysis information",
                "access level": "Read",
                "resource types": [
                    ""
                ],
                "conditionKeys": "",
                "dependentActions": [
                    ""
                ]
            },
            {
                "name": "DescribeInput",
                "description": "Grants permission to retrieve an information about Input",
                "access level": "Read",
                "resource types": [
                    "input*"
                ],
                "conditionKeys": "",
                "dependentActions": [
                    ""
                ]
            },
            {
                "name": "DescribeLoggingOptions",
                "description": "Grants permission to retrieve the current settings of the AWS IoT Events logging options",
                "access level": "Read",
                "resource types": [
                    ""
                ],
                "conditionKeys": "",
                "dependentActions": [
                    ""
                ]
            },
            {
                "name": "GetDetectorModelAnalysisResults",
                "description": "Grants permission to retrieve the detector model analysis results",
                "access level": "Read",
                "resource types": [
                    ""
                ],
                "conditionKeys": "",
                "dependentActions": [
                    ""
                ]
            },
            {
                "name": "ListAlarmModelVersions",
                "description": "Grants permission to list all the versions of an alarm model",
                "access level": "List",
                "resource types": [
                    "alarmModel*"
                ],
                "conditionKeys": "",
                "dependentActions": [
                    ""
                ]
            },
            {
                "name": "ListAlarmModels",
                "description": "Grants permission to list the alarm models that you created",
                "access level": "List",
                "resource types": [
                    ""
                ],
                "conditionKeys": "",
                "dependentActions": [
                    ""
                ]
            },
            {
                "name": "ListAlarms",
                "description": "Grants permission to retrieve information about all alarm instances per alarmModel",
                "access level": "List",
                "resource types": [
                    "alarmModel*"
                ],
                "conditionKeys": "",
                "dependentActions": [
                    ""
                ]
            },
            {
                "name": "ListDetectorModelVersions",
                "description": "Grants permission to list all the versions of a detector model",
                "access level": "List",
                "resource types": [
                    "detectorModel*"
                ],
                "conditionKeys": "",
                "dependentActions": [
                    ""
                ]
            },
            {
                "name": "ListDetectorModels",
                "description": "Grants permission to list the detector models that you created",
                "access level": "List",
                "resource types": [
                    ""
                ],
                "conditionKeys": "",
                "dependentActions": [
                    ""
                ]
            },
            {
                "name": "ListDetectors",
                "description": "Grants permission to retrieve information about all detector instances per detectormodel",
                "access level": "List",
                "resource types": [
                    "detectorModel*"
                ],
                "conditionKeys": "",
                "dependentActions": [
                    ""
                ]
            },
            {
                "name": "ListInputRoutings",
                "description": "Grants permission to list one or more input routings",
                "access level": "List",
                "resource types": [
                    ""
                ],
                "conditionKeys": "",
                "dependentActions": [
                    ""
                ]
            },
            {
                "name": "ListInputs",
                "description": "Grants permission to lists the inputs you have created",
                "access level": "List",
                "resource types": [
                    ""
                ],
                "conditionKeys": "",
                "dependentActions": [
                    ""
                ]
            },
            {
                "name": "ListTagsForResource",
                "description": "Grants permission to list the tags (metadata) which you have assigned to the resource",
                "access level": "Read",
                "resource types": [
                    "alarmModel"
                ],
                "conditionKeys": "",
                "dependentActions": [
                    ""
                ]
            },
            {
                "name": "PutLoggingOptions",
                "description": "Grants permission to set or update the AWS IoT Events logging options",
                "access level": "Write",
                "resource types": [
                    ""
                ],
                "conditionKeys": "",
                "dependentActions": [
                    ""
                ]
            },
            {
                "name": "StartDetectorModelAnalysis",
                "description": "Grants permission to start the detector model analysis",
                "access level": "Write",
                "resource types": [
                    ""
                ],
                "conditionKeys": "",
                "dependentActions": [
                    ""
                ]
            },
            {
                "name": "TagResource",
                "description": "Grants permission to adds to or modifies the tags of the given resource.Tags are metadata which can be used to manage a resource",
                "access level": "Tagging",
                "resource types": [
                    "alarmModel"
                ],
                "conditionKeys": "",
                "dependentActions": [
                    ""
                ]
            },
            {
                "name": "UntagResource",
                "description": "Grants permission to remove the given tags (metadata) from the resource",
                "access level": "Tagging",
                "resource types": [
                    "alarmModel"
                ],
                "conditionKeys": "",
                "dependentActions": [
                    ""
                ]
            },
            {
                "name": "UpdateAlarmModel",
                "description": "Grants permission to update an alarm model",
                "access level": "Write",
                "resource types": [
                    "alarmModel*"
                ],
                "conditionKeys": "",
                "dependentActions": [
                    ""
                ]
            },
            {
                "name": "UpdateDetectorModel",
                "description": "Grants permission to update a detector model",
                "access level": "Write",
                "resource types": [
                    "detectorModel*"
                ],
                "conditionKeys": "",
                "dependentActions": [
                    ""
                ]
            },
            {
                "name": "UpdateInput",
                "description": "Grants permission to update an input",
                "access level": "Write",
                "resource types": [
                    "input*"
                ],
                "conditionKeys": "",
                "dependentActions": [
                    ""
                ]
            },
            {
                "name": "UpdateInputRouting",
                "description": "Grants permission to update input routing",
                "access level": "Write",
                "resource types": [
                    "input*"
                ],
                "conditionKeys": "",
                "dependentActions": [
                    ""
                ]
            }
        ]
    },
    {
        "resources": [
            {
                "resource_type": "detectorModel",
                "ARN": "arn:${Partition}:iotevents:${Region}:${Account}:detectorModel/${DetectorModelName}",
                "conditionKeys": "aws:ResourceTag/${TagKey}"
            },
            {
                "resource_type": "alarmModel",
                "ARN": "arn:${Partition}:iotevents:${Region}:${Account}:alarmModel/${AlarmModelName}",
                "conditionKeys": "aws:ResourceTag/${TagKey}"
            },
            {
                "resource_type": "input",
                "ARN": "arn:${Partition}:iotevents:${Region}:${Account}:input/${InputName}",
                "conditionKeys": "aws:ResourceTag/${TagKey}"
            }
        ]
    },
    {
        "conditions": [
            {
                "Condition keys": "aws:RequestTag/${TagKey}",
                "Description": "Filters access by the tag key-value pairs in the request",
                "Type": "String"
            },
            {
                "Condition keys": "aws:ResourceTag/${TagKey}",
                "Description": "Filters access by the tags attached to the resource",
                "Type": "String"
            },
            {
                "Condition keys": "aws:TagKeys",
                "Description": "Filters actions by the tag keys in the request",
                "Type": "ArrayOfString"
            },
            {
                "Condition keys": "iotevents:keyValue",
                "Description": "Filters access by the instanceId (key-value) of the message",
                "Type": "String"
            }
        ]
    }
]