[
    {
        "prefix_item": "iotfleethub"
    },
    {
        "link": "https://docs.aws.amazon.com/service-authorization/latest/reference/./list_awsiotfleethubfordevicemanagement.html"
    },
    {
        "actions": [
            {
                "name": "CreateApplication",
                "description": "Grants permission to create an application",
                "access level": "Write",
                "resource types": [
                    ""
                ],
                "conditionKeys": "aws:RequestTag/${TagKey}\n\n\naws:TagKeys",
                "dependentActions": [
                    "sso:CreateManagedApplicationInstance\n                            \n\n                                sso:DescribeRegisteredRegions"
                ]
            },
            {
                "name": "DeleteApplication",
                "description": "Grants permission to delete an application",
                "access level": "Write",
                "resource types": [
                    "application*"
                ],
                "conditionKeys": "",
                "dependentActions": [
                    "sso:DeleteManagedApplicationInstance"
                ]
            },
            {
                "name": "DescribeApplication",
                "description": "Grants permission to describe an application",
                "access level": "Read",
                "resource types": [
                    "application*"
                ],
                "conditionKeys": "",
                "dependentActions": [
                    ""
                ]
            },
            {
                "name": "ListApplications",
                "description": "Grants permission to list all applications",
                "access level": "List",
                "resource types": [
                    ""
                ],
                "conditionKeys": "",
                "dependentActions": [
                    ""
                ]
            },
            {
                "name": "ListTagsForResource",
                "description": "Grants permission to list all tags for a resource",
                "access level": "Read",
                "resource types": [
                    "application"
                ],
                "conditionKeys": "",
                "dependentActions": [
                    ""
                ]
            },
            {
                "name": "TagResource",
                "description": "Grants permission to tag a resource",
                "access level": "Tagging",
                "resource types": [
                    "application"
                ],
                "conditionKeys": "",
                "dependentActions": [
                    ""
                ]
            },
            {
                "name": "UntagResource",
                "description": "Grants permission to untag a resource",
                "access level": "Tagging",
                "resource types": [
                    "application"
                ],
                "conditionKeys": "",
                "dependentActions": [
                    ""
                ]
            },
            {
                "name": "UpdateApplication",
                "description": "Grants permission to update an application",
                "access level": "Write",
                "resource types": [
                    "application*"
                ],
                "conditionKeys": "",
                "dependentActions": [
                    ""
                ]
            }
        ]
    },
    {
        "resources": [
            {
                "resource_type": "application",
                "ARN": "arn:${Partition}:iotfleethub:${Region}:${Account}:application/${ApplicationId}",
                "conditionKeys": "aws:ResourceTag/${TagKey}"
            }
        ]
    },
    {
        "conditions": [
            {
                "Condition keys": "aws:RequestTag/${TagKey}",
                "Description": "Filters access by the tag key-value pairs in the request",
                "Type": "String"
            },
            {
                "Condition keys": "aws:ResourceTag/${TagKey}",
                "Description": "Filters access by the tags attached to the resource",
                "Type": "String"
            },
            {
                "Condition keys": "aws:TagKeys",
                "Description": "Filters actions by the tag keys in the request",
                "Type": "ArrayOfString"
            }
        ]
    }
]