[
    {
        "prefix_item": "iotjobsdata"
    },
    {
        "link": "https://docs.aws.amazon.com/service-authorization/latest/reference/./list_awsiotjobsdataplane.html"
    },
    {
        "actions": [
            {
                "name": "DescribeJobExecution",
                "description": "Grants permission to describe a job execution",
                "access level": "Read",
                "resource types": [
                    "thing*"
                ],
                "conditionKeys": "",
                "dependentActions": [
                    ""
                ]
            },
            {
                "name": "GetPendingJobExecutions",
                "description": "Grants permission to get the list of all jobs for a thing that are not in a terminal state",
                "access level": "Read",
                "resource types": [
                    "thing*"
                ],
                "conditionKeys": "",
                "dependentActions": [
                    ""
                ]
            },
            {
                "name": "StartNextPendingJobExecution",
                "description": "Grants permission to get and start the next pending job execution for a thing",
                "access level": "Write",
                "resource types": [
                    "thing*"
                ],
                "conditionKeys": "",
                "dependentActions": [
                    ""
                ]
            },
            {
                "name": "UpdateJobExecution",
                "description": "Grants permission to update a job execution",
                "access level": "Write",
                "resource types": [
                    "thing*"
                ],
                "conditionKeys": "",
                "dependentActions": [
                    ""
                ]
            }
        ]
    },
    {
        "resources": [
            {
                "resource_type": "thing",
                "ARN": "arn:${Partition}:iot:${Region}:${Account}:thing/${ThingName}",
                "conditionKeys": ""
            }
        ]
    },
    {
        "conditions": [
            {
                "Condition keys": "iot:JobId",
                "Description": "Filters access by jobId for iotjobsdata:DescribeJobExecution and iotjobsdata:UpdateJobExecution APIs",
                "Type": "String"
            }
        ]
    }
]