[
    {
        "prefix_item": "iq-permission"
    },
    {
        "link": "https://docs.aws.amazon.com/service-authorization/latest/reference/./list_awsiqpermissions.html"
    },
    {
        "actions": [
            {
                "name": "ApproveAccessGrant",
                "description": "Grants permission to approve a permission request",
                "access level": "Write",
                "resource types": [
                    "permission*"
                ],
                "conditionKeys": "",
                "dependentActions": [
                    ""
                ]
            },
            {
                "name": "ApprovePermissionRequest",
                "description": "Grants permission to approve a permission request",
                "access level": "Write",
                "resource types": [
                    "permission*"
                ],
                "conditionKeys": "",
                "dependentActions": [
                    ""
                ]
            },
            {
                "name": "CreatePermissionRequest",
                "description": "Grants permission to create a permission request",
                "access level": "Write",
                "resource types": [
                    "permission*"
                ],
                "conditionKeys": "",
                "dependentActions": [
                    ""
                ]
            },
            {
                "name": "GetPermissionRequest",
                "description": "Grants permission to get a permission request",
                "access level": "Read",
                "resource types": [
                    "permission*"
                ],
                "conditionKeys": "",
                "dependentActions": [
                    ""
                ]
            },
            {
                "name": "ListPermissionRequests",
                "description": "Grants permission to list permission requests",
                "access level": "Read",
                "resource types": [
                    "permission*"
                ],
                "conditionKeys": "",
                "dependentActions": [
                    ""
                ]
            },
            {
                "name": "RejectPermissionRequest",
                "description": "Grants permission to reject a permission request",
                "access level": "Write",
                "resource types": [
                    "permission*"
                ],
                "conditionKeys": "",
                "dependentActions": [
                    ""
                ]
            },
            {
                "name": "RevokePermissionRequest",
                "description": "Grants permission to revoke a permission request which was previously approved",
                "access level": "Write",
                "resource types": [
                    "permission*"
                ],
                "conditionKeys": "",
                "dependentActions": [
                    ""
                ]
            },
            {
                "name": "WithdrawPermissionRequest",
                "description": "Grants permission to withdraw a permission request that has not been approved or declined",
                "access level": "Write",
                "resource types": [
                    "permission*"
                ],
                "conditionKeys": "",
                "dependentActions": [
                    ""
                ]
            }
        ]
    },
    {
        "resources": [
            {
                "resource_type": "permission",
                "ARN": "arn:${Partition}:iq-permission:${Region}::permission/${PermissionRequestId}",
                "conditionKeys": ""
            }
        ]
    }
]