[
    {
        "prefix_item": "iq"
    },
    {
        "link": "https://docs.aws.amazon.com/service-authorization/latest/reference/./list_awsiq.html"
    },
    {
        "actions": [
            {
                "name": "AcceptCall",
                "description": "Grants permission to accept an incoming voice/video call",
                "access level": "Write",
                "resource types": [
                    "call*"
                ],
                "conditionKeys": "",
                "dependentActions": [
                    ""
                ]
            },
            {
                "name": "ApprovePaymentRequest",
                "description": "Grants permission to approve a payment request",
                "access level": "Write",
                "resource types": [
                    "paymentRequest*"
                ],
                "conditionKeys": "",
                "dependentActions": [
                    ""
                ]
            },
            {
                "name": "ApproveProposal",
                "description": "Grants permission to approve a proposal",
                "access level": "Write",
                "resource types": [
                    "proposal*"
                ],
                "conditionKeys": "",
                "dependentActions": [
                    ""
                ]
            },
            {
                "name": "ArchiveConversation",
                "description": "Grants permission to archive a conversation",
                "access level": "Write",
                "resource types": [
                    "conversation*"
                ],
                "conditionKeys": "",
                "dependentActions": [
                    ""
                ]
            },
            {
                "name": "CompleteProposal",
                "description": "Grants permission to complete a proposal",
                "access level": "Write",
                "resource types": [
                    "proposal*"
                ],
                "conditionKeys": "",
                "dependentActions": [
                    ""
                ]
            },
            {
                "name": "CreateConversation",
                "description": "Grants permission to respond to a request or send a direct message to initiate a conversation",
                "access level": "Write",
                "resource types": [
                    ""
                ],
                "conditionKeys": "",
                "dependentActions": [
                    ""
                ]
            },
            {
                "name": "CreateExpert",
                "description": "Grants permission to create an expert profile",
                "access level": "Write",
                "resource types": [
                    ""
                ],
                "conditionKeys": "",
                "dependentActions": [
                    ""
                ]
            },
            {
                "name": "CreateListing",
                "description": "Grants permission to create a listing",
                "access level": "Write",
                "resource types": [
                    ""
                ],
                "conditionKeys": "",
                "dependentActions": [
                    ""
                ]
            },
            {
                "name": "CreateMilestoneProposal",
                "description": "Grants permission to create a milestone proposal",
                "access level": "Write",
                "resource types": [
                    ""
                ],
                "conditionKeys": "",
                "dependentActions": [
                    ""
                ]
            },
            {
                "name": "CreatePaymentRequest",
                "description": "Grants permission to create a payment request",
                "access level": "Write",
                "resource types": [
                    ""
                ],
                "conditionKeys": "",
                "dependentActions": [
                    ""
                ]
            },
            {
                "name": "CreateProject",
                "description": "Grants permission to submit new requests",
                "access level": "Write",
                "resource types": [
                    ""
                ],
                "conditionKeys": "",
                "dependentActions": [
                    ""
                ]
            },
            {
                "name": "CreateRequest",
                "description": "Grants permission to submit new requests",
                "access level": "Write",
                "resource types": [
                    ""
                ],
                "conditionKeys": "",
                "dependentActions": [
                    ""
                ]
            },
            {
                "name": "CreateScheduledProposal",
                "description": "Grants permission to create a scheduled proposal",
                "access level": "Write",
                "resource types": [
                    ""
                ],
                "conditionKeys": "",
                "dependentActions": [
                    ""
                ]
            },
            {
                "name": "CreateSeller",
                "description": "Grants permission to create a seller profile",
                "access level": "Write",
                "resource types": [
                    ""
                ],
                "conditionKeys": "",
                "dependentActions": [
                    ""
                ]
            },
            {
                "name": "CreateUpfrontProposal",
                "description": "Grants permission to create an upfront proposal",
                "access level": "Write",
                "resource types": [
                    ""
                ],
                "conditionKeys": "",
                "dependentActions": [
                    ""
                ]
            },
            {
                "name": "DeclineCall",
                "description": "Grants permission to decline an incoming voice/video call",
                "access level": "Write",
                "resource types": [
                    "call*"
                ],
                "conditionKeys": "",
                "dependentActions": [
                    ""
                ]
            },
            {
                "name": "DeleteAttachment",
                "description": "Grants permission to delete an existing attachment",
                "access level": "Write",
                "resource types": [
                    "attachment*"
                ],
                "conditionKeys": "",
                "dependentActions": [
                    ""
                ]
            },
            {
                "name": "DownloadAttachment",
                "description": "Grants permission to download existing attachment",
                "access level": "Read",
                "resource types": [
                    "attachment*"
                ],
                "conditionKeys": "",
                "dependentActions": [
                    ""
                ]
            },
            {
                "name": "EndCall",
                "description": "Grants permission to end a voice/video call",
                "access level": "Write",
                "resource types": [
                    "call*"
                ],
                "conditionKeys": "",
                "dependentActions": [
                    ""
                ]
            },
            {
                "name": "GetBuyer",
                "description": "Grants permission to read buyer information",
                "access level": "Read",
                "resource types": [
                    "buyer*"
                ],
                "conditionKeys": "",
                "dependentActions": [
                    ""
                ]
            },
            {
                "name": "GetCall",
                "description": "Grants permission to read details of a voice/video call",
                "access level": "Read",
                "resource types": [
                    "call*"
                ],
                "conditionKeys": "",
                "dependentActions": [
                    ""
                ]
            },
            {
                "name": "GetChatInfo",
                "description": "Grants permission to read the chat environment details about a conversation",
                "access level": "Read",
                "resource types": [
                    "conversation*"
                ],
                "conditionKeys": "",
                "dependentActions": [
                    ""
                ]
            },
            {
                "name": "GetChatMessages",
                "description": "Grants permission to read chat messages in a conversation",
                "access level": "Read",
                "resource types": [
                    "conversation*"
                ],
                "conditionKeys": "",
                "dependentActions": [
                    ""
                ]
            },
            {
                "name": "GetChatToken",
                "description": "Grants permission to request a websocket token for the conversation notifications",
                "access level": "Read",
                "resource types": [
                    "token*"
                ],
                "conditionKeys": "",
                "dependentActions": [
                    ""
                ]
            },
            {
                "name": "GetCompanyProfile",
                "description": "Grants permission to read a company profile",
                "access level": "Read",
                "resource types": [
                    "company*"
                ],
                "conditionKeys": "",
                "dependentActions": [
                    ""
                ]
            },
            {
                "name": "GetConversation",
                "description": "Grants permission to read details of a conversation",
                "access level": "Read",
                "resource types": [
                    "conversation*"
                ],
                "conditionKeys": "",
                "dependentActions": [
                    ""
                ]
            },
            {
                "name": "GetExpert",
                "description": "Grants permission to read expert information",
                "access level": "Read",
                "resource types": [
                    "expert*"
                ],
                "conditionKeys": "",
                "dependentActions": [
                    ""
                ]
            },
            {
                "name": "GetListing",
                "description": "Grants permission to read a listing",
                "access level": "Read",
                "resource types": [
                    "listing*"
                ],
                "conditionKeys": "",
                "dependentActions": [
                    ""
                ]
            },
            {
                "name": "GetMarketplaceSeller",
                "description": "Grants permission to read a seller profile information",
                "access level": "Read",
                "resource types": [
                    "seller*"
                ],
                "conditionKeys": "",
                "dependentActions": [
                    ""
                ]
            },
            {
                "name": "GetPaymentRequest",
                "description": "Grants permission to read a payment request",
                "access level": "Read",
                "resource types": [
                    "paymentRequest*"
                ],
                "conditionKeys": "",
                "dependentActions": [
                    ""
                ]
            },
            {
                "name": "GetProposal",
                "description": "Grants permission to read a proposal",
                "access level": "Read",
                "resource types": [
                    "proposal*"
                ],
                "conditionKeys": "",
                "dependentActions": [
                    ""
                ]
            },
            {
                "name": "GetRequest",
                "description": "Grants permission to get a created request",
                "access level": "Read",
                "resource types": [
                    "request*"
                ],
                "conditionKeys": "",
                "dependentActions": [
                    ""
                ]
            },
            {
                "name": "GetReview",
                "description": "Grants permission to read a review for an expert",
                "access level": "Read",
                "resource types": [
                    "seller*"
                ],
                "conditionKeys": "",
                "dependentActions": [
                    ""
                ]
            },
            {
                "name": "HideRequest",
                "description": "Grants permission to hide a request",
                "access level": "Write",
                "resource types": [
                    "request*"
                ],
                "conditionKeys": "",
                "dependentActions": [
                    ""
                ]
            },
            {
                "name": "InitiateCall",
                "description": "Grants permission to start a voice/video call",
                "access level": "Write",
                "resource types": [
                    ""
                ],
                "conditionKeys": "",
                "dependentActions": [
                    ""
                ]
            },
            {
                "name": "ListAttachments",
                "description": "Grants permission to list existing attachments",
                "access level": "List",
                "resource types": [
                    "attachment*"
                ],
                "conditionKeys": "",
                "dependentActions": [
                    ""
                ]
            },
            {
                "name": "ListConversations",
                "description": "Grants permission to list existing conversations",
                "access level": "Read",
                "resource types": [
                    "conversation*"
                ],
                "conditionKeys": "",
                "dependentActions": [
                    ""
                ]
            },
            {
                "name": "ListListings",
                "description": "Grants permission to list listings",
                "access level": "Read",
                "resource types": [
                    "listing*"
                ],
                "conditionKeys": "",
                "dependentActions": [
                    ""
                ]
            },
            {
                "name": "ListPaymentRequests",
                "description": "Grants permission to list payment requests",
                "access level": "Read",
                "resource types": [
                    "paymentRequest"
                ],
                "conditionKeys": "",
                "dependentActions": [
                    ""
                ]
            },
            {
                "name": "ListProposals",
                "description": "Grants permission to list proposals",
                "access level": "Read",
                "resource types": [
                    "proposal*"
                ],
                "conditionKeys": "",
                "dependentActions": [
                    ""
                ]
            },
            {
                "name": "ListRequests",
                "description": "Grants permission to list requests that are created",
                "access level": "Read",
                "resource types": [
                    "request*"
                ],
                "conditionKeys": "",
                "dependentActions": [
                    ""
                ]
            },
            {
                "name": "ListReviews",
                "description": "Grants permission to list reviews for an expert",
                "access level": "Read",
                "resource types": [
                    "seller*"
                ],
                "conditionKeys": "",
                "dependentActions": [
                    ""
                ]
            },
            {
                "name": "MarkChatMessageRead",
                "description": "Grants permission to mark a message as read in a conversation",
                "access level": "Write",
                "resource types": [
                    "conversation*"
                ],
                "conditionKeys": "",
                "dependentActions": [
                    ""
                ]
            },
            {
                "name": "RejectPaymentRequest",
                "description": "Grants permission to reject a payment request",
                "access level": "Write",
                "resource types": [
                    "paymentRequest*"
                ],
                "conditionKeys": "",
                "dependentActions": [
                    ""
                ]
            },
            {
                "name": "RejectProposal",
                "description": "Grants permission to reject a proposal",
                "access level": "Write",
                "resource types": [
                    "proposal*"
                ],
                "conditionKeys": "",
                "dependentActions": [
                    ""
                ]
            },
            {
                "name": "SendCompanyChatMessage",
                "description": "Grants permission to send a message in a conversation as a company",
                "access level": "Write",
                "resource types": [
                    "conversation*"
                ],
                "conditionKeys": "",
                "dependentActions": [
                    ""
                ]
            },
            {
                "name": "SendIndividualChatMessage",
                "description": "Grants permission to send a message in a conversation as an individual",
                "access level": "Write",
                "resource types": [
                    "conversation*"
                ],
                "conditionKeys": "",
                "dependentActions": [
                    ""
                ]
            },
            {
                "name": "UnarchiveConversation",
                "description": "Grants permission to unarchive a conversation",
                "access level": "Write",
                "resource types": [
                    "conversation*"
                ],
                "conditionKeys": "",
                "dependentActions": [
                    ""
                ]
            },
            {
                "name": "UpdateCompanyProfile",
                "description": "Grants permission to update a company profile",
                "access level": "Write",
                "resource types": [
                    "company*"
                ],
                "conditionKeys": "",
                "dependentActions": [
                    ""
                ]
            },
            {
                "name": "UpdateConversationMembers",
                "description": "Grants permission to add more participants into a conversation",
                "access level": "Write",
                "resource types": [
                    "conversation*"
                ],
                "conditionKeys": "",
                "dependentActions": [
                    ""
                ]
            },
            {
                "name": "UpdateExpert",
                "description": "Grants permission to update an expert information",
                "access level": "Write",
                "resource types": [
                    "expert*"
                ],
                "conditionKeys": "",
                "dependentActions": [
                    ""
                ]
            },
            {
                "name": "UpdateListing",
                "description": "Grants permission to update a listing",
                "access level": "Write",
                "resource types": [
                    "listing*"
                ],
                "conditionKeys": "",
                "dependentActions": [
                    ""
                ]
            },
            {
                "name": "UpdateRequest",
                "description": "Grants permission to update a request",
                "access level": "Write",
                "resource types": [
                    "request*"
                ],
                "conditionKeys": "",
                "dependentActions": [
                    ""
                ]
            },
            {
                "name": "UploadAttachment",
                "description": "Grants permission to upload an attachment",
                "access level": "Write",
                "resource types": [
                    ""
                ],
                "conditionKeys": "",
                "dependentActions": [
                    ""
                ]
            },
            {
                "name": "WithdrawPaymentRequest",
                "description": "Grants permission to withdraw a payment request",
                "access level": "Write",
                "resource types": [
                    "paymentRequest*"
                ],
                "conditionKeys": "",
                "dependentActions": [
                    ""
                ]
            },
            {
                "name": "WithdrawProposal",
                "description": "Grants permission to withdraw a proposal",
                "access level": "Write",
                "resource types": [
                    "proposal*"
                ],
                "conditionKeys": "",
                "dependentActions": [
                    ""
                ]
            },
            {
                "name": "WriteReview",
                "description": "Grants permission to write a review for an expert",
                "access level": "Write",
                "resource types": [
                    "seller*"
                ],
                "conditionKeys": "",
                "dependentActions": [
                    ""
                ]
            }
        ]
    },
    {
        "resources": [
            {
                "resource_type": "conversation",
                "ARN": "arn:${Partition}:iq:${Region}::conversation/${ConversationId}",
                "conditionKeys": ""
            },
            {
                "resource_type": "buyer",
                "ARN": "arn:${Partition}:iq:${Region}::buyer/${BuyerId}",
                "conditionKeys": ""
            },
            {
                "resource_type": "expert",
                "ARN": "arn:${Partition}:iq:${Region}::expert/${ExpertId}",
                "conditionKeys": ""
            },
            {
                "resource_type": "call",
                "ARN": "arn:${Partition}:iq:${Region}::call/${CallId}",
                "conditionKeys": ""
            },
            {
                "resource_type": "token",
                "ARN": "arn:${Partition}:iq:${Region}::token/${TokenId}",
                "conditionKeys": ""
            },
            {
                "resource_type": "proposal",
                "ARN": "arn:${Partition}:iq:${Region}::proposal/${ConversationId}/${ProposalId}",
                "conditionKeys": ""
            },
            {
                "resource_type": "paymentRequest",
                "ARN": "arn:${Partition}:iq:${Region}::paymentRequest/${ConversationId}/${ProposalId}/${PaymentRequestId}",
                "conditionKeys": ""
            },
            {
                "resource_type": "paymentSchedule",
                "ARN": "arn:${Partition}:iq:${Region}::paymentSchedule/${ConversationId}/${ProposalId}/${VersionId}",
                "conditionKeys": ""
            },
            {
                "resource_type": "seller",
                "ARN": "arn:${Partition}:iq:${Region}::seller/${SellerAwsAccountId}",
                "conditionKeys": ""
            },
            {
                "resource_type": "company",
                "ARN": "arn:${Partition}:iq:${Region}::company/${CompanyId}",
                "conditionKeys": ""
            },
            {
                "resource_type": "request",
                "ARN": "arn:${Partition}:iq:${Region}::request/${RequestId}",
                "conditionKeys": ""
            },
            {
                "resource_type": "listing",
                "ARN": "arn:${Partition}:iq:${Region}::listing/${ListingId}",
                "conditionKeys": ""
            },
            {
                "resource_type": "attachment",
                "ARN": "arn:${Partition}:iq:${Region}::attachment/${AttachmentId}",
                "conditionKeys": ""
            }
        ]
    }
]