[
    {
        "prefix_item": "ivs"
    },
    {
        "link": "https://docs.aws.amazon.com/service-authorization/latest/reference/./list_amazoninteractivevideoservice.html"
    },
    {
        "actions": [
            {
                "name": "BatchGetChannel",
                "description": "Grants permission to get multiple channels simultaneously by channel ARN",
                "access level": "Read",
                "resource types": [
                    "Channel*"
                ],
                "conditionKeys": "",
                "dependentActions": [
                    ""
                ]
            },
            {
                "name": "BatchGetStreamKey",
                "description": "Grants permission to get multiple stream keys simultaneously by stream key ARN",
                "access level": "Read",
                "resource types": [
                    "Stream-Key*"
                ],
                "conditionKeys": "",
                "dependentActions": [
                    ""
                ]
            },
            {
                "name": "CreateChannel",
                "description": "Grants permission to create a new channel and an associated stream key",
                "access level": "Write",
                "resource types": [
                    "Channel*"
                ],
                "conditionKeys": "",
                "dependentActions": [
                    ""
                ]
            },
            {
                "name": "CreateParticipantToken",
                "description": "Grants permission to create a participant token",
                "access level": "Write",
                "resource types": [
                    "Stage*"
                ],
                "conditionKeys": "",
                "dependentActions": [
                    ""
                ]
            },
            {
                "name": "CreateRecordingConfiguration",
                "description": "Grants permission to create a a new recording configuration",
                "access level": "Write",
                "resource types": [
                    "Recording-Configuration*"
                ],
                "conditionKeys": "",
                "dependentActions": [
                    ""
                ]
            },
            {
                "name": "CreateStage",
                "description": "Grants permission to create a stage",
                "access level": "Write",
                "resource types": [
                    "Stage*"
                ],
                "conditionKeys": "",
                "dependentActions": [
                    ""
                ]
            },
            {
                "name": "CreateStreamKey",
                "description": "Grants permission to create a stream key",
                "access level": "Write",
                "resource types": [
                    "Stream-Key*"
                ],
                "conditionKeys": "",
                "dependentActions": [
                    ""
                ]
            },
            {
                "name": "DeleteChannel",
                "description": "Grants permission to delete a channel and channel's stream keys",
                "access level": "Write",
                "resource types": [
                    "Channel*"
                ],
                "conditionKeys": "",
                "dependentActions": [
                    ""
                ]
            },
            {
                "name": "DeletePlaybackKeyPair",
                "description": "Grants permission to delete the playback key pair for a specified ARN",
                "access level": "Write",
                "resource types": [
                    "Playback-Key-Pair*"
                ],
                "conditionKeys": "",
                "dependentActions": [
                    ""
                ]
            },
            {
                "name": "DeleteRecordingConfiguration",
                "description": "Grants permission to delete a recording configuration for the specified ARN",
                "access level": "Write",
                "resource types": [
                    "Recording-Configuration*"
                ],
                "conditionKeys": "",
                "dependentActions": [
                    ""
                ]
            },
            {
                "name": "DeleteStage",
                "description": "Grants permission to delete the stage for a specified ARN",
                "access level": "Write",
                "resource types": [
                    "Stage*"
                ],
                "conditionKeys": "",
                "dependentActions": [
                    ""
                ]
            },
            {
                "name": "DeleteStreamKey",
                "description": "Grants permission to delete the stream key for a specified ARN",
                "access level": "Write",
                "resource types": [
                    "Stream-Key*"
                ],
                "conditionKeys": "",
                "dependentActions": [
                    ""
                ]
            },
            {
                "name": "DisconnectParticipant",
                "description": "Grants permission to disconnect a participant from for the specified stage ARN",
                "access level": "Write",
                "resource types": [
                    "Stage*"
                ],
                "conditionKeys": "",
                "dependentActions": [
                    ""
                ]
            },
            {
                "name": "GetChannel",
                "description": "Grants permission to get the channel configuration for a specified channel ARN",
                "access level": "Read",
                "resource types": [
                    "Channel*"
                ],
                "conditionKeys": "",
                "dependentActions": [
                    ""
                ]
            },
            {
                "name": "GetPlaybackKeyPair",
                "description": "Grants permission to get the playback keypair information for a specified ARN",
                "access level": "Read",
                "resource types": [
                    "Playback-Key-Pair*"
                ],
                "conditionKeys": "",
                "dependentActions": [
                    ""
                ]
            },
            {
                "name": "GetRecordingConfiguration",
                "description": "Grants permission to get the recording configuration for the specified ARN",
                "access level": "Read",
                "resource types": [
                    "Recording-Configuration*"
                ],
                "conditionKeys": "",
                "dependentActions": [
                    ""
                ]
            },
            {
                "name": "GetStage",
                "description": "Grants permission to get stage information for a specified ARN",
                "access level": "Read",
                "resource types": [
                    "Stage*"
                ],
                "conditionKeys": "",
                "dependentActions": [
                    ""
                ]
            },
            {
                "name": "GetStream",
                "description": "Grants permission to get information about the active (live) stream on a specified channel",
                "access level": "Read",
                "resource types": [
                    "Channel*"
                ],
                "conditionKeys": "",
                "dependentActions": [
                    ""
                ]
            },
            {
                "name": "GetStreamKey",
                "description": "Grants permission to get stream-key information for a specified ARN",
                "access level": "Read",
                "resource types": [
                    "Stream-Key*"
                ],
                "conditionKeys": "",
                "dependentActions": [
                    ""
                ]
            },
            {
                "name": "GetStreamSession",
                "description": "Grants permission to get information about the stream session on a specified channel",
                "access level": "Read",
                "resource types": [
                    "Channel*"
                ],
                "conditionKeys": "",
                "dependentActions": [
                    ""
                ]
            },
            {
                "name": "ImportPlaybackKeyPair",
                "description": "Grants permission to import the public key",
                "access level": "Write",
                "resource types": [
                    "Playback-Key-Pair*"
                ],
                "conditionKeys": "",
                "dependentActions": [
                    ""
                ]
            },
            {
                "name": "ListChannels",
                "description": "Grants permission to get summary information about channels",
                "access level": "List",
                "resource types": [
                    "Channel*"
                ],
                "conditionKeys": "",
                "dependentActions": [
                    ""
                ]
            },
            {
                "name": "ListPlaybackKeyPairs",
                "description": "Grants permission to get summary information about playback key pairs",
                "access level": "List",
                "resource types": [
                    "Playback-Key-Pair*"
                ],
                "conditionKeys": "",
                "dependentActions": [
                    ""
                ]
            },
            {
                "name": "ListRecordingConfigurations",
                "description": "Grants permission to get summary information about recording configurations",
                "access level": "List",
                "resource types": [
                    "Recording-Configuration*"
                ],
                "conditionKeys": "",
                "dependentActions": [
                    ""
                ]
            },
            {
                "name": "ListStages",
                "description": "Grants permission to get summary information about stages",
                "access level": "List",
                "resource types": [
                    "Stage*"
                ],
                "conditionKeys": "",
                "dependentActions": [
                    ""
                ]
            },
            {
                "name": "ListStreamKeys",
                "description": "Grants permission to get summary information about stream keys",
                "access level": "List",
                "resource types": [
                    "Channel*"
                ],
                "conditionKeys": "",
                "dependentActions": [
                    ""
                ]
            },
            {
                "name": "ListStreamSessions",
                "description": "Grants permission to get summary information about streams sessions on a specified channel",
                "access level": "List",
                "resource types": [
                    "Channel*"
                ],
                "conditionKeys": "",
                "dependentActions": [
                    ""
                ]
            },
            {
                "name": "ListStreams",
                "description": "Grants permission to get summary information about live streams",
                "access level": "List",
                "resource types": [
                    "Channel*"
                ],
                "conditionKeys": "",
                "dependentActions": [
                    ""
                ]
            },
            {
                "name": "ListTagsForResource",
                "description": "Grants permission to get information about the tags for a specified ARN",
                "access level": "Read",
                "resource types": [
                    "Channel"
                ],
                "conditionKeys": "",
                "dependentActions": [
                    ""
                ]
            },
            {
                "name": "PutMetadata",
                "description": "Grants permission to insert metadata into an RTMP stream for a specified channel",
                "access level": "Write",
                "resource types": [
                    "Channel*"
                ],
                "conditionKeys": "",
                "dependentActions": [
                    ""
                ]
            },
            {
                "name": "StopStream",
                "description": "Grants permission to disconnect a streamer on a specified channel",
                "access level": "Write",
                "resource types": [
                    "Channel*"
                ],
                "conditionKeys": "",
                "dependentActions": [
                    ""
                ]
            },
            {
                "name": "TagResource",
                "description": "Grants permission to add or update tags for a resource with a specified ARN",
                "access level": "Tagging",
                "resource types": [
                    "Channel"
                ],
                "conditionKeys": "",
                "dependentActions": [
                    ""
                ]
            },
            {
                "name": "UntagResource",
                "description": "Grants permission to remove tags for a resource with a specified ARN",
                "access level": "Tagging",
                "resource types": [
                    "Channel"
                ],
                "conditionKeys": "",
                "dependentActions": [
                    ""
                ]
            },
            {
                "name": "UpdateChannel",
                "description": "Grants permission to update a channel's configuration",
                "access level": "Write",
                "resource types": [
                    "Channel*"
                ],
                "conditionKeys": "",
                "dependentActions": [
                    ""
                ]
            },
            {
                "name": "UpdateStage",
                "description": "Grants permission to update a stage's configuration",
                "access level": "Write",
                "resource types": [
                    "Stage*"
                ],
                "conditionKeys": "",
                "dependentActions": [
                    ""
                ]
            }
        ]
    },
    {
        "resources": [
            {
                "resource_type": "Channel",
                "ARN": "arn:${Partition}:ivs:${Region}:${Account}:channel/${ResourceId}",
                "conditionKeys": "aws:ResourceTag/${TagKey}"
            },
            {
                "resource_type": "Stream-Key",
                "ARN": "arn:${Partition}:ivs:${Region}:${Account}:stream-key/${ResourceId}",
                "conditionKeys": "aws:ResourceTag/${TagKey}"
            },
            {
                "resource_type": "Playback-Key-Pair",
                "ARN": "arn:${Partition}:ivs:${Region}:${Account}:playback-key/${ResourceId}",
                "conditionKeys": "aws:ResourceTag/${TagKey}"
            },
            {
                "resource_type": "Recording-Configuration",
                "ARN": "arn:${Partition}:ivs:${Region}:${Account}:recording-configuration/${ResourceId}",
                "conditionKeys": "aws:ResourceTag/${TagKey}"
            },
            {
                "resource_type": "Stage",
                "ARN": "arn:${Partition}:ivs:${Region}:${Account}:stage/${ResourceId}",
                "conditionKeys": "aws:ResourceTag/${TagKey}"
            }
        ]
    },
    {
        "conditions": [
            {
                "Condition keys": "aws:RequestTag/${TagKey}",
                "Description": "Filters access by the tags associated with the request",
                "Type": "String"
            },
            {
                "Condition keys": "aws:ResourceTag/${TagKey}",
                "Description": "Filters access by the tags associated with the resource",
                "Type": "String"
            },
            {
                "Condition keys": "aws:TagKeys",
                "Description": "Filters access by the tag keys that are passed in the request",
                "Type": "ArrayOfString"
            }
        ]
    }
]