[
    {
        "prefix_item": "ivschat"
    },
    {
        "link": "https://docs.aws.amazon.com/service-authorization/latest/reference/./list_amazoninteractivevideoservicechat.html"
    },
    {
        "actions": [
            {
                "name": "CreateChatToken",
                "description": "Grants permission to create an encrypted token that is used to establish an individual WebSocket connection to a room",
                "access level": "Write",
                "resource types": [
                    "Room*"
                ],
                "conditionKeys": "",
                "dependentActions": [
                    ""
                ]
            },
            {
                "name": "CreateLoggingConfiguration",
                "description": "Grants permission to create a logging configuration that allows clients to record room messages",
                "access level": "Write",
                "resource types": [
                    "Logging-Configuration*"
                ],
                "conditionKeys": "",
                "dependentActions": [
                    ""
                ]
            },
            {
                "name": "CreateRoom",
                "description": "Grants permission to create a room that allows clients to connect and pass messages",
                "access level": "Write",
                "resource types": [
                    "Room*"
                ],
                "conditionKeys": "",
                "dependentActions": [
                    ""
                ]
            },
            {
                "name": "DeleteLoggingConfiguration",
                "description": "Grants permission to delete the logging configuration for a specified logging configuration ARN",
                "access level": "Write",
                "resource types": [
                    "Logging-Configuration*"
                ],
                "conditionKeys": "",
                "dependentActions": [
                    ""
                ]
            },
            {
                "name": "DeleteMessage",
                "description": "Grants permission to send an event to a specific room which directs clients to delete a specific message",
                "access level": "Write",
                "resource types": [
                    "Room*"
                ],
                "conditionKeys": "",
                "dependentActions": [
                    ""
                ]
            },
            {
                "name": "DeleteRoom",
                "description": "Grants permission to delete the room for a specified room ARN",
                "access level": "Write",
                "resource types": [
                    "Room*"
                ],
                "conditionKeys": "",
                "dependentActions": [
                    ""
                ]
            },
            {
                "name": "DisconnectUser",
                "description": "Grants permission to disconnect all connections using a specified user ID from a room",
                "access level": "Write",
                "resource types": [
                    "Room*"
                ],
                "conditionKeys": "",
                "dependentActions": [
                    ""
                ]
            },
            {
                "name": "GetLoggingConfiguration",
                "description": "Grants permission to get the logging configuration for a specified logging configuration ARN",
                "access level": "Read",
                "resource types": [
                    "Logging-Configuration*"
                ],
                "conditionKeys": "",
                "dependentActions": [
                    ""
                ]
            },
            {
                "name": "GetRoom",
                "description": "Grants permission to get the room configuration for a specified room ARN",
                "access level": "Read",
                "resource types": [
                    "Room*"
                ],
                "conditionKeys": "",
                "dependentActions": [
                    ""
                ]
            },
            {
                "name": "ListLoggingConfigurations",
                "description": "Grants permission to get summary information about logging configurations",
                "access level": "List",
                "resource types": [
                    "Logging-Configuration*"
                ],
                "conditionKeys": "",
                "dependentActions": [
                    ""
                ]
            },
            {
                "name": "ListRooms",
                "description": "Grants permission to get summary information about rooms",
                "access level": "List",
                "resource types": [
                    "Room*"
                ],
                "conditionKeys": "",
                "dependentActions": [
                    ""
                ]
            },
            {
                "name": "ListTagsForResource",
                "description": "Grants permission to get information about the tags for a specified ARN",
                "access level": "Read",
                "resource types": [
                    "Room"
                ],
                "conditionKeys": "",
                "dependentActions": [
                    ""
                ]
            },
            {
                "name": "SendEvent",
                "description": "Grants permission to send an event to a room",
                "access level": "Write",
                "resource types": [
                    "Room*"
                ],
                "conditionKeys": "",
                "dependentActions": [
                    ""
                ]
            },
            {
                "name": "TagResource",
                "description": "Grants permission to add or update tags for a resource with a specified ARN",
                "access level": "Tagging",
                "resource types": [
                    "Logging-Configuration"
                ],
                "conditionKeys": "",
                "dependentActions": [
                    ""
                ]
            },
            {
                "name": "UntagResource",
                "description": "Grants permission to remove tags for a resource with a specified ARN",
                "access level": "Tagging",
                "resource types": [
                    "Logging-Configuration"
                ],
                "conditionKeys": "",
                "dependentActions": [
                    ""
                ]
            },
            {
                "name": "UpdateLoggingConfiguration",
                "description": "Grants permission to update the logging configuration for a specified logging configuration ARN",
                "access level": "Write",
                "resource types": [
                    "Logging-Configuration*"
                ],
                "conditionKeys": "",
                "dependentActions": [
                    ""
                ]
            },
            {
                "name": "UpdateRoom",
                "description": "Grants permission to update the room configuration for a specified room ARN",
                "access level": "Write",
                "resource types": [
                    "Room*"
                ],
                "conditionKeys": "",
                "dependentActions": [
                    ""
                ]
            }
        ]
    },
    {
        "resources": [
            {
                "resource_type": "Room",
                "ARN": "arn:${Partition}:ivschat:${Region}:${Account}:room/${ResourceId}",
                "conditionKeys": "aws:ResourceTag/${TagKey}"
            },
            {
                "resource_type": "Logging-Configuration",
                "ARN": "arn:${Partition}:ivschat:${Region}:${Account}:logging-configuration/${ResourceId}",
                "conditionKeys": "aws:ResourceTag/${TagKey}"
            }
        ]
    },
    {
        "conditions": [
            {
                "Condition keys": "aws:RequestTag/${TagKey}",
                "Description": "Filters access by the tags associated with the request",
                "Type": "String"
            },
            {
                "Condition keys": "aws:ResourceTag/${TagKey}",
                "Description": "Filters access by the tags associated with the resource",
                "Type": "String"
            },
            {
                "Condition keys": "aws:TagKeys",
                "Description": "Filters access by the tag keys that are passed in the request",
                "Type": "ArrayOfString"
            }
        ]
    }
]