[
    {
        "prefix_item": "kafka-cluster"
    },
    {
        "link": "https://docs.aws.amazon.com/service-authorization/latest/reference/./list_apachekafkaapisforamazonmskclusters.html"
    },
    {
        "actions": [
            {
                "name": "AlterCluster",
                "description": "Grants permission to alter various aspects of the cluster, equivalent to Apache Kafka's ALTER CLUSTER ACL",
                "access level": "Write",
                "resource types": [
                    "cluster*"
                ],
                "conditionKeys": "",
                "dependentActions": [
                    "kafka-cluster:Connect\n                            \n\n                                kafka-cluster:DescribeCluster"
                ]
            },
            {
                "name": "AlterClusterDynamicConfiguration",
                "description": "Grants permission to alter the dynamic configuration of a cluster, equivalent to Apache Kafka's ALTER_CONFIGS CLUSTER ACL",
                "access level": "Write",
                "resource types": [
                    "cluster*"
                ],
                "conditionKeys": "",
                "dependentActions": [
                    "kafka-cluster:Connect\n                            \n\n                                kafka-cluster:DescribeClusterDynamicConfiguration"
                ]
            },
            {
                "name": "AlterGroup",
                "description": "Grants permission to join groups on a cluster, equivalent to Apache Kafka's READ GROUP ACL",
                "access level": "Write",
                "resource types": [
                    "group*"
                ],
                "conditionKeys": "",
                "dependentActions": [
                    "kafka-cluster:Connect\n                            \n\n                                kafka-cluster:DescribeGroup"
                ]
            },
            {
                "name": "AlterTopic",
                "description": "Grants permission to alter topics on a cluster, equivalent to Apache Kafka's ALTER TOPIC ACL",
                "access level": "Write",
                "resource types": [
                    "topic*"
                ],
                "conditionKeys": "",
                "dependentActions": [
                    "kafka-cluster:Connect\n                            \n\n                                kafka-cluster:DescribeTopic"
                ]
            },
            {
                "name": "AlterTopicDynamicConfiguration",
                "description": "Grants permission to alter the dynamic configuration of topics on a cluster, equivalent to Apache Kafka's ALTER_CONFIGS TOPIC ACL",
                "access level": "Write",
                "resource types": [
                    "topic*"
                ],
                "conditionKeys": "",
                "dependentActions": [
                    "kafka-cluster:Connect\n                            \n\n                                kafka-cluster:DescribeTopicDynamicConfiguration"
                ]
            },
            {
                "name": "AlterTransactionalId",
                "description": "Grants permission to alter transactional IDs on a cluster, equivalent to Apache Kafka's WRITE TRANSACTIONAL_ID ACL",
                "access level": "Write",
                "resource types": [
                    "transactional-id*"
                ],
                "conditionKeys": "",
                "dependentActions": [
                    "kafka-cluster:Connect\n                            \n\n                                kafka-cluster:DescribeTransactionalId\n                            \n\n                                kafka-cluster:WriteData"
                ]
            },
            {
                "name": "Connect",
                "description": "Grants permission to connect and authenticate to the cluster",
                "access level": "Write",
                "resource types": [
                    "cluster*"
                ],
                "conditionKeys": "",
                "dependentActions": [
                    ""
                ]
            },
            {
                "name": "CreateTopic",
                "description": "Grants permission to create topics on a cluster, equivalent to Apache Kafka's CREATE CLUSTER/TOPIC ACL",
                "access level": "Write",
                "resource types": [
                    "topic*"
                ],
                "conditionKeys": "",
                "dependentActions": [
                    "kafka-cluster:Connect"
                ]
            },
            {
                "name": "DeleteGroup",
                "description": "Grants permission to delete groups on a cluster, equivalent to Apache Kafka's DELETE GROUP ACL",
                "access level": "Write",
                "resource types": [
                    "group*"
                ],
                "conditionKeys": "",
                "dependentActions": [
                    "kafka-cluster:Connect\n                            \n\n                                kafka-cluster:DescribeGroup"
                ]
            },
            {
                "name": "DeleteTopic",
                "description": "Grants permission to delete topics on a cluster, equivalent to Apache Kafka's DELETE TOPIC ACL",
                "access level": "Write",
                "resource types": [
                    "topic*"
                ],
                "conditionKeys": "",
                "dependentActions": [
                    "kafka-cluster:Connect\n                            \n\n                                kafka-cluster:DescribeTopic"
                ]
            },
            {
                "name": "DescribeCluster",
                "description": "Grants permission to describe various aspects of the cluster, equivalent to Apache Kafka's DESCRIBE CLUSTER ACL",
                "access level": "List",
                "resource types": [
                    "cluster*"
                ],
                "conditionKeys": "",
                "dependentActions": [
                    "kafka-cluster:Connect"
                ]
            },
            {
                "name": "DescribeClusterDynamicConfiguration",
                "description": "Grants permission to describe the dynamic configuration of a cluster, equivalent to Apache Kafka's DESCRIBE_CONFIGS CLUSTER ACL",
                "access level": "List",
                "resource types": [
                    "cluster*"
                ],
                "conditionKeys": "",
                "dependentActions": [
                    "kafka-cluster:Connect"
                ]
            },
            {
                "name": "DescribeGroup",
                "description": "Grants permission to describe groups on a cluster, equivalent to Apache Kafka's DESCRIBE GROUP ACL",
                "access level": "List",
                "resource types": [
                    "group*"
                ],
                "conditionKeys": "",
                "dependentActions": [
                    "kafka-cluster:Connect"
                ]
            },
            {
                "name": "DescribeTopic",
                "description": "Grants permission to describe topics on a cluster, equivalent to Apache Kafka's DESCRIBE TOPIC ACL",
                "access level": "List",
                "resource types": [
                    "topic*"
                ],
                "conditionKeys": "",
                "dependentActions": [
                    "kafka-cluster:Connect"
                ]
            },
            {
                "name": "DescribeTopicDynamicConfiguration",
                "description": "Grants permission to describe the dynamic configuration of topics on a cluster, equivalent to Apache Kafka's DESCRIBE_CONFIGS TOPIC ACL",
                "access level": "List",
                "resource types": [
                    "topic*"
                ],
                "conditionKeys": "",
                "dependentActions": [
                    "kafka-cluster:Connect"
                ]
            },
            {
                "name": "DescribeTransactionalId",
                "description": "Grants permission to describe transactional IDs on a cluster, equivalent to Apache Kafka's DESCRIBE TRANSACTIONAL_ID ACL",
                "access level": "List",
                "resource types": [
                    "transactional-id*"
                ],
                "conditionKeys": "",
                "dependentActions": [
                    "kafka-cluster:Connect"
                ]
            },
            {
                "name": "ReadData",
                "description": "Grants permission to read data from topics on a cluster, equivalent to Apache Kafka's READ TOPIC ACL",
                "access level": "Read",
                "resource types": [
                    "topic*"
                ],
                "conditionKeys": "",
                "dependentActions": [
                    "kafka-cluster:AlterGroup\n                            \n\n                                kafka-cluster:Connect\n                            \n\n                                kafka-cluster:DescribeTopic"
                ]
            },
            {
                "name": "WriteData",
                "description": "Grants permission to write data to topics on a cluster, equivalent to Apache Kafka's WRITE TOPIC ACL",
                "access level": "Write",
                "resource types": [
                    "topic*"
                ],
                "conditionKeys": "",
                "dependentActions": [
                    "kafka-cluster:Connect\n                            \n\n                                kafka-cluster:DescribeTopic"
                ]
            },
            {
                "name": "WriteDataIdempotently",
                "description": "Grants permission to write data idempotently on a cluster, equivalent to Apache Kafka's IDEMPOTENT_WRITE CLUSTER ACL",
                "access level": "Write",
                "resource types": [
                    "cluster*"
                ],
                "conditionKeys": "",
                "dependentActions": [
                    "kafka-cluster:Connect\n                            \n\n                                kafka-cluster:WriteData"
                ]
            }
        ]
    },
    {
        "resources": [
            {
                "resource_type": "cluster",
                "ARN": "arn:${Partition}:kafka:${Region}:${Account}:cluster/${ClusterName}/${ClusterUuid}",
                "conditionKeys": "aws:ResourceTag/${TagKey}"
            },
            {
                "resource_type": "topic",
                "ARN": "arn:${Partition}:kafka:${Region}:${Account}:topic/${ClusterName}/${ClusterUuid}/${TopicName}",
                "conditionKeys": ""
            },
            {
                "resource_type": "group",
                "ARN": "arn:${Partition}:kafka:${Region}:${Account}:group/${ClusterName}/${ClusterUuid}/${GroupName}",
                "conditionKeys": ""
            },
            {
                "resource_type": "transactional-id",
                "ARN": "arn:${Partition}:kafka:${Region}:${Account}:transactional-id/${ClusterName}/${ClusterUuid}/${TransactionalId}",
                "conditionKeys": ""
            }
        ]
    },
    {
        "conditions": [
            {
                "Condition keys": "aws:ResourceTag/${TagKey}",
                "Description": "Filters actions based on tag key-value pairs attached to the resource. The resource tag context key will only apply to the cluster resource, not topics, groups and transactional IDs",
                "Type": "String"
            }
        ]
    }
]