[
    {
        "prefix_item": "lakeformation"
    },
    {
        "link": "https://docs.aws.amazon.com/service-authorization/latest/reference/./list_awslakeformation.html"
    },
    {
        "actions": [
            {
                "name": "AddLFTagsToResource",
                "description": "Grants permission to attach Lake Formation tags to catalog resources",
                "access level": "Tagging",
                "resource types": [
                    ""
                ],
                "conditionKeys": "",
                "dependentActions": [
                    ""
                ]
            },
            {
                "name": "BatchGrantPermissions",
                "description": "Grants permission to data lake permissions to one or more principals in a batch",
                "access level": "Permissions management",
                "resource types": [
                    ""
                ],
                "conditionKeys": "",
                "dependentActions": [
                    ""
                ]
            },
            {
                "name": "BatchRevokePermissions",
                "description": "Grants permission to revoke data lake permissions from one or more principals in a batch",
                "access level": "Permissions management",
                "resource types": [
                    ""
                ],
                "conditionKeys": "",
                "dependentActions": [
                    ""
                ]
            },
            {
                "name": "CancelTransaction",
                "description": "Grants permission to cancel the given transaction",
                "access level": "Write",
                "resource types": [
                    ""
                ],
                "conditionKeys": "",
                "dependentActions": [
                    ""
                ]
            },
            {
                "name": "CommitTransaction",
                "description": "Grants permission to commit the given transaction",
                "access level": "Write",
                "resource types": [
                    ""
                ],
                "conditionKeys": "",
                "dependentActions": [
                    ""
                ]
            },
            {
                "name": "CreateDataCellsFilter",
                "description": "Grants permission to create a Lake Formation data cell filter",
                "access level": "Write",
                "resource types": [
                    ""
                ],
                "conditionKeys": "",
                "dependentActions": [
                    ""
                ]
            },
            {
                "name": "CreateLFTag",
                "description": "Grants permission to create a Lake Formation tag",
                "access level": "Write",
                "resource types": [
                    ""
                ],
                "conditionKeys": "",
                "dependentActions": [
                    ""
                ]
            },
            {
                "name": "DeleteDataCellsFilter",
                "description": "Grants permission to delete a Lake Formation data cell filter",
                "access level": "Write",
                "resource types": [
                    ""
                ],
                "conditionKeys": "",
                "dependentActions": [
                    ""
                ]
            },
            {
                "name": "DeleteLFTag",
                "description": "Grants permission to delete a Lake Formation tag",
                "access level": "Write",
                "resource types": [
                    ""
                ],
                "conditionKeys": "",
                "dependentActions": [
                    ""
                ]
            },
            {
                "name": "DeleteObjectsOnCancel",
                "description": "Grants permission to delete the specified objects if the transaction is canceled",
                "access level": "Write",
                "resource types": [
                    ""
                ],
                "conditionKeys": "",
                "dependentActions": [
                    ""
                ]
            },
            {
                "name": "DeregisterResource",
                "description": "Grants permission to deregister a registered location",
                "access level": "Write",
                "resource types": [
                    ""
                ],
                "conditionKeys": "",
                "dependentActions": [
                    ""
                ]
            },
            {
                "name": "DescribeResource",
                "description": "Grants permission to describe a registered location",
                "access level": "Read",
                "resource types": [
                    ""
                ],
                "conditionKeys": "",
                "dependentActions": [
                    ""
                ]
            },
            {
                "name": "DescribeTransaction",
                "description": "Grants permission to get status of the given transaction",
                "access level": "Read",
                "resource types": [
                    ""
                ],
                "conditionKeys": "",
                "dependentActions": [
                    ""
                ]
            },
            {
                "name": "ExtendTransaction",
                "description": "Grants permission to extend the timeout of the given transaction",
                "access level": "Write",
                "resource types": [
                    ""
                ],
                "conditionKeys": "",
                "dependentActions": [
                    ""
                ]
            },
            {
                "name": "GetDataAccess",
                "description": "Grants permission to virtual data lake access",
                "access level": "Write",
                "resource types": [
                    ""
                ],
                "conditionKeys": "",
                "dependentActions": [
                    ""
                ]
            },
            {
                "name": "GetDataCellsFilter",
                "description": "Grants permission to retrieve a Lake Formation data cell filter",
                "access level": "Read",
                "resource types": [
                    ""
                ],
                "conditionKeys": "",
                "dependentActions": [
                    ""
                ]
            },
            {
                "name": "GetDataLakeSettings",
                "description": "Grants permission to retrieve data lake settings such as the list of data lake administrators and database and table default permissions",
                "access level": "Read",
                "resource types": [
                    ""
                ],
                "conditionKeys": "",
                "dependentActions": [
                    ""
                ]
            },
            {
                "name": "GetEffectivePermissionsForPath",
                "description": "Grants permission to retrieve permissions attached to resources in the given path",
                "access level": "Read",
                "resource types": [
                    ""
                ],
                "conditionKeys": "",
                "dependentActions": [
                    ""
                ]
            },
            {
                "name": "GetLFTag",
                "description": "Grants permission to retrieve a Lake Formation tag",
                "access level": "Read",
                "resource types": [
                    ""
                ],
                "conditionKeys": "",
                "dependentActions": [
                    ""
                ]
            },
            {
                "name": "GetQueryState",
                "description": "Grants permission to retrieve the state of the given query",
                "access level": "Read",
                "resource types": [
                    ""
                ],
                "conditionKeys": "",
                "dependentActions": [
                    "lakeformation:StartQueryPlanning"
                ]
            },
            {
                "name": "GetQueryStatistics",
                "description": "Grants permission to retrieve the statistics for the given query",
                "access level": "Read",
                "resource types": [
                    ""
                ],
                "conditionKeys": "",
                "dependentActions": [
                    "lakeformation:StartQueryPlanning"
                ]
            },
            {
                "name": "GetResourceLFTags",
                "description": "Grants permission to retrieve lakeformation tags on a catalog resource",
                "access level": "Read",
                "resource types": [
                    ""
                ],
                "conditionKeys": "",
                "dependentActions": [
                    ""
                ]
            },
            {
                "name": "GetTableObjects",
                "description": "Grants permission to retrieve objects from a table",
                "access level": "Read",
                "resource types": [
                    ""
                ],
                "conditionKeys": "",
                "dependentActions": [
                    ""
                ]
            },
            {
                "name": "GetWorkUnitResults",
                "description": "Grants permission to retrieve the results for the given work units",
                "access level": "Read",
                "resource types": [
                    ""
                ],
                "conditionKeys": "",
                "dependentActions": [
                    "lakeformation:GetWorkUnits\n                            \n\n                                lakeformation:StartQueryPlanning"
                ]
            },
            {
                "name": "GetWorkUnits",
                "description": "Grants permission to retrieve the work units for the given query",
                "access level": "Read",
                "resource types": [
                    ""
                ],
                "conditionKeys": "",
                "dependentActions": [
                    "lakeformation:StartQueryPlanning"
                ]
            },
            {
                "name": "GrantPermissions",
                "description": "Grants permission to data lake permissions to a principal",
                "access level": "Permissions management",
                "resource types": [
                    ""
                ],
                "conditionKeys": "",
                "dependentActions": [
                    ""
                ]
            },
            {
                "name": "ListDataCellsFilter",
                "description": "Grants permission to list cell filters",
                "access level": "List",
                "resource types": [
                    ""
                ],
                "conditionKeys": "",
                "dependentActions": [
                    ""
                ]
            },
            {
                "name": "ListLFTags",
                "description": "Grants permission to list Lake Formation tags",
                "access level": "Read",
                "resource types": [
                    ""
                ],
                "conditionKeys": "",
                "dependentActions": [
                    ""
                ]
            },
            {
                "name": "ListPermissions",
                "description": "Grants permission to list permissions filtered by principal or resource",
                "access level": "List",
                "resource types": [
                    ""
                ],
                "conditionKeys": "",
                "dependentActions": [
                    ""
                ]
            },
            {
                "name": "ListResources",
                "description": "Grants permission to List registered locations",
                "access level": "List",
                "resource types": [
                    ""
                ],
                "conditionKeys": "",
                "dependentActions": [
                    ""
                ]
            },
            {
                "name": "ListTableStorageOptimizers",
                "description": "Grants permission to list all the storage optimizers for the Governed table",
                "access level": "List",
                "resource types": [
                    ""
                ],
                "conditionKeys": "",
                "dependentActions": [
                    ""
                ]
            },
            {
                "name": "ListTransactions",
                "description": "Grants permission to list all transactions in the system",
                "access level": "List",
                "resource types": [
                    ""
                ],
                "conditionKeys": "",
                "dependentActions": [
                    ""
                ]
            },
            {
                "name": "PutDataLakeSettings",
                "description": "Grants permission to overwrite data lake settings such as the list of data lake administrators and database and table default permissions",
                "access level": "Permissions management",
                "resource types": [
                    ""
                ],
                "conditionKeys": "",
                "dependentActions": [
                    ""
                ]
            },
            {
                "name": "RegisterResource",
                "description": "Grants permission to register a new location to be managed by Lake Formation",
                "access level": "Write",
                "resource types": [
                    ""
                ],
                "conditionKeys": "",
                "dependentActions": [
                    ""
                ]
            },
            {
                "name": "RemoveLFTagsFromResource",
                "description": "Grants permission to remove lakeformation tags from catalog resources",
                "access level": "Tagging",
                "resource types": [
                    ""
                ],
                "conditionKeys": "",
                "dependentActions": [
                    ""
                ]
            },
            {
                "name": "RevokePermissions",
                "description": "Grants permission to revoke data lake permissions from a principal",
                "access level": "Permissions management",
                "resource types": [
                    ""
                ],
                "conditionKeys": "",
                "dependentActions": [
                    ""
                ]
            },
            {
                "name": "SearchDatabasesByLFTags",
                "description": "Grants permission to list catalog databases with Lake Formation tags",
                "access level": "Read",
                "resource types": [
                    ""
                ],
                "conditionKeys": "",
                "dependentActions": [
                    ""
                ]
            },
            {
                "name": "SearchTablesByLFTags",
                "description": "Grants permission to list catalog tables with Lake Formation tags",
                "access level": "Read",
                "resource types": [
                    ""
                ],
                "conditionKeys": "",
                "dependentActions": [
                    ""
                ]
            },
            {
                "name": "StartQueryPlanning",
                "description": "Grants permission to initiate the planning of the given query",
                "access level": "Write",
                "resource types": [
                    ""
                ],
                "conditionKeys": "",
                "dependentActions": [
                    ""
                ]
            },
            {
                "name": "StartTransaction",
                "description": "Grants permission to start a new transaction",
                "access level": "Write",
                "resource types": [
                    ""
                ],
                "conditionKeys": "",
                "dependentActions": [
                    ""
                ]
            },
            {
                "name": "UpdateDataCellsFilter",
                "description": "Grants permission to update a Lake Formation data cell filter",
                "access level": "Write",
                "resource types": [
                    ""
                ],
                "conditionKeys": "",
                "dependentActions": [
                    ""
                ]
            },
            {
                "name": "UpdateLFTag",
                "description": "Grants permission to update a Lake Formation tag",
                "access level": "Write",
                "resource types": [
                    ""
                ],
                "conditionKeys": "",
                "dependentActions": [
                    ""
                ]
            },
            {
                "name": "UpdateResource",
                "description": "Grants permission to update a registered location",
                "access level": "Write",
                "resource types": [
                    ""
                ],
                "conditionKeys": "",
                "dependentActions": [
                    ""
                ]
            },
            {
                "name": "UpdateTableObjects",
                "description": "Grants permission to add or delete the specified objects to or from a table",
                "access level": "Write",
                "resource types": [
                    ""
                ],
                "conditionKeys": "",
                "dependentActions": [
                    ""
                ]
            },
            {
                "name": "UpdateTableStorageOptimizer",
                "description": "Grants permission to update the configuration of the storage optimizer for the Governed table",
                "access level": "Write",
                "resource types": [
                    ""
                ],
                "conditionKeys": "",
                "dependentActions": [
                    ""
                ]
            }
        ]
    }
]