[
    {
        "prefix_item": "launchwizard"
    },
    {
        "link": "https://docs.aws.amazon.com/service-authorization/latest/reference/./list_awslaunchwizard.html"
    },
    {
        "actions": [
            {
                "name": "CreateAdditionalNode [permission only]",
                "description": "Grants permission to create an additional node",
                "access level": "Write",
                "resource types": [
                    ""
                ],
                "conditionKeys": "",
                "dependentActions": [
                    ""
                ]
            },
            {
                "name": "CreateSettingsSet [permission only]",
                "description": "Grants permission to create an application settings set",
                "access level": "Write",
                "resource types": [
                    ""
                ],
                "conditionKeys": "",
                "dependentActions": [
                    ""
                ]
            },
            {
                "name": "DeleteAdditionalNode [permission only]",
                "description": "Grants permission to delete an additional node",
                "access level": "Write",
                "resource types": [
                    ""
                ],
                "conditionKeys": "",
                "dependentActions": [
                    ""
                ]
            },
            {
                "name": "DeleteApp [permission only]",
                "description": "Grants permission to delete an application",
                "access level": "Write",
                "resource types": [
                    ""
                ],
                "conditionKeys": "",
                "dependentActions": [
                    ""
                ]
            },
            {
                "name": "DeleteSettingsSet [permission only]",
                "description": "Grants permission to delete an application settings set",
                "access level": "Write",
                "resource types": [
                    ""
                ],
                "conditionKeys": "",
                "dependentActions": [
                    ""
                ]
            },
            {
                "name": "DescribeAdditionalNode [permission only]",
                "description": "Grants permission to describe an additional node",
                "access level": "Read",
                "resource types": [
                    ""
                ],
                "conditionKeys": "",
                "dependentActions": [
                    ""
                ]
            },
            {
                "name": "DescribeProvisionedApp [permission only]",
                "description": "Grants permission to describe provisioning applications",
                "access level": "Read",
                "resource types": [
                    ""
                ],
                "conditionKeys": "",
                "dependentActions": [
                    ""
                ]
            },
            {
                "name": "DescribeProvisioningEvents [permission only]",
                "description": "Grants permission to describe provisioning events",
                "access level": "Read",
                "resource types": [
                    ""
                ],
                "conditionKeys": "",
                "dependentActions": [
                    ""
                ]
            },
            {
                "name": "DescribeSettingsSet [permission only]",
                "description": "Grants permission to describe an application settings set",
                "access level": "Read",
                "resource types": [
                    ""
                ],
                "conditionKeys": "",
                "dependentActions": [
                    ""
                ]
            },
            {
                "name": "GetInfrastructureSuggestion [permission only]",
                "description": "Grants permission to get infrastructure suggestion",
                "access level": "Read",
                "resource types": [
                    ""
                ],
                "conditionKeys": "",
                "dependentActions": [
                    ""
                ]
            },
            {
                "name": "GetIpAddress [permission only]",
                "description": "Grants permission to get customer's ip address",
                "access level": "Read",
                "resource types": [
                    ""
                ],
                "conditionKeys": "",
                "dependentActions": [
                    ""
                ]
            },
            {
                "name": "GetResourceCostEstimate [permission only]",
                "description": "Grants permission to get resource cost estimate",
                "access level": "Read",
                "resource types": [
                    ""
                ],
                "conditionKeys": "",
                "dependentActions": [
                    ""
                ]
            },
            {
                "name": "GetWorkloadAssets [permission only]",
                "description": "Grants permission to get workload assets",
                "access level": "Read",
                "resource types": [
                    ""
                ],
                "conditionKeys": "",
                "dependentActions": [
                    ""
                ]
            },
            {
                "name": "ListAdditionalNodes [permission only]",
                "description": "Grants permission to list additional nodes",
                "access level": "List",
                "resource types": [
                    ""
                ],
                "conditionKeys": "",
                "dependentActions": [
                    ""
                ]
            },
            {
                "name": "ListProvisionedApps [permission only]",
                "description": "Grants permission to list provisioning applications",
                "access level": "List",
                "resource types": [
                    ""
                ],
                "conditionKeys": "",
                "dependentActions": [
                    ""
                ]
            },
            {
                "name": "ListSettingsSets [permission only]",
                "description": "Grants permission to list application settings sets",
                "access level": "List",
                "resource types": [
                    ""
                ],
                "conditionKeys": "",
                "dependentActions": [
                    ""
                ]
            },
            {
                "name": "ListWorkloadDeploymentOptions [permission only]",
                "description": "Grants permission to list deployment options of a given workload",
                "access level": "List",
                "resource types": [
                    ""
                ],
                "conditionKeys": "",
                "dependentActions": [
                    ""
                ]
            },
            {
                "name": "ListWorkloads [permission only]",
                "description": "Grants permission to list workloads",
                "access level": "List",
                "resource types": [
                    ""
                ],
                "conditionKeys": "",
                "dependentActions": [
                    ""
                ]
            },
            {
                "name": "StartProvisioning [permission only]",
                "description": "Grants permission to start a provisioning",
                "access level": "Write",
                "resource types": [
                    ""
                ],
                "conditionKeys": "",
                "dependentActions": [
                    ""
                ]
            },
            {
                "name": "UpdateSettingsSet [permission only]",
                "description": "Grants permission to update an application settings set",
                "access level": "Write",
                "resource types": [
                    ""
                ],
                "conditionKeys": "",
                "dependentActions": [
                    ""
                ]
            }
        ]
    }
]