[
    {
        "prefix_item": "lex"
    },
    {
        "link": "https://docs.aws.amazon.com/service-authorization/latest/reference/./list_amazonlexv2.html"
    },
    {
        "actions": [
            {
                "name": "BatchCreateCustomVocabularyItem",
                "description": "Grants permission to create new items in an existing custom vocabulary",
                "access level": "Write",
                "resource types": [
                    "bot*"
                ],
                "conditionKeys": "",
                "dependentActions": [
                    ""
                ]
            },
            {
                "name": "BatchDeleteCustomVocabularyItem",
                "description": "Grants permission to delete existing items in an existing custom vocabulary",
                "access level": "Write",
                "resource types": [
                    "bot*"
                ],
                "conditionKeys": "",
                "dependentActions": [
                    ""
                ]
            },
            {
                "name": "BatchUpdateCustomVocabularyItem",
                "description": "Grants permission to update existing items in an existing custom vocabulary",
                "access level": "Write",
                "resource types": [
                    "bot*"
                ],
                "conditionKeys": "",
                "dependentActions": [
                    ""
                ]
            },
            {
                "name": "BuildBotLocale",
                "description": "Grants permission to build an existing bot locale in a bot",
                "access level": "Write",
                "resource types": [
                    "bot*"
                ],
                "conditionKeys": "",
                "dependentActions": [
                    ""
                ]
            },
            {
                "name": "CreateBot",
                "description": "Grants permission to create a new bot and a test bot alias pointing to the DRAFT bot version",
                "access level": "Write",
                "resource types": [
                    "bot*"
                ],
                "conditionKeys": "",
                "dependentActions": [
                    ""
                ]
            },
            {
                "name": "CreateBotAlias",
                "description": "Grants permission to create a new bot alias in a bot",
                "access level": "Write",
                "resource types": [
                    "bot alias*"
                ],
                "conditionKeys": "",
                "dependentActions": [
                    ""
                ]
            },
            {
                "name": "CreateBotChannel [permission only]",
                "description": "Grants permission to create a bot channel in an existing bot",
                "access level": "Write",
                "resource types": [
                    "bot*"
                ],
                "conditionKeys": "",
                "dependentActions": [
                    ""
                ]
            },
            {
                "name": "CreateBotLocale",
                "description": "Grants permission to create a new bot locale in an existing bot",
                "access level": "Write",
                "resource types": [
                    "bot*"
                ],
                "conditionKeys": "",
                "dependentActions": [
                    ""
                ]
            },
            {
                "name": "CreateBotVersion",
                "description": "Grants permission to create a new version of an existing bot",
                "access level": "Write",
                "resource types": [
                    "bot*"
                ],
                "conditionKeys": "",
                "dependentActions": [
                    ""
                ]
            },
            {
                "name": "CreateCustomVocabulary [permission only]",
                "description": "Grants permission to create a new custom vocabulary in an existing bot locale",
                "access level": "Write",
                "resource types": [
                    "bot*"
                ],
                "conditionKeys": "",
                "dependentActions": [
                    ""
                ]
            },
            {
                "name": "CreateExport",
                "description": "Grants permission to create an export for an existing resource",
                "access level": "Write",
                "resource types": [
                    "bot*"
                ],
                "conditionKeys": "",
                "dependentActions": [
                    ""
                ]
            },
            {
                "name": "CreateIntent",
                "description": "Grants permission to create a new intent in an existing bot locale",
                "access level": "Write",
                "resource types": [
                    "bot*"
                ],
                "conditionKeys": "",
                "dependentActions": [
                    ""
                ]
            },
            {
                "name": "CreateResourcePolicy",
                "description": "Grants permission to create a new resource policy for a Lex resource",
                "access level": "Write",
                "resource types": [
                    "bot"
                ],
                "conditionKeys": "",
                "dependentActions": [
                    ""
                ]
            },
            {
                "name": "CreateSlot",
                "description": "Grants permission to create a new slot in an intent",
                "access level": "Write",
                "resource types": [
                    "bot*"
                ],
                "conditionKeys": "",
                "dependentActions": [
                    ""
                ]
            },
            {
                "name": "CreateSlotType",
                "description": "Grants permission to create a new slot type in an existing bot locale",
                "access level": "Write",
                "resource types": [
                    "bot*"
                ],
                "conditionKeys": "",
                "dependentActions": [
                    ""
                ]
            },
            {
                "name": "CreateUploadUrl",
                "description": "Grants permission to create an upload url for import file",
                "access level": "Write",
                "resource types": [
                    ""
                ],
                "conditionKeys": "",
                "dependentActions": [
                    ""
                ]
            },
            {
                "name": "DeleteBot",
                "description": "Grants permission to delete an existing bot",
                "access level": "Write",
                "resource types": [
                    "bot*"
                ],
                "conditionKeys": "",
                "dependentActions": [
                    "lex:DeleteBotAlias\n                            \n\n                                lex:DeleteBotChannel\n                            \n\n                                lex:DeleteBotLocale\n                            \n\n                                lex:DeleteBotVersion\n                            \n\n                                lex:DeleteIntent\n                            \n\n                                lex:DeleteSlot\n                            \n\n                                lex:DeleteSlotType"
                ]
            },
            {
                "name": "DeleteBotAlias",
                "description": "Grants permission to delete an existing bot alias in a bot",
                "access level": "Write",
                "resource types": [
                    "bot alias*"
                ],
                "conditionKeys": "",
                "dependentActions": [
                    ""
                ]
            },
            {
                "name": "DeleteBotChannel [permission only]",
                "description": "Grants permission to delete an existing bot channel",
                "access level": "Write",
                "resource types": [
                    "bot*"
                ],
                "conditionKeys": "",
                "dependentActions": [
                    ""
                ]
            },
            {
                "name": "DeleteBotLocale",
                "description": "Grants permission to delete an existing bot locale in a bot",
                "access level": "Write",
                "resource types": [
                    "bot*"
                ],
                "conditionKeys": "",
                "dependentActions": [
                    "lex:DeleteIntent\n                            \n\n                                lex:DeleteSlot\n                            \n\n                                lex:DeleteSlotType"
                ]
            },
            {
                "name": "DeleteBotVersion",
                "description": "Grants permission to delete an existing bot version",
                "access level": "Write",
                "resource types": [
                    "bot*"
                ],
                "conditionKeys": "",
                "dependentActions": [
                    ""
                ]
            },
            {
                "name": "DeleteCustomVocabulary",
                "description": "Grants permission to delete an existing custom vocabulary in a bot locale",
                "access level": "Write",
                "resource types": [
                    "bot*"
                ],
                "conditionKeys": "",
                "dependentActions": [
                    ""
                ]
            },
            {
                "name": "DeleteExport",
                "description": "Grants permission to delete an existing export",
                "access level": "Write",
                "resource types": [
                    "bot*"
                ],
                "conditionKeys": "",
                "dependentActions": [
                    ""
                ]
            },
            {
                "name": "DeleteImport",
                "description": "Grants permission to delete an existing import",
                "access level": "Write",
                "resource types": [
                    "bot*"
                ],
                "conditionKeys": "",
                "dependentActions": [
                    ""
                ]
            },
            {
                "name": "DeleteIntent",
                "description": "Grants permission to delete an existing intent in a bot locale",
                "access level": "Write",
                "resource types": [
                    "bot*"
                ],
                "conditionKeys": "",
                "dependentActions": [
                    ""
                ]
            },
            {
                "name": "DeleteResourcePolicy",
                "description": "Grants permission to delete an existing resource policy for a Lex resource",
                "access level": "Write",
                "resource types": [
                    "bot"
                ],
                "conditionKeys": "",
                "dependentActions": [
                    ""
                ]
            },
            {
                "name": "DeleteSession",
                "description": "Grants permission to delete session information for a bot alias and user ID",
                "access level": "Write",
                "resource types": [
                    "bot alias*"
                ],
                "conditionKeys": "",
                "dependentActions": [
                    ""
                ]
            },
            {
                "name": "DeleteSlot",
                "description": "Grants permission to delete an existing slot in an intent",
                "access level": "Write",
                "resource types": [
                    "bot*"
                ],
                "conditionKeys": "",
                "dependentActions": [
                    ""
                ]
            },
            {
                "name": "DeleteSlotType",
                "description": "Grants permission to delete an existing slot type in a bot locale",
                "access level": "Write",
                "resource types": [
                    "bot*"
                ],
                "conditionKeys": "",
                "dependentActions": [
                    ""
                ]
            },
            {
                "name": "DeleteUtterances",
                "description": "Grants permission to delete utterance data for a bot",
                "access level": "Write",
                "resource types": [
                    "bot*"
                ],
                "conditionKeys": "",
                "dependentActions": [
                    ""
                ]
            },
            {
                "name": "DescribeBot",
                "description": "Grants permission to retrieve an existing bot",
                "access level": "Read",
                "resource types": [
                    "bot*"
                ],
                "conditionKeys": "",
                "dependentActions": [
                    ""
                ]
            },
            {
                "name": "DescribeBotAlias",
                "description": "Grants permission to retrieve an existing bot alias",
                "access level": "Read",
                "resource types": [
                    "bot alias*"
                ],
                "conditionKeys": "",
                "dependentActions": [
                    ""
                ]
            },
            {
                "name": "DescribeBotChannel [permission only]",
                "description": "Grants permission to retrieve an existing bot channel",
                "access level": "Read",
                "resource types": [
                    "bot*"
                ],
                "conditionKeys": "",
                "dependentActions": [
                    ""
                ]
            },
            {
                "name": "DescribeBotLocale",
                "description": "Grants permission to retrieve an existing bot locale",
                "access level": "Read",
                "resource types": [
                    "bot*"
                ],
                "conditionKeys": "",
                "dependentActions": [
                    ""
                ]
            },
            {
                "name": "DescribeBotRecommendation",
                "description": "Grants permission to retrieve metadata information about a bot recommendation",
                "access level": "Read",
                "resource types": [
                    "bot*"
                ],
                "conditionKeys": "",
                "dependentActions": [
                    ""
                ]
            },
            {
                "name": "DescribeBotVersion",
                "description": "Grants permission to retrieve an existing bot version",
                "access level": "Read",
                "resource types": [
                    "bot*"
                ],
                "conditionKeys": "",
                "dependentActions": [
                    ""
                ]
            },
            {
                "name": "DescribeCustomVocabulary [permission only]",
                "description": "Grants permission to retrieve an existing custom vocabulary",
                "access level": "Read",
                "resource types": [
                    "bot*"
                ],
                "conditionKeys": "",
                "dependentActions": [
                    ""
                ]
            },
            {
                "name": "DescribeCustomVocabularyMetadata",
                "description": "Grants permission to retrieve metadata of an existing custom vocabulary",
                "access level": "Read",
                "resource types": [
                    "bot*"
                ],
                "conditionKeys": "",
                "dependentActions": [
                    ""
                ]
            },
            {
                "name": "DescribeExport",
                "description": "Grants permission to retrieve an existing export",
                "access level": "Read",
                "resource types": [
                    "bot*"
                ],
                "conditionKeys": "",
                "dependentActions": [
                    "lex:DescribeBot\n                            \n\n                                lex:DescribeBotLocale\n                            \n\n                                lex:DescribeIntent\n                            \n\n                                lex:DescribeSlot\n                            \n\n                                lex:DescribeSlotType\n                            \n\n                                lex:ListBotLocales\n                            \n\n                                lex:ListIntents\n                            \n\n                                lex:ListSlotTypes\n                            \n\n                                lex:ListSlots"
                ]
            },
            {
                "name": "DescribeImport",
                "description": "Grants permission to retrieve an existing import",
                "access level": "Read",
                "resource types": [
                    "bot*"
                ],
                "conditionKeys": "",
                "dependentActions": [
                    ""
                ]
            },
            {
                "name": "DescribeIntent",
                "description": "Grants permission to retrieve an existing intent",
                "access level": "Read",
                "resource types": [
                    "bot*"
                ],
                "conditionKeys": "",
                "dependentActions": [
                    ""
                ]
            },
            {
                "name": "DescribeResourcePolicy",
                "description": "Grants permission to retrieve an existing resource policy for a Lex resource",
                "access level": "Read",
                "resource types": [
                    "bot"
                ],
                "conditionKeys": "",
                "dependentActions": [
                    ""
                ]
            },
            {
                "name": "DescribeSlot",
                "description": "Grants permission to retrieve an existing slot",
                "access level": "Read",
                "resource types": [
                    "bot*"
                ],
                "conditionKeys": "",
                "dependentActions": [
                    ""
                ]
            },
            {
                "name": "DescribeSlotType",
                "description": "Grants permission to retrieve an existing slot type",
                "access level": "Read",
                "resource types": [
                    "bot*"
                ],
                "conditionKeys": "",
                "dependentActions": [
                    ""
                ]
            },
            {
                "name": "GetSession",
                "description": "Grants permission to retrieve session information for a bot alias and user ID",
                "access level": "Read",
                "resource types": [
                    "bot alias*"
                ],
                "conditionKeys": "",
                "dependentActions": [
                    ""
                ]
            },
            {
                "name": "ListAggregatedUtterances",
                "description": "Grants permission to list utterances and statistics for a bot",
                "access level": "List",
                "resource types": [
                    "bot*"
                ],
                "conditionKeys": "",
                "dependentActions": [
                    ""
                ]
            },
            {
                "name": "ListBotAliases",
                "description": "Grants permission to list bot aliases in an bot",
                "access level": "List",
                "resource types": [
                    "bot*"
                ],
                "conditionKeys": "",
                "dependentActions": [
                    ""
                ]
            },
            {
                "name": "ListBotChannels [permission only]",
                "description": "Grants permission to list bot channels",
                "access level": "List",
                "resource types": [
                    "bot*"
                ],
                "conditionKeys": "",
                "dependentActions": [
                    ""
                ]
            },
            {
                "name": "ListBotLocales",
                "description": "Grants permission to list bot locales in a bot",
                "access level": "List",
                "resource types": [
                    "bot*"
                ],
                "conditionKeys": "",
                "dependentActions": [
                    ""
                ]
            },
            {
                "name": "ListBotRecommendations",
                "description": "Grants permission to get a list of bot recommendations that meet the specified criteria",
                "access level": "List",
                "resource types": [
                    "bot*"
                ],
                "conditionKeys": "",
                "dependentActions": [
                    ""
                ]
            },
            {
                "name": "ListBotVersions",
                "description": "Grants permission to list existing bot versions",
                "access level": "List",
                "resource types": [
                    "bot*"
                ],
                "conditionKeys": "",
                "dependentActions": [
                    ""
                ]
            },
            {
                "name": "ListBots",
                "description": "Grants permission to list existing bots",
                "access level": "List",
                "resource types": [
                    ""
                ],
                "conditionKeys": "",
                "dependentActions": [
                    ""
                ]
            },
            {
                "name": "ListBuiltInIntents",
                "description": "Grants permission to list built-in intents",
                "access level": "List",
                "resource types": [
                    ""
                ],
                "conditionKeys": "",
                "dependentActions": [
                    ""
                ]
            },
            {
                "name": "ListBuiltInSlotTypes",
                "description": "Grants permission to list built-in slot types",
                "access level": "List",
                "resource types": [
                    ""
                ],
                "conditionKeys": "",
                "dependentActions": [
                    ""
                ]
            },
            {
                "name": "ListCustomVocabularyItems",
                "description": "Grants permission to list items of an existing custom vocabulary",
                "access level": "List",
                "resource types": [
                    "bot*"
                ],
                "conditionKeys": "",
                "dependentActions": [
                    ""
                ]
            },
            {
                "name": "ListExports",
                "description": "Grants permission to list existing exports",
                "access level": "List",
                "resource types": [
                    ""
                ],
                "conditionKeys": "",
                "dependentActions": [
                    ""
                ]
            },
            {
                "name": "ListImports",
                "description": "Grants permission to list existing imports",
                "access level": "List",
                "resource types": [
                    ""
                ],
                "conditionKeys": "",
                "dependentActions": [
                    ""
                ]
            },
            {
                "name": "ListIntents",
                "description": "Grants permission to list intents in a bot",
                "access level": "List",
                "resource types": [
                    "bot*"
                ],
                "conditionKeys": "",
                "dependentActions": [
                    ""
                ]
            },
            {
                "name": "ListRecommendedIntents",
                "description": "Grants permission to get a list of recommended intents provided by the bot recommendation",
                "access level": "List",
                "resource types": [
                    "bot*"
                ],
                "conditionKeys": "",
                "dependentActions": [
                    ""
                ]
            },
            {
                "name": "ListSlotTypes",
                "description": "Grants permission to list slot types in a bot",
                "access level": "List",
                "resource types": [
                    "bot*"
                ],
                "conditionKeys": "",
                "dependentActions": [
                    ""
                ]
            },
            {
                "name": "ListSlots",
                "description": "Grants permission to list slots in an intent",
                "access level": "List",
                "resource types": [
                    "bot*"
                ],
                "conditionKeys": "",
                "dependentActions": [
                    ""
                ]
            },
            {
                "name": "ListTagsForResource",
                "description": "Grants permission to lists tags for a Lex resource",
                "access level": "Read",
                "resource types": [
                    "bot"
                ],
                "conditionKeys": "",
                "dependentActions": [
                    ""
                ]
            },
            {
                "name": "PutSession",
                "description": "Grants permission to create a new session or modify an existing session for a bot alias and user ID",
                "access level": "Write",
                "resource types": [
                    "bot alias*"
                ],
                "conditionKeys": "",
                "dependentActions": [
                    ""
                ]
            },
            {
                "name": "RecognizeText",
                "description": "Grants permission to send user input (text-only) to an bot alias",
                "access level": "Write",
                "resource types": [
                    "bot alias*"
                ],
                "conditionKeys": "",
                "dependentActions": [
                    ""
                ]
            },
            {
                "name": "RecognizeUtterance",
                "description": "Grants permission to send user input (text or speech) to an bot alias",
                "access level": "Write",
                "resource types": [
                    "bot alias*"
                ],
                "conditionKeys": "",
                "dependentActions": [
                    ""
                ]
            },
            {
                "name": "SearchAssociatedTranscripts",
                "description": "Grants permission to search for associated transcripts that meet the specified criteria",
                "access level": "List",
                "resource types": [
                    "bot*"
                ],
                "conditionKeys": "",
                "dependentActions": [
                    ""
                ]
            },
            {
                "name": "StartBotRecommendation",
                "description": "Grants permission to start a bot recommendation for an existing bot locale",
                "access level": "Write",
                "resource types": [
                    "bot*"
                ],
                "conditionKeys": "",
                "dependentActions": [
                    ""
                ]
            },
            {
                "name": "StartConversation",
                "description": "Grants permission to stream user input (speech/text/DTMF) to a bot alias",
                "access level": "Write",
                "resource types": [
                    "bot alias*"
                ],
                "conditionKeys": "",
                "dependentActions": [
                    ""
                ]
            },
            {
                "name": "StartImport",
                "description": "Grants permission to start a new import with the uploaded import file",
                "access level": "Write",
                "resource types": [
                    "bot"
                ],
                "conditionKeys": "",
                "dependentActions": [
                    "lex:CreateBot\n                            \n\n                                lex:CreateBotLocale\n                            \n\n                                lex:CreateIntent\n                            \n\n                                lex:CreateSlot\n                            \n\n                                lex:CreateSlotType\n                            \n\n                                lex:DeleteBotLocale\n                            \n\n                                lex:DeleteIntent\n                            \n\n                                lex:DeleteSlot\n                            \n\n                                lex:DeleteSlotType\n                            \n\n                                lex:UpdateBot\n                            \n\n                                lex:UpdateBotLocale\n                            \n\n                                lex:UpdateIntent\n                            \n\n                                lex:UpdateSlot\n                            \n\n                                lex:UpdateSlotType"
                ]
            },
            {
                "name": "StopBotRecommendation",
                "description": "Grants permission to stop a bot recommendation for an existing bot locale",
                "access level": "Write",
                "resource types": [
                    "bot*"
                ],
                "conditionKeys": "",
                "dependentActions": [
                    ""
                ]
            },
            {
                "name": "TagResource",
                "description": "Grants permission to add or overwrite tags of a Lex resource",
                "access level": "Tagging",
                "resource types": [
                    "bot"
                ],
                "conditionKeys": "",
                "dependentActions": [
                    ""
                ]
            },
            {
                "name": "UntagResource",
                "description": "Grants permission to remove tags from a Lex resource",
                "access level": "Tagging",
                "resource types": [
                    "bot"
                ],
                "conditionKeys": "",
                "dependentActions": [
                    ""
                ]
            },
            {
                "name": "UpdateBot",
                "description": "Grants permission to update an existing bot",
                "access level": "Write",
                "resource types": [
                    "bot*"
                ],
                "conditionKeys": "",
                "dependentActions": [
                    ""
                ]
            },
            {
                "name": "UpdateBotAlias",
                "description": "Grants permission to update an existing bot alias",
                "access level": "Write",
                "resource types": [
                    "bot alias*"
                ],
                "conditionKeys": "",
                "dependentActions": [
                    ""
                ]
            },
            {
                "name": "UpdateBotLocale",
                "description": "Grants permission to update an existing bot locale",
                "access level": "Write",
                "resource types": [
                    "bot*"
                ],
                "conditionKeys": "",
                "dependentActions": [
                    ""
                ]
            },
            {
                "name": "UpdateBotRecommendation",
                "description": "Grants permission to update an existing bot recommendation request",
                "access level": "Write",
                "resource types": [
                    "bot*"
                ],
                "conditionKeys": "",
                "dependentActions": [
                    ""
                ]
            },
            {
                "name": "UpdateCustomVocabulary [permission only]",
                "description": "Grants permission to update an existing custom vocabulary",
                "access level": "Write",
                "resource types": [
                    "bot*"
                ],
                "conditionKeys": "",
                "dependentActions": [
                    ""
                ]
            },
            {
                "name": "UpdateExport",
                "description": "Grants permission to update an existing export",
                "access level": "Write",
                "resource types": [
                    "bot*"
                ],
                "conditionKeys": "",
                "dependentActions": [
                    ""
                ]
            },
            {
                "name": "UpdateIntent",
                "description": "Grants permission to update an existing intent",
                "access level": "Write",
                "resource types": [
                    "bot*"
                ],
                "conditionKeys": "",
                "dependentActions": [
                    ""
                ]
            },
            {
                "name": "UpdateResourcePolicy",
                "description": "Grants permission to update an existing resource policy for a Lex resource",
                "access level": "Write",
                "resource types": [
                    "bot"
                ],
                "conditionKeys": "",
                "dependentActions": [
                    ""
                ]
            },
            {
                "name": "UpdateSlot",
                "description": "Grants permission to update an existing slot",
                "access level": "Write",
                "resource types": [
                    "bot*"
                ],
                "conditionKeys": "",
                "dependentActions": [
                    ""
                ]
            },
            {
                "name": "UpdateSlotType",
                "description": "Grants permission to update an existing slot type",
                "access level": "Write",
                "resource types": [
                    "bot*"
                ],
                "conditionKeys": "",
                "dependentActions": [
                    ""
                ]
            }
        ]
    },
    {
        "resources": [
            {
                "resource_type": "bot",
                "ARN": "arn:${Partition}:lex:${Region}:${Account}:bot/${BotId}",
                "conditionKeys": "aws:ResourceTag/${TagKey}"
            },
            {
                "resource_type": "bot alias",
                "ARN": "arn:${Partition}:lex:${Region}:${Account}:bot-alias/${BotId}/${BotAliasId}",
                "conditionKeys": "aws:ResourceTag/${TagKey}"
            }
        ]
    },
    {
        "conditions": [
            {
                "Condition keys": "aws:RequestTag/${TagKey}",
                "Description": "Filters access by the tags in the request",
                "Type": "String"
            },
            {
                "Condition keys": "aws:ResourceTag/${TagKey}",
                "Description": "Filters access by the tags attached to a Lex resource",
                "Type": "String"
            },
            {
                "Condition keys": "aws:TagKeys",
                "Description": "Filters access by the set of tag keys in the request",
                "Type": "ArrayOfString"
            }
        ]
    }
]