[
    {
        "prefix_item": "license-manager"
    },
    {
        "link": "https://docs.aws.amazon.com/service-authorization/latest/reference/./list_awslicensemanager.html"
    },
    {
        "actions": [
            {
                "name": "AcceptGrant",
                "description": "Grants permission to accept a grant",
                "access level": "Write",
                "resource types": [
                    "grant*"
                ],
                "conditionKeys": "",
                "dependentActions": [
                    ""
                ]
            },
            {
                "name": "CheckInLicense",
                "description": "Grants permission to check in license entitlements back to pool",
                "access level": "Write",
                "resource types": [
                    ""
                ],
                "conditionKeys": "",
                "dependentActions": [
                    ""
                ]
            },
            {
                "name": "CheckoutBorrowLicense",
                "description": "Grants permission to check out license entitlements for borrow use case",
                "access level": "Write",
                "resource types": [
                    "license*"
                ],
                "conditionKeys": "",
                "dependentActions": [
                    ""
                ]
            },
            {
                "name": "CheckoutLicense",
                "description": "Grants permission to check out license entitlements",
                "access level": "Write",
                "resource types": [
                    ""
                ],
                "conditionKeys": "",
                "dependentActions": [
                    ""
                ]
            },
            {
                "name": "CreateGrant",
                "description": "Grants permission to create a new grant for license",
                "access level": "Write",
                "resource types": [
                    "license*"
                ],
                "conditionKeys": "",
                "dependentActions": [
                    ""
                ]
            },
            {
                "name": "CreateGrantVersion",
                "description": "Grants permission to create new version of grant",
                "access level": "Write",
                "resource types": [
                    "grant*"
                ],
                "conditionKeys": "",
                "dependentActions": [
                    ""
                ]
            },
            {
                "name": "CreateLicense",
                "description": "Grants permission to create a new license",
                "access level": "Write",
                "resource types": [
                    ""
                ],
                "conditionKeys": "",
                "dependentActions": [
                    ""
                ]
            },
            {
                "name": "CreateLicenseConfiguration",
                "description": "Grants permission to create a new license configuration",
                "access level": "Write",
                "resource types": [
                    ""
                ],
                "conditionKeys": "aws:RequestTag/${TagKey}\n\n\naws:TagKeys",
                "dependentActions": [
                    ""
                ]
            },
            {
                "name": "CreateLicenseConversionTaskForResource",
                "description": "Grants permission to create a license conversion task for a resource",
                "access level": "Write",
                "resource types": [
                    ""
                ],
                "conditionKeys": "",
                "dependentActions": [
                    ""
                ]
            },
            {
                "name": "CreateLicenseManagerReportGenerator",
                "description": "Grants permission to create a report generator for a license configuration",
                "access level": "Write",
                "resource types": [
                    ""
                ],
                "conditionKeys": "aws:RequestTag/${TagKey}\n\n\naws:TagKeys",
                "dependentActions": [
                    ""
                ]
            },
            {
                "name": "CreateLicenseVersion",
                "description": "Grants permission to create new version of license",
                "access level": "Write",
                "resource types": [
                    "license*"
                ],
                "conditionKeys": "",
                "dependentActions": [
                    ""
                ]
            },
            {
                "name": "CreateToken",
                "description": "Grants permission to create a new token for license",
                "access level": "Write",
                "resource types": [
                    "license*"
                ],
                "conditionKeys": "",
                "dependentActions": [
                    ""
                ]
            },
            {
                "name": "DeleteGrant",
                "description": "Grants permission to delete a grant",
                "access level": "Write",
                "resource types": [
                    "grant*"
                ],
                "conditionKeys": "",
                "dependentActions": [
                    ""
                ]
            },
            {
                "name": "DeleteLicense",
                "description": "Grants permission to delete a license",
                "access level": "Write",
                "resource types": [
                    "license*"
                ],
                "conditionKeys": "",
                "dependentActions": [
                    ""
                ]
            },
            {
                "name": "DeleteLicenseConfiguration",
                "description": "Grants permission to permanently delete a license configuration",
                "access level": "Write",
                "resource types": [
                    "license-configuration*"
                ],
                "conditionKeys": "",
                "dependentActions": [
                    ""
                ]
            },
            {
                "name": "DeleteLicenseManagerReportGenerator",
                "description": "Grants permission to delete a report generator",
                "access level": "Write",
                "resource types": [
                    "report-generator*"
                ],
                "conditionKeys": "",
                "dependentActions": [
                    ""
                ]
            },
            {
                "name": "DeleteToken",
                "description": "Grants permission to delete token",
                "access level": "Write",
                "resource types": [
                    ""
                ],
                "conditionKeys": "",
                "dependentActions": [
                    ""
                ]
            },
            {
                "name": "ExtendLicenseConsumption",
                "description": "Grants permission to extend consumption period of already checkout license entitlements",
                "access level": "Write",
                "resource types": [
                    ""
                ],
                "conditionKeys": "",
                "dependentActions": [
                    ""
                ]
            },
            {
                "name": "GetAccessToken",
                "description": "Grants permission to get access token",
                "access level": "Read",
                "resource types": [
                    ""
                ],
                "conditionKeys": "",
                "dependentActions": [
                    ""
                ]
            },
            {
                "name": "GetGrant",
                "description": "Grants permission to get a grant",
                "access level": "Read",
                "resource types": [
                    "grant*"
                ],
                "conditionKeys": "",
                "dependentActions": [
                    ""
                ]
            },
            {
                "name": "GetLicense",
                "description": "Grants permission to get a license",
                "access level": "Read",
                "resource types": [
                    "license*"
                ],
                "conditionKeys": "",
                "dependentActions": [
                    ""
                ]
            },
            {
                "name": "GetLicenseConfiguration",
                "description": "Grants permission to get a license configuration",
                "access level": "Read",
                "resource types": [
                    "license-configuration*"
                ],
                "conditionKeys": "",
                "dependentActions": [
                    ""
                ]
            },
            {
                "name": "GetLicenseConversionTask",
                "description": "Grants permission to retrieve a license conversion task",
                "access level": "Read",
                "resource types": [
                    ""
                ],
                "conditionKeys": "",
                "dependentActions": [
                    ""
                ]
            },
            {
                "name": "GetLicenseManagerReportGenerator",
                "description": "Grants permission to get a report generator",
                "access level": "Read",
                "resource types": [
                    "report-generator*"
                ],
                "conditionKeys": "",
                "dependentActions": [
                    ""
                ]
            },
            {
                "name": "GetLicenseUsage",
                "description": "Grants permission to get a license usage",
                "access level": "Read",
                "resource types": [
                    "license*"
                ],
                "conditionKeys": "",
                "dependentActions": [
                    ""
                ]
            },
            {
                "name": "GetServiceSettings",
                "description": "Grants permission to get service settings",
                "access level": "List",
                "resource types": [
                    ""
                ],
                "conditionKeys": "",
                "dependentActions": [
                    ""
                ]
            },
            {
                "name": "ListAssociationsForLicenseConfiguration",
                "description": "Grants permission to list associations for a selected license configuration",
                "access level": "List",
                "resource types": [
                    "license-configuration*"
                ],
                "conditionKeys": "",
                "dependentActions": [
                    ""
                ]
            },
            {
                "name": "ListDistributedGrants",
                "description": "Grants permission to list distributed grants",
                "access level": "List",
                "resource types": [
                    ""
                ],
                "conditionKeys": "",
                "dependentActions": [
                    ""
                ]
            },
            {
                "name": "ListFailuresForLicenseConfigurationOperations",
                "description": "Grants permission to list the license configuration operations that failed",
                "access level": "List",
                "resource types": [
                    "license-configuration*"
                ],
                "conditionKeys": "",
                "dependentActions": [
                    ""
                ]
            },
            {
                "name": "ListLicenseConfigurations",
                "description": "Grants permission to list license configurations",
                "access level": "Read",
                "resource types": [
                    ""
                ],
                "conditionKeys": "",
                "dependentActions": [
                    ""
                ]
            },
            {
                "name": "ListLicenseConversionTasks",
                "description": "Grants permission to list license conversion tasks",
                "access level": "List",
                "resource types": [
                    ""
                ],
                "conditionKeys": "",
                "dependentActions": [
                    ""
                ]
            },
            {
                "name": "ListLicenseManagerReportGenerators",
                "description": "Grants permission to list report generators",
                "access level": "List",
                "resource types": [
                    "license-configuration"
                ],
                "conditionKeys": "",
                "dependentActions": [
                    ""
                ]
            },
            {
                "name": "ListLicenseSpecificationsForResource",
                "description": "Grants permission to list license specifications associated with a selected resource",
                "access level": "List",
                "resource types": [
                    ""
                ],
                "conditionKeys": "",
                "dependentActions": [
                    ""
                ]
            },
            {
                "name": "ListLicenseVersions",
                "description": "Grants permission to list license versions",
                "access level": "List",
                "resource types": [
                    "license*"
                ],
                "conditionKeys": "",
                "dependentActions": [
                    ""
                ]
            },
            {
                "name": "ListLicenses",
                "description": "Grants permission to list licenses",
                "access level": "Read",
                "resource types": [
                    ""
                ],
                "conditionKeys": "",
                "dependentActions": [
                    ""
                ]
            },
            {
                "name": "ListReceivedGrants",
                "description": "Grants permission to list received grants",
                "access level": "List",
                "resource types": [
                    ""
                ],
                "conditionKeys": "",
                "dependentActions": [
                    ""
                ]
            },
            {
                "name": "ListReceivedGrantsForOrganization",
                "description": "Grants permission to list received grants for organization",
                "access level": "List",
                "resource types": [
                    ""
                ],
                "conditionKeys": "",
                "dependentActions": [
                    ""
                ]
            },
            {
                "name": "ListReceivedLicenses",
                "description": "Grants permission to list received licenses",
                "access level": "List",
                "resource types": [
                    ""
                ],
                "conditionKeys": "",
                "dependentActions": [
                    ""
                ]
            },
            {
                "name": "ListReceivedLicensesForOrganization",
                "description": "Grants permission to list received licenses for organization",
                "access level": "List",
                "resource types": [
                    ""
                ],
                "conditionKeys": "",
                "dependentActions": [
                    ""
                ]
            },
            {
                "name": "ListResourceInventory",
                "description": "Grants permission to list resource inventory",
                "access level": "List",
                "resource types": [
                    ""
                ],
                "conditionKeys": "",
                "dependentActions": [
                    ""
                ]
            },
            {
                "name": "ListTagsForResource",
                "description": "Grants permission to list tags for a selected resource",
                "access level": "Read",
                "resource types": [
                    "license-configuration*"
                ],
                "conditionKeys": "",
                "dependentActions": [
                    ""
                ]
            },
            {
                "name": "ListTokens",
                "description": "Grants permission to list tokens",
                "access level": "List",
                "resource types": [
                    ""
                ],
                "conditionKeys": "",
                "dependentActions": [
                    ""
                ]
            },
            {
                "name": "ListUsageForLicenseConfiguration",
                "description": "Grants permission to list usage records for selected license configuration",
                "access level": "List",
                "resource types": [
                    "license-configuration*"
                ],
                "conditionKeys": "",
                "dependentActions": [
                    ""
                ]
            },
            {
                "name": "RejectGrant",
                "description": "Grants permission to reject a grant",
                "access level": "Write",
                "resource types": [
                    "grant*"
                ],
                "conditionKeys": "",
                "dependentActions": [
                    ""
                ]
            },
            {
                "name": "TagResource",
                "description": "Grants permission to tag a selected resource",
                "access level": "Tagging",
                "resource types": [
                    "license-configuration*"
                ],
                "conditionKeys": "",
                "dependentActions": [
                    ""
                ]
            },
            {
                "name": "UntagResource",
                "description": "Grants permission to untag a selected resource",
                "access level": "Tagging",
                "resource types": [
                    "license-configuration*"
                ],
                "conditionKeys": "",
                "dependentActions": [
                    ""
                ]
            },
            {
                "name": "UpdateLicenseConfiguration",
                "description": "Grants permission to update an existing license configuration",
                "access level": "Write",
                "resource types": [
                    "license-configuration*"
                ],
                "conditionKeys": "",
                "dependentActions": [
                    ""
                ]
            },
            {
                "name": "UpdateLicenseManagerReportGenerator",
                "description": "Grants permission to update a report generator for a license configuration",
                "access level": "Write",
                "resource types": [
                    "report-generator*"
                ],
                "conditionKeys": "",
                "dependentActions": [
                    ""
                ]
            },
            {
                "name": "UpdateLicenseSpecificationsForResource",
                "description": "Grants permission to updates license specifications for a selected resource",
                "access level": "Write",
                "resource types": [
                    "license-configuration*"
                ],
                "conditionKeys": "",
                "dependentActions": [
                    ""
                ]
            },
            {
                "name": "UpdateServiceSettings",
                "description": "Grants permission to updates service settings",
                "access level": "Permissions management",
                "resource types": [
                    ""
                ],
                "conditionKeys": "",
                "dependentActions": [
                    ""
                ]
            }
        ]
    },
    {
        "resources": [
            {
                "resource_type": "license-configuration",
                "ARN": "arn:${Partition}:license-manager:${Region}:${Account}:license-configuration:${LicenseConfigurationId}",
                "conditionKeys": "license-manager:ResourceTag/${TagKey}"
            },
            {
                "resource_type": "license",
                "ARN": "arn:${Partition}:license-manager::${Account}:license:${LicenseId}",
                "conditionKeys": ""
            },
            {
                "resource_type": "grant",
                "ARN": "arn:${Partition}:license-manager::${Account}:grant:${GrantId}",
                "conditionKeys": ""
            },
            {
                "resource_type": "report-generator",
                "ARN": "arn:${Partition}:license-manager:${Region}:${Account}:report-generator:${ReportGeneratorId}",
                "conditionKeys": "license-manager:ResourceTag/${TagKey}"
            }
        ]
    },
    {
        "conditions": [
            {
                "Condition keys": "aws:RequestTag/${TagKey}",
                "Description": "Filters access by the tags that are passed in the request",
                "Type": "String"
            },
            {
                "Condition keys": "aws:TagKeys",
                "Description": "Filters access by tag keys that are passed in the request",
                "Type": "ArrayOfString"
            },
            {
                "Condition keys": "license-manager:ResourceTag/${TagKey}",
                "Description": "Filters access by the tag key-value pairs attached to the resource",
                "Type": "String"
            }
        ]
    }
]