[
    {
        "prefix_item": "logs"
    },
    {
        "link": "https://docs.aws.amazon.com/service-authorization/latest/reference/./list_amazoncloudwatchlogs.html"
    },
    {
        "actions": [
            {
                "name": "AssociateKmsKey",
                "description": "Grants permission to associate the specified AWS Key Management Service (AWS KMS) customer master key (CMK) with the specified log group",
                "access level": "Write",
                "resource types": [
                    "log-group*"
                ],
                "conditionKeys": "",
                "dependentActions": [
                    ""
                ]
            },
            {
                "name": "CancelExportTask",
                "description": "Grants permission to cancel an export task if it is in PENDING or RUNNING state",
                "access level": "Write",
                "resource types": [
                    ""
                ],
                "conditionKeys": "",
                "dependentActions": [
                    ""
                ]
            },
            {
                "name": "CreateExportTask",
                "description": "Grants permission to create an ExportTask which allows you to efficiently export data from a Log Group to your Amazon S3 bucket",
                "access level": "Write",
                "resource types": [
                    "log-group*"
                ],
                "conditionKeys": "",
                "dependentActions": [
                    ""
                ]
            },
            {
                "name": "CreateLogDelivery [permission only]",
                "description": "Grants permission to create the log delivery",
                "access level": "Write",
                "resource types": [
                    ""
                ],
                "conditionKeys": "",
                "dependentActions": [
                    ""
                ]
            },
            {
                "name": "CreateLogGroup",
                "description": "Grants permission to create a new log group with the specified name",
                "access level": "Write",
                "resource types": [
                    "log-group*"
                ],
                "conditionKeys": "",
                "dependentActions": [
                    ""
                ]
            },
            {
                "name": "CreateLogStream",
                "description": "Grants permission to create a new log stream with the specified name",
                "access level": "Write",
                "resource types": [
                    "log-group*"
                ],
                "conditionKeys": "",
                "dependentActions": [
                    ""
                ]
            },
            {
                "name": "DeleteDataProtectionPolicy",
                "description": "Grants permission to delete a data protection policy attached to a log group",
                "access level": "Write",
                "resource types": [
                    "log-group*"
                ],
                "conditionKeys": "",
                "dependentActions": [
                    ""
                ]
            },
            {
                "name": "DeleteDestination",
                "description": "Grants permission to delete the destination with the specified name",
                "access level": "Write",
                "resource types": [
                    "destination*"
                ],
                "conditionKeys": "",
                "dependentActions": [
                    ""
                ]
            },
            {
                "name": "DeleteLogDelivery [permission only]",
                "description": "Grants permission to delete the log delivery information for specified log delivery",
                "access level": "Write",
                "resource types": [
                    ""
                ],
                "conditionKeys": "",
                "dependentActions": [
                    ""
                ]
            },
            {
                "name": "DeleteLogGroup",
                "description": "Grants permission to delete the log group with the specified name",
                "access level": "Write",
                "resource types": [
                    "log-group*"
                ],
                "conditionKeys": "",
                "dependentActions": [
                    ""
                ]
            },
            {
                "name": "DeleteLogStream",
                "description": "Grants permission to delete a log stream",
                "access level": "Write",
                "resource types": [
                    "log-stream*"
                ],
                "conditionKeys": "",
                "dependentActions": [
                    ""
                ]
            },
            {
                "name": "DeleteMetricFilter",
                "description": "Grants permission to delete a metric filter associated with the specified log group",
                "access level": "Write",
                "resource types": [
                    "log-group*"
                ],
                "conditionKeys": "",
                "dependentActions": [
                    ""
                ]
            },
            {
                "name": "DeleteQueryDefinition",
                "description": "Grants permission to delete a saved CloudWatch Logs Insights query definition",
                "access level": "Write",
                "resource types": [
                    ""
                ],
                "conditionKeys": "",
                "dependentActions": [
                    ""
                ]
            },
            {
                "name": "DeleteResourcePolicy",
                "description": "Grants permission to delete a resource policy from this account",
                "access level": "Permissions management",
                "resource types": [
                    ""
                ],
                "conditionKeys": "",
                "dependentActions": [
                    ""
                ]
            },
            {
                "name": "DeleteRetentionPolicy",
                "description": "Grants permission to delete the retention policy of the specified log group",
                "access level": "Write",
                "resource types": [
                    "log-group*"
                ],
                "conditionKeys": "",
                "dependentActions": [
                    ""
                ]
            },
            {
                "name": "DeleteSubscriptionFilter",
                "description": "Grants permission to delete a subscription filter associated with the specified log group",
                "access level": "Write",
                "resource types": [
                    "log-group*"
                ],
                "conditionKeys": "",
                "dependentActions": [
                    ""
                ]
            },
            {
                "name": "DescribeDestinations",
                "description": "Grants permission to return all the destinations that are associated with the AWS account making the request",
                "access level": "List",
                "resource types": [
                    ""
                ],
                "conditionKeys": "",
                "dependentActions": [
                    ""
                ]
            },
            {
                "name": "DescribeExportTasks",
                "description": "Grants permission to return all the export tasks that are associated with the AWS account making the request",
                "access level": "List",
                "resource types": [
                    ""
                ],
                "conditionKeys": "",
                "dependentActions": [
                    ""
                ]
            },
            {
                "name": "DescribeLogGroups",
                "description": "Grants permission to return all the log groups that are associated with the AWS account making the request",
                "access level": "List",
                "resource types": [
                    "log-group*"
                ],
                "conditionKeys": "",
                "dependentActions": [
                    ""
                ]
            },
            {
                "name": "DescribeLogStreams",
                "description": "Grants permission to return all the log streams that are associated with the specified log group",
                "access level": "List",
                "resource types": [
                    "log-group*"
                ],
                "conditionKeys": "",
                "dependentActions": [
                    ""
                ]
            },
            {
                "name": "DescribeMetricFilters",
                "description": "Grants permission to return all the metrics filters associated with the specified log group",
                "access level": "List",
                "resource types": [
                    "log-group*"
                ],
                "conditionKeys": "",
                "dependentActions": [
                    ""
                ]
            },
            {
                "name": "DescribeQueries",
                "description": "Grants permission to return a list of CloudWatch Logs Insights queries that are scheduled, executing, or have been executed recently in this account",
                "access level": "List",
                "resource types": [
                    ""
                ],
                "conditionKeys": "",
                "dependentActions": [
                    ""
                ]
            },
            {
                "name": "DescribeQueryDefinitions",
                "description": "Grants permission to return a paginated list of your saved CloudWatch Logs Insights query definitions",
                "access level": "List",
                "resource types": [
                    ""
                ],
                "conditionKeys": "",
                "dependentActions": [
                    ""
                ]
            },
            {
                "name": "DescribeResourcePolicies",
                "description": "Grants permission to return all the resource policies in this account",
                "access level": "List",
                "resource types": [
                    ""
                ],
                "conditionKeys": "",
                "dependentActions": [
                    ""
                ]
            },
            {
                "name": "DescribeSubscriptionFilters",
                "description": "Grants permission to return all the subscription filters associated with the specified log group",
                "access level": "List",
                "resource types": [
                    "log-group*"
                ],
                "conditionKeys": "",
                "dependentActions": [
                    ""
                ]
            },
            {
                "name": "DisassociateKmsKey",
                "description": "Grants permission to disassociate the associated AWS Key Management Service (AWS KMS) customer master key (CMK) from the specified log group",
                "access level": "Write",
                "resource types": [
                    "log-group*"
                ],
                "conditionKeys": "",
                "dependentActions": [
                    ""
                ]
            },
            {
                "name": "FilterLogEvents",
                "description": "Grants permission to retrieve log events, optionally filtered by a filter pattern from the specified log group",
                "access level": "Read",
                "resource types": [
                    "log-group*"
                ],
                "conditionKeys": "",
                "dependentActions": [
                    ""
                ]
            },
            {
                "name": "GetDataProtectionPolicy",
                "description": "Grants permission to retrieve a data protection policy attached to a log group",
                "access level": "Read",
                "resource types": [
                    "log-group*"
                ],
                "conditionKeys": "",
                "dependentActions": [
                    ""
                ]
            },
            {
                "name": "GetLogDelivery [permission only]",
                "description": "Grants permission to get the log delivery information for specified log delivery",
                "access level": "Read",
                "resource types": [
                    ""
                ],
                "conditionKeys": "",
                "dependentActions": [
                    ""
                ]
            },
            {
                "name": "GetLogEvents",
                "description": "Grants permission to retrieve log events from the specified log stream",
                "access level": "Read",
                "resource types": [
                    "log-stream*"
                ],
                "conditionKeys": "",
                "dependentActions": [
                    ""
                ]
            },
            {
                "name": "GetLogGroupFields",
                "description": "Grants permission to return a list of the fields that are included in log events in the specified log group, along with the percentage of log events that contain each field",
                "access level": "Read",
                "resource types": [
                    "log-group*"
                ],
                "conditionKeys": "",
                "dependentActions": [
                    ""
                ]
            },
            {
                "name": "GetLogRecord",
                "description": "Grants permission to retrieve all the fields and values of a single log event",
                "access level": "Read",
                "resource types": [
                    ""
                ],
                "conditionKeys": "",
                "dependentActions": [
                    ""
                ]
            },
            {
                "name": "GetQueryResults",
                "description": "Grants permission to return the results from the specified query",
                "access level": "Read",
                "resource types": [
                    ""
                ],
                "conditionKeys": "",
                "dependentActions": [
                    ""
                ]
            },
            {
                "name": "Link [permission only]",
                "description": "Grants permission to share CloudWatch resources with a monitoring account",
                "access level": "Write",
                "resource types": [
                    ""
                ],
                "conditionKeys": "",
                "dependentActions": [
                    ""
                ]
            },
            {
                "name": "ListLogDeliveries [permission only]",
                "description": "Grants permission to list all the log deliveries for specified account and/or log source",
                "access level": "List",
                "resource types": [
                    ""
                ],
                "conditionKeys": "",
                "dependentActions": [
                    ""
                ]
            },
            {
                "name": "ListTagsForResource",
                "description": "Grants permission to list the tags for the specified resource",
                "access level": "List",
                "resource types": [
                    "destination"
                ],
                "conditionKeys": "",
                "dependentActions": [
                    ""
                ]
            },
            {
                "name": "ListTagsLogGroup",
                "description": "Grants permission to list the tags for the specified log group",
                "access level": "List",
                "resource types": [
                    "log-group*"
                ],
                "conditionKeys": "",
                "dependentActions": [
                    ""
                ]
            },
            {
                "name": "PutDataProtectionPolicy",
                "description": "Grants permission to attach a data protection policy to detect and redact sensitive information from log events",
                "access level": "Write",
                "resource types": [
                    "log-group*"
                ],
                "conditionKeys": "",
                "dependentActions": [
                    ""
                ]
            },
            {
                "name": "PutDestination",
                "description": "Grants permission to create or update a Destination",
                "access level": "Write",
                "resource types": [
                    "destination*"
                ],
                "conditionKeys": "",
                "dependentActions": [
                    "iam:PassRole"
                ]
            },
            {
                "name": "PutDestinationPolicy",
                "description": "Grants permission to create or update an access policy associated with an existing Destination",
                "access level": "Write",
                "resource types": [
                    "destination*"
                ],
                "conditionKeys": "",
                "dependentActions": [
                    ""
                ]
            },
            {
                "name": "PutLogEvents",
                "description": "Grants permission to upload a batch of log events to the specified log stream",
                "access level": "Write",
                "resource types": [
                    "log-stream*"
                ],
                "conditionKeys": "",
                "dependentActions": [
                    ""
                ]
            },
            {
                "name": "PutMetricFilter",
                "description": "Grants permission to create or update a metric filter and associates it with the specified log group",
                "access level": "Write",
                "resource types": [
                    "log-group*"
                ],
                "conditionKeys": "",
                "dependentActions": [
                    ""
                ]
            },
            {
                "name": "PutQueryDefinition",
                "description": "Grants permission to create or update a query definition",
                "access level": "Write",
                "resource types": [
                    ""
                ],
                "conditionKeys": "",
                "dependentActions": [
                    ""
                ]
            },
            {
                "name": "PutResourcePolicy",
                "description": "Grants permission to create or update a resource policy allowing other AWS services to put log events to this account",
                "access level": "Permissions management",
                "resource types": [
                    ""
                ],
                "conditionKeys": "",
                "dependentActions": [
                    ""
                ]
            },
            {
                "name": "PutRetentionPolicy",
                "description": "Grants permission to set the retention of the specified log group",
                "access level": "Write",
                "resource types": [
                    "log-group*"
                ],
                "conditionKeys": "",
                "dependentActions": [
                    ""
                ]
            },
            {
                "name": "PutSubscriptionFilter",
                "description": "Grants permission to create or update a subscription filter and associates it with the specified log group",
                "access level": "Write",
                "resource types": [
                    "log-group*"
                ],
                "conditionKeys": "",
                "dependentActions": [
                    "iam:PassRole"
                ]
            },
            {
                "name": "StartLiveTail [permission only]",
                "description": "Grants permission to start a livetail session in CloudWatch Logs",
                "access level": "Read",
                "resource types": [
                    ""
                ],
                "conditionKeys": "",
                "dependentActions": [
                    ""
                ]
            },
            {
                "name": "StartQuery",
                "description": "Grants permission to schedule a query of a log group using CloudWatch Logs Insights",
                "access level": "Read",
                "resource types": [
                    "log-group*"
                ],
                "conditionKeys": "",
                "dependentActions": [
                    ""
                ]
            },
            {
                "name": "StopLiveTail [permission only]",
                "description": "Grants permission to stop a CloudWatch Logs livetail session that is in progress",
                "access level": "Read",
                "resource types": [
                    ""
                ],
                "conditionKeys": "",
                "dependentActions": [
                    ""
                ]
            },
            {
                "name": "StopQuery",
                "description": "Grants permission to stop a CloudWatch Logs Insights query that is in progress",
                "access level": "Read",
                "resource types": [
                    ""
                ],
                "conditionKeys": "",
                "dependentActions": [
                    ""
                ]
            },
            {
                "name": "TagLogGroup",
                "description": "Grants permission to add or update the specified tags for the specified log group",
                "access level": "Tagging",
                "resource types": [
                    "log-group*"
                ],
                "conditionKeys": "",
                "dependentActions": [
                    ""
                ]
            },
            {
                "name": "TagResource",
                "description": "Grants permission to add or update the specified tags for the specified resource",
                "access level": "Tagging",
                "resource types": [
                    "destination"
                ],
                "conditionKeys": "",
                "dependentActions": [
                    ""
                ]
            },
            {
                "name": "TestMetricFilter",
                "description": "Grants permission to test the filter pattern of a metric filter against a sample of log event messages",
                "access level": "Read",
                "resource types": [
                    ""
                ],
                "conditionKeys": "",
                "dependentActions": [
                    ""
                ]
            },
            {
                "name": "Unmask [permission only]",
                "description": "Grants permission to fetch unmasked log events that have been redacted with a data protection policy",
                "access level": "Read",
                "resource types": [
                    "log-group*"
                ],
                "conditionKeys": "",
                "dependentActions": [
                    ""
                ]
            },
            {
                "name": "UntagLogGroup",
                "description": "Grants permission to remove the specified tags from the specified log group",
                "access level": "Tagging",
                "resource types": [
                    "log-group*"
                ],
                "conditionKeys": "",
                "dependentActions": [
                    ""
                ]
            },
            {
                "name": "UntagResource",
                "description": "Grants permission to remove the specified tags from the specified resource",
                "access level": "Tagging",
                "resource types": [
                    "destination"
                ],
                "conditionKeys": "",
                "dependentActions": [
                    ""
                ]
            },
            {
                "name": "UpdateLogDelivery [permission only]",
                "description": "Grants permission to update the log delivery information for specified log delivery",
                "access level": "Write",
                "resource types": [
                    ""
                ],
                "conditionKeys": "",
                "dependentActions": [
                    ""
                ]
            }
        ]
    },
    {
        "resources": [
            {
                "resource_type": "log-group",
                "ARN": "arn:${Partition}:logs:${Region}:${Account}:log-group:${LogGroupName}",
                "conditionKeys": "aws:ResourceTag/${TagKey}"
            },
            {
                "resource_type": "log-stream",
                "ARN": "arn:${Partition}:logs:${Region}:${Account}:log-group:${LogGroupName}:log-stream:${LogStreamName}",
                "conditionKeys": "aws:ResourceTag/${TagKey}"
            },
            {
                "resource_type": "destination",
                "ARN": "arn:${Partition}:logs:${Region}:${Account}:destination:${DestinationName}",
                "conditionKeys": "aws:ResourceTag/${TagKey}"
            }
        ]
    },
    {
        "conditions": [
            {
                "Condition keys": "aws:RequestTag/${TagKey}",
                "Description": "Filters access by the tags that are passed in the request",
                "Type": "String"
            },
            {
                "Condition keys": "aws:ResourceTag/${TagKey}",
                "Description": "Filters access by the tags associated with the resource",
                "Type": "String"
            },
            {
                "Condition keys": "aws:TagKeys",
                "Description": "Filters access by the tag keys that are passed in the request",
                "Type": "ArrayOfString"
            }
        ]
    }
]