[
    {
        "prefix_item": "lookoutmetrics"
    },
    {
        "link": "https://docs.aws.amazon.com/service-authorization/latest/reference/./list_amazonlookoutformetrics.html"
    },
    {
        "actions": [
            {
                "name": "ActivateAnomalyDetector",
                "description": "Grants permission to activate an anomaly detector",
                "access level": "Write",
                "resource types": [
                    "AnomalyDetector*"
                ],
                "conditionKeys": "",
                "dependentActions": [
                    ""
                ]
            },
            {
                "name": "BackTestAnomalyDetector",
                "description": "Grants permission to run a backtest with an anomaly detector",
                "access level": "Write",
                "resource types": [
                    "AnomalyDetector*"
                ],
                "conditionKeys": "",
                "dependentActions": [
                    ""
                ]
            },
            {
                "name": "CreateAlert",
                "description": "Grants permission to create an alert for an anomaly detector",
                "access level": "Write",
                "resource types": [
                    "Alert*"
                ],
                "conditionKeys": "",
                "dependentActions": [
                    ""
                ]
            },
            {
                "name": "CreateAnomalyDetector",
                "description": "Grants permission to create an anomaly detector",
                "access level": "Write",
                "resource types": [
                    "AnomalyDetector*"
                ],
                "conditionKeys": "",
                "dependentActions": [
                    ""
                ]
            },
            {
                "name": "CreateMetricSet",
                "description": "Grants permission to create a dataset",
                "access level": "Write",
                "resource types": [
                    "AnomalyDetector*"
                ],
                "conditionKeys": "",
                "dependentActions": [
                    ""
                ]
            },
            {
                "name": "DeactivateAnomalyDetector",
                "description": "Grants permission to deactivate an anomaly detector",
                "access level": "Write",
                "resource types": [
                    "AnomalyDetector*"
                ],
                "conditionKeys": "",
                "dependentActions": [
                    ""
                ]
            },
            {
                "name": "DeleteAlert",
                "description": "Grants permission to delete an alert",
                "access level": "Write",
                "resource types": [
                    "Alert*"
                ],
                "conditionKeys": "",
                "dependentActions": [
                    ""
                ]
            },
            {
                "name": "DeleteAnomalyDetector",
                "description": "Grants permission to delete an anomaly detector",
                "access level": "Write",
                "resource types": [
                    "AnomalyDetector*"
                ],
                "conditionKeys": "",
                "dependentActions": [
                    ""
                ]
            },
            {
                "name": "DescribeAlert",
                "description": "Grants permission to get details about an alert",
                "access level": "Read",
                "resource types": [
                    "Alert*"
                ],
                "conditionKeys": "",
                "dependentActions": [
                    ""
                ]
            },
            {
                "name": "DescribeAnomalyDetectionExecutions",
                "description": "Grants permission to get information about an anomaly detection job",
                "access level": "Read",
                "resource types": [
                    "AnomalyDetector*"
                ],
                "conditionKeys": "",
                "dependentActions": [
                    ""
                ]
            },
            {
                "name": "DescribeAnomalyDetector",
                "description": "Grants permission to get details about an anomaly detector",
                "access level": "Read",
                "resource types": [
                    "AnomalyDetector*"
                ],
                "conditionKeys": "",
                "dependentActions": [
                    ""
                ]
            },
            {
                "name": "DescribeMetricSet",
                "description": "Grants permission to get details about a dataset",
                "access level": "Read",
                "resource types": [
                    "MetricSet*"
                ],
                "conditionKeys": "",
                "dependentActions": [
                    ""
                ]
            },
            {
                "name": "DetectMetricSetConfig",
                "description": "Grants permission to detect metric set config from data source",
                "access level": "Write",
                "resource types": [
                    "AnomalyDetector*"
                ],
                "conditionKeys": "",
                "dependentActions": [
                    ""
                ]
            },
            {
                "name": "GetAnomalyGroup",
                "description": "Grants permission to get details about a group of affected metrics",
                "access level": "Read",
                "resource types": [
                    "AnomalyDetector*"
                ],
                "conditionKeys": "",
                "dependentActions": [
                    ""
                ]
            },
            {
                "name": "GetDataQualityMetrics",
                "description": "Grants permission to get data quality metrics for an anomaly detector",
                "access level": "Read",
                "resource types": [
                    "AnomalyDetector*"
                ],
                "conditionKeys": "",
                "dependentActions": [
                    ""
                ]
            },
            {
                "name": "GetFeedback",
                "description": "Grants permission to get feedback on affected metrics for an anomaly group",
                "access level": "Read",
                "resource types": [
                    "AnomalyDetector*"
                ],
                "conditionKeys": "",
                "dependentActions": [
                    ""
                ]
            },
            {
                "name": "GetSampleData",
                "description": "Grants permission to get a selection of sample records from an Amazon S3 datasource",
                "access level": "Read",
                "resource types": [
                    ""
                ],
                "conditionKeys": "",
                "dependentActions": [
                    ""
                ]
            },
            {
                "name": "ListAlerts",
                "description": "Grants permission to get a list of alerts for a detector",
                "access level": "List",
                "resource types": [
                    "AnomalyDetector"
                ],
                "conditionKeys": "",
                "dependentActions": [
                    ""
                ]
            },
            {
                "name": "ListAnomalyDetectors",
                "description": "Grants permission to get a list of anomaly detectors",
                "access level": "List",
                "resource types": [
                    ""
                ],
                "conditionKeys": "",
                "dependentActions": [
                    ""
                ]
            },
            {
                "name": "ListAnomalyGroupRelatedMetrics",
                "description": "Grants permission to get a list of related measures in an anomaly group",
                "access level": "List",
                "resource types": [
                    "AnomalyDetector*"
                ],
                "conditionKeys": "",
                "dependentActions": [
                    ""
                ]
            },
            {
                "name": "ListAnomalyGroupSummaries",
                "description": "Grants permission to get a list of anomaly groups",
                "access level": "List",
                "resource types": [
                    "AnomalyDetector*"
                ],
                "conditionKeys": "",
                "dependentActions": [
                    ""
                ]
            },
            {
                "name": "ListAnomalyGroupTimeSeries",
                "description": "Grants permission to get a list of affected metrics for a measure in an anomaly group",
                "access level": "List",
                "resource types": [
                    "AnomalyDetector*"
                ],
                "conditionKeys": "",
                "dependentActions": [
                    ""
                ]
            },
            {
                "name": "ListMetricSets",
                "description": "Grants permission to get a list of datasets",
                "access level": "List",
                "resource types": [
                    "AnomalyDetector"
                ],
                "conditionKeys": "",
                "dependentActions": [
                    ""
                ]
            },
            {
                "name": "ListTagsForResource",
                "description": "Grants permission to get a list of tags for a detector, dataset, or alert",
                "access level": "Read",
                "resource types": [
                    "Alert"
                ],
                "conditionKeys": "",
                "dependentActions": [
                    ""
                ]
            },
            {
                "name": "PutFeedback",
                "description": "Grants permission to add feedback for an affected metric in an anomaly group",
                "access level": "Write",
                "resource types": [
                    "AnomalyDetector*"
                ],
                "conditionKeys": "",
                "dependentActions": [
                    ""
                ]
            },
            {
                "name": "TagResource",
                "description": "Grants permission to add tags to a detector, dataset, or alert",
                "access level": "Tagging",
                "resource types": [
                    "Alert"
                ],
                "conditionKeys": "",
                "dependentActions": [
                    ""
                ]
            },
            {
                "name": "UntagResource",
                "description": "Grants permission to remove tags from a detector, dataset, or alert",
                "access level": "Tagging",
                "resource types": [
                    "Alert"
                ],
                "conditionKeys": "",
                "dependentActions": [
                    ""
                ]
            },
            {
                "name": "UpdateAlert",
                "description": "Grants permission to update an alert for an anomaly detector",
                "access level": "Write",
                "resource types": [
                    "Alert*"
                ],
                "conditionKeys": "",
                "dependentActions": [
                    ""
                ]
            },
            {
                "name": "UpdateAnomalyDetector",
                "description": "Grants permission to update an anomaly detector",
                "access level": "Write",
                "resource types": [
                    "AnomalyDetector*"
                ],
                "conditionKeys": "",
                "dependentActions": [
                    ""
                ]
            },
            {
                "name": "UpdateMetricSet",
                "description": "Grants permission to update a dataset",
                "access level": "Write",
                "resource types": [
                    "MetricSet*"
                ],
                "conditionKeys": "",
                "dependentActions": [
                    ""
                ]
            }
        ]
    },
    {
        "resources": [
            {
                "resource_type": "AnomalyDetector",
                "ARN": "arn:${Partition}:lookoutmetrics:${Region}:${Account}:AnomalyDetector:${AnomalyDetectorName}",
                "conditionKeys": "aws:ResourceTag/${TagKey}"
            },
            {
                "resource_type": "MetricSet",
                "ARN": "arn:${Partition}:lookoutmetrics:${Region}:${Account}:MetricSet/${AnomalyDetectorName}/${MetricSetName}",
                "conditionKeys": "aws:ResourceTag/${TagKey}"
            },
            {
                "resource_type": "Alert",
                "ARN": "arn:${Partition}:lookoutmetrics:${Region}:${Account}:Alert:${AlertName}",
                "conditionKeys": "aws:ResourceTag/${TagKey}"
            }
        ]
    },
    {
        "conditions": [
            {
                "Condition keys": "aws:RequestTag/${TagKey}",
                "Description": "Filters access by the tags that are passed in the request",
                "Type": "String"
            },
            {
                "Condition keys": "aws:ResourceTag/${TagKey}",
                "Description": "Filters access by the tags associated with the resource",
                "Type": "String"
            },
            {
                "Condition keys": "aws:TagKeys",
                "Description": "Filters access by the tag keys that are passed in the request",
                "Type": "ArrayOfString"
            }
        ]
    }
]