[
    {
        "prefix_item": "lookoutequipment"
    },
    {
        "link": "https://docs.aws.amazon.com/service-authorization/latest/reference/./list_amazonlookoutforequipment.html"
    },
    {
        "actions": [
            {
                "name": "CreateDataset",
                "description": "Grants permission to create a dataset",
                "access level": "Write",
                "resource types": [
                    "dataset*"
                ],
                "conditionKeys": "",
                "dependentActions": [
                    ""
                ]
            },
            {
                "name": "CreateInferenceScheduler",
                "description": "Grants permission to create an inference scheduler for a trained model",
                "access level": "Write",
                "resource types": [
                    "inference-scheduler*"
                ],
                "conditionKeys": "",
                "dependentActions": [
                    ""
                ]
            },
            {
                "name": "CreateLabel",
                "description": "Grants permission to create a label",
                "access level": "Write",
                "resource types": [
                    "label-group*"
                ],
                "conditionKeys": "",
                "dependentActions": [
                    ""
                ]
            },
            {
                "name": "CreateLabelGroup",
                "description": "Grants permission to create a label group",
                "access level": "Write",
                "resource types": [
                    "label-group*"
                ],
                "conditionKeys": "",
                "dependentActions": [
                    ""
                ]
            },
            {
                "name": "CreateModel",
                "description": "Grants permission to create a model that is trained on a dataset",
                "access level": "Write",
                "resource types": [
                    "dataset*"
                ],
                "conditionKeys": "",
                "dependentActions": [
                    ""
                ]
            },
            {
                "name": "DeleteDataset",
                "description": "Grants permission to delete a dataset",
                "access level": "Write",
                "resource types": [
                    "dataset*"
                ],
                "conditionKeys": "",
                "dependentActions": [
                    ""
                ]
            },
            {
                "name": "DeleteInferenceScheduler",
                "description": "Grants permission to delete an inference scheduler",
                "access level": "Write",
                "resource types": [
                    "inference-scheduler*"
                ],
                "conditionKeys": "",
                "dependentActions": [
                    ""
                ]
            },
            {
                "name": "DeleteLabel",
                "description": "Grants permission to delete a label",
                "access level": "Write",
                "resource types": [
                    "label-group*"
                ],
                "conditionKeys": "",
                "dependentActions": [
                    ""
                ]
            },
            {
                "name": "DeleteLabelGroup",
                "description": "Grants permission to delete a label group",
                "access level": "Write",
                "resource types": [
                    "label-group*"
                ],
                "conditionKeys": "",
                "dependentActions": [
                    ""
                ]
            },
            {
                "name": "DeleteModel",
                "description": "Grants permission to delete a model",
                "access level": "Write",
                "resource types": [
                    "model*"
                ],
                "conditionKeys": "",
                "dependentActions": [
                    ""
                ]
            },
            {
                "name": "DescribeDataIngestionJob",
                "description": "Grants permission to describe a data ingestion job",
                "access level": "Read",
                "resource types": [
                    ""
                ],
                "conditionKeys": "",
                "dependentActions": [
                    ""
                ]
            },
            {
                "name": "DescribeDataset",
                "description": "Grants permission to describe a dataset",
                "access level": "Read",
                "resource types": [
                    "dataset*"
                ],
                "conditionKeys": "",
                "dependentActions": [
                    ""
                ]
            },
            {
                "name": "DescribeInferenceScheduler",
                "description": "Grants permission to describe an inference scheduler",
                "access level": "Read",
                "resource types": [
                    "inference-scheduler*"
                ],
                "conditionKeys": "",
                "dependentActions": [
                    ""
                ]
            },
            {
                "name": "DescribeLabelGroup",
                "description": "Grants permission to describe a label group",
                "access level": "Read",
                "resource types": [
                    "label-group*"
                ],
                "conditionKeys": "",
                "dependentActions": [
                    ""
                ]
            },
            {
                "name": "DescribeModel",
                "description": "Grants permission to describe a model",
                "access level": "Read",
                "resource types": [
                    "model*"
                ],
                "conditionKeys": "",
                "dependentActions": [
                    ""
                ]
            },
            {
                "name": "Describelabel",
                "description": "Grants permission to describe a label",
                "access level": "Read",
                "resource types": [
                    "label-group*"
                ],
                "conditionKeys": "",
                "dependentActions": [
                    ""
                ]
            },
            {
                "name": "ListDataIngestionJobs",
                "description": "Grants permission to list the data ingestion jobs in your account or for a particular dataset",
                "access level": "List",
                "resource types": [
                    "dataset*"
                ],
                "conditionKeys": "",
                "dependentActions": [
                    ""
                ]
            },
            {
                "name": "ListDatasets",
                "description": "Grants permission to list the datasets in your account",
                "access level": "List",
                "resource types": [
                    ""
                ],
                "conditionKeys": "",
                "dependentActions": [
                    ""
                ]
            },
            {
                "name": "ListInferenceEvents",
                "description": "Grants permission to list the inference events for an inference scheduler",
                "access level": "Read",
                "resource types": [
                    "inference-scheduler*"
                ],
                "conditionKeys": "",
                "dependentActions": [
                    ""
                ]
            },
            {
                "name": "ListInferenceExecutions",
                "description": "Grants permission to list the inference executions for an inference scheduler",
                "access level": "Read",
                "resource types": [
                    "inference-scheduler*"
                ],
                "conditionKeys": "",
                "dependentActions": [
                    ""
                ]
            },
            {
                "name": "ListInferenceSchedulers",
                "description": "Grants permission to list the inference schedulers in your account",
                "access level": "List",
                "resource types": [
                    ""
                ],
                "conditionKeys": "",
                "dependentActions": [
                    ""
                ]
            },
            {
                "name": "ListLabelGroups",
                "description": "Grants permission to list the label groups in your account",
                "access level": "List",
                "resource types": [
                    "label-group*"
                ],
                "conditionKeys": "",
                "dependentActions": [
                    ""
                ]
            },
            {
                "name": "ListLabels",
                "description": "Grants permission to list the labels in your account",
                "access level": "List",
                "resource types": [
                    "label-group*"
                ],
                "conditionKeys": "",
                "dependentActions": [
                    ""
                ]
            },
            {
                "name": "ListModels",
                "description": "Grants permission to list the models in your account",
                "access level": "List",
                "resource types": [
                    ""
                ],
                "conditionKeys": "",
                "dependentActions": [
                    ""
                ]
            },
            {
                "name": "ListSensorStatistics",
                "description": "Grants permission to list the sensor statistics for a particular dataset or an ingestion job",
                "access level": "List",
                "resource types": [
                    "dataset*"
                ],
                "conditionKeys": "",
                "dependentActions": [
                    ""
                ]
            },
            {
                "name": "ListTagsForResource",
                "description": "Grants permission to list the tags for a resource",
                "access level": "Read",
                "resource types": [
                    "dataset"
                ],
                "conditionKeys": "",
                "dependentActions": [
                    ""
                ]
            },
            {
                "name": "StartDataIngestionJob",
                "description": "Grants permission to start a data ingestion job for a dataset",
                "access level": "Write",
                "resource types": [
                    "dataset*"
                ],
                "conditionKeys": "",
                "dependentActions": [
                    ""
                ]
            },
            {
                "name": "StartInferenceScheduler",
                "description": "Grants permission to start an inference scheduler",
                "access level": "Write",
                "resource types": [
                    "inference-scheduler*"
                ],
                "conditionKeys": "",
                "dependentActions": [
                    ""
                ]
            },
            {
                "name": "StopInferenceScheduler",
                "description": "Grants permission to stop an inference scheduler",
                "access level": "Write",
                "resource types": [
                    "inference-scheduler*"
                ],
                "conditionKeys": "",
                "dependentActions": [
                    ""
                ]
            },
            {
                "name": "TagResource",
                "description": "Grants permission to tag a resource",
                "access level": "Tagging",
                "resource types": [
                    "dataset"
                ],
                "conditionKeys": "",
                "dependentActions": [
                    ""
                ]
            },
            {
                "name": "UntagResource",
                "description": "Grants permission to untag a resource",
                "access level": "Tagging",
                "resource types": [
                    "dataset"
                ],
                "conditionKeys": "",
                "dependentActions": [
                    ""
                ]
            },
            {
                "name": "UpdateInferenceScheduler",
                "description": "Grants permission to update an inference scheduler",
                "access level": "Write",
                "resource types": [
                    "inference-scheduler*"
                ],
                "conditionKeys": "",
                "dependentActions": [
                    ""
                ]
            },
            {
                "name": "UpdateLabelGroup",
                "description": "Grants permission to update a label group",
                "access level": "Write",
                "resource types": [
                    "label-group*"
                ],
                "conditionKeys": "",
                "dependentActions": [
                    ""
                ]
            }
        ]
    },
    {
        "resources": [
            {
                "resource_type": "dataset",
                "ARN": "arn:${Partition}:lookoutequipment:${Region}:${Account}:dataset/${DatasetName}/${DatasetId}",
                "conditionKeys": "aws:ResourceTag/${TagKey}"
            },
            {
                "resource_type": "model",
                "ARN": "arn:${Partition}:lookoutequipment:${Region}:${Account}:model/${ModelName}/${ModelId}",
                "conditionKeys": "aws:ResourceTag/${TagKey}"
            },
            {
                "resource_type": "inference-scheduler",
                "ARN": "arn:${Partition}:lookoutequipment:${Region}:${Account}:inference-scheduler/${InferenceSchedulerName}/${InferenceSchedulerId}",
                "conditionKeys": "aws:ResourceTag/${TagKey}"
            },
            {
                "resource_type": "label-group",
                "ARN": "arn:${Partition}:lookoutequipment:${Region}:${Account}:label-group/${LabelGroupName}/${LabelGroupId}",
                "conditionKeys": "aws:ResourceTag/${TagKey}"
            }
        ]
    },
    {
        "conditions": [
            {
                "Condition keys": "aws:RequestTag/${TagKey}",
                "Description": "Filters access by the presence of tag key-value pairs in the request",
                "Type": "String"
            },
            {
                "Condition keys": "aws:ResourceTag/${TagKey}",
                "Description": "Filters access by tag key-value pairs attached to the resource",
                "Type": "String"
            },
            {
                "Condition keys": "aws:TagKeys",
                "Description": "Filters access by the presence of tag keys in the request",
                "Type": "ArrayOfString"
            }
        ]
    }
]