[
    {
        "prefix_item": "lookoutvision"
    },
    {
        "link": "https://docs.aws.amazon.com/service-authorization/latest/reference/./list_amazonlookoutforvision.html"
    },
    {
        "actions": [
            {
                "name": "CreateDataset",
                "description": "Grants permission to create a dataset manifest",
                "access level": "Write",
                "resource types": [
                    ""
                ],
                "conditionKeys": "",
                "dependentActions": [
                    ""
                ]
            },
            {
                "name": "CreateModel",
                "description": "Grants permission to create a new anomaly detection model",
                "access level": "Write",
                "resource types": [
                    "model*"
                ],
                "conditionKeys": "",
                "dependentActions": [
                    ""
                ]
            },
            {
                "name": "CreateProject",
                "description": "Grants permission to create a new project",
                "access level": "Write",
                "resource types": [
                    "project*"
                ],
                "conditionKeys": "",
                "dependentActions": [
                    ""
                ]
            },
            {
                "name": "DeleteDataset",
                "description": "Grants permission to delete a dataset",
                "access level": "Write",
                "resource types": [
                    ""
                ],
                "conditionKeys": "",
                "dependentActions": [
                    ""
                ]
            },
            {
                "name": "DeleteModel",
                "description": "Grants permission to delete a model and all associated assets",
                "access level": "Write",
                "resource types": [
                    "model*"
                ],
                "conditionKeys": "",
                "dependentActions": [
                    ""
                ]
            },
            {
                "name": "DeleteProject",
                "description": "Grants permission to permanently remove a project",
                "access level": "Write",
                "resource types": [
                    "project*"
                ],
                "conditionKeys": "",
                "dependentActions": [
                    ""
                ]
            },
            {
                "name": "DescribeDataset",
                "description": "Grants permission to show detailed information about dataset manifest",
                "access level": "Read",
                "resource types": [
                    ""
                ],
                "conditionKeys": "",
                "dependentActions": [
                    ""
                ]
            },
            {
                "name": "DescribeModel",
                "description": "Grants permission to show detailed information about a model",
                "access level": "Read",
                "resource types": [
                    "model*"
                ],
                "conditionKeys": "",
                "dependentActions": [
                    ""
                ]
            },
            {
                "name": "DescribeModelPackagingJob",
                "description": "Grants permission to show detailed information about a model packaging job",
                "access level": "Read",
                "resource types": [
                    ""
                ],
                "conditionKeys": "",
                "dependentActions": [
                    ""
                ]
            },
            {
                "name": "DescribeProject",
                "description": "Grants permission to show detailed information about a project",
                "access level": "Read",
                "resource types": [
                    "project*"
                ],
                "conditionKeys": "",
                "dependentActions": [
                    ""
                ]
            },
            {
                "name": "DescribeTrialDetection [permission only]",
                "description": "Grants permission to provides state information about a running anomaly detection job",
                "access level": "Read",
                "resource types": [
                    ""
                ],
                "conditionKeys": "",
                "dependentActions": [
                    ""
                ]
            },
            {
                "name": "DetectAnomalies",
                "description": "Grants permission to invoke detection of anomalies",
                "access level": "Write",
                "resource types": [
                    "model*"
                ],
                "conditionKeys": "",
                "dependentActions": [
                    ""
                ]
            },
            {
                "name": "ListDatasetEntries",
                "description": "Grants permission to list the contents of dataset manifest",
                "access level": "Read",
                "resource types": [
                    ""
                ],
                "conditionKeys": "",
                "dependentActions": [
                    ""
                ]
            },
            {
                "name": "ListModelPackagingJobs",
                "description": "Grants permission to list all model packaging jobs associated with a project",
                "access level": "List",
                "resource types": [
                    ""
                ],
                "conditionKeys": "",
                "dependentActions": [
                    ""
                ]
            },
            {
                "name": "ListModels",
                "description": "Grants permission to list all models associated with a project",
                "access level": "List",
                "resource types": [
                    ""
                ],
                "conditionKeys": "",
                "dependentActions": [
                    ""
                ]
            },
            {
                "name": "ListProjects",
                "description": "Grants permission to list all projects",
                "access level": "List",
                "resource types": [
                    ""
                ],
                "conditionKeys": "",
                "dependentActions": [
                    ""
                ]
            },
            {
                "name": "ListTagsForResource",
                "description": "Grants permission to list tags for a resource",
                "access level": "Read",
                "resource types": [
                    "model"
                ],
                "conditionKeys": "",
                "dependentActions": [
                    ""
                ]
            },
            {
                "name": "ListTrialDetections [permission only]",
                "description": "Grants permission to list all anomaly detection jobs",
                "access level": "List",
                "resource types": [
                    ""
                ],
                "conditionKeys": "",
                "dependentActions": [
                    ""
                ]
            },
            {
                "name": "StartModel",
                "description": "Grants permission to start anomaly detection model",
                "access level": "Write",
                "resource types": [
                    "model*"
                ],
                "conditionKeys": "",
                "dependentActions": [
                    ""
                ]
            },
            {
                "name": "StartModelPackagingJob",
                "description": "Grants permission to start a model packaging job",
                "access level": "Write",
                "resource types": [
                    "model*"
                ],
                "conditionKeys": "",
                "dependentActions": [
                    ""
                ]
            },
            {
                "name": "StartTrialDetection [permission only]",
                "description": "Grants permission to start bulk detection of anomalies for a set of images stored in an S3 bucket",
                "access level": "Write",
                "resource types": [
                    ""
                ],
                "conditionKeys": "",
                "dependentActions": [
                    ""
                ]
            },
            {
                "name": "StopModel",
                "description": "Grants permission to stop anomaly detection model",
                "access level": "Write",
                "resource types": [
                    "model*"
                ],
                "conditionKeys": "",
                "dependentActions": [
                    ""
                ]
            },
            {
                "name": "TagResource",
                "description": "Grants permission to tag a resource with given key value pairs",
                "access level": "Tagging",
                "resource types": [
                    "model"
                ],
                "conditionKeys": "",
                "dependentActions": [
                    ""
                ]
            },
            {
                "name": "UntagResource",
                "description": "Grants permission to remove the tag with the given key from a resource",
                "access level": "Tagging",
                "resource types": [
                    "model"
                ],
                "conditionKeys": "",
                "dependentActions": [
                    ""
                ]
            },
            {
                "name": "UpdateDatasetEntries",
                "description": "Grants permission to update a training or test dataset manifest",
                "access level": "Write",
                "resource types": [
                    ""
                ],
                "conditionKeys": "",
                "dependentActions": [
                    ""
                ]
            }
        ]
    },
    {
        "resources": [
            {
                "resource_type": "model",
                "ARN": "arn:${Partition}:lookoutvision:${Region}:${Account}:model/${ProjectName}/${ModelVersion}",
                "conditionKeys": "aws:ResourceTag/${TagKey}"
            },
            {
                "resource_type": "project",
                "ARN": "arn:${Partition}:lookoutvision:${Region}:${Account}:project/${ProjectName}",
                "conditionKeys": ""
            }
        ]
    },
    {
        "conditions": [
            {
                "Condition keys": "aws:RequestTag/${TagKey}",
                "Description": "Filters access by the tags that are passed in the request",
                "Type": "String"
            },
            {
                "Condition keys": "aws:ResourceTag/${TagKey}",
                "Description": "Filters access by the tags associated with the resource",
                "Type": "String"
            },
            {
                "Condition keys": "aws:TagKeys",
                "Description": "Filters access by the tag keys that are passed in the request",
                "Type": "ArrayOfString"
            }
        ]
    }
]