[
    {
        "prefix_item": "marketplacecommerceanalytics"
    },
    {
        "link": "https://docs.aws.amazon.com/service-authorization/latest/reference/./list_awsmarketplacecommerceanalyticsservice.html"
    },
    {
        "actions": [
            {
                "name": "GenerateDataSet",
                "description": "Request a data set to be published to your Amazon S3 bucket.",
                "access level": "Write",
                "resource types": [
                    ""
                ],
                "conditionKeys": "",
                "dependentActions": [
                    ""
                ]
            },
            {
                "name": "StartSupportDataExport",
                "description": "Request a support data set to be published to your Amazon S3 bucket.",
                "access level": "Write",
                "resource types": [
                    ""
                ],
                "conditionKeys": "",
                "dependentActions": [
                    ""
                ]
            }
        ]
    }
]