[
    {
        "prefix_item": "mechanicalturk"
    },
    {
        "link": "https://docs.aws.amazon.com/service-authorization/latest/reference/./list_amazonmechanicalturk.html"
    },
    {
        "actions": [
            {
                "name": "AcceptQualificationRequest",
                "description": "The AcceptQualificationRequest operation grants a Worker's request for a Qualification",
                "access level": "Write",
                "resource types": [
                    ""
                ],
                "conditionKeys": "",
                "dependentActions": [
                    ""
                ]
            },
            {
                "name": "ApproveAssignment",
                "description": "The ApproveAssignment operation approves the results of a completed assignment",
                "access level": "Write",
                "resource types": [
                    ""
                ],
                "conditionKeys": "",
                "dependentActions": [
                    ""
                ]
            },
            {
                "name": "AssociateQualificationWithWorker",
                "description": "The AssociateQualificationWithWorker operation gives a Worker a Qualification",
                "access level": "Write",
                "resource types": [
                    ""
                ],
                "conditionKeys": "",
                "dependentActions": [
                    ""
                ]
            },
            {
                "name": "CreateAdditionalAssignmentsForHIT",
                "description": "The CreateAdditionalAssignmentsForHIT operation increases the maximum number of assignments of an existing HIT",
                "access level": "Write",
                "resource types": [
                    ""
                ],
                "conditionKeys": "",
                "dependentActions": [
                    ""
                ]
            },
            {
                "name": "CreateHIT",
                "description": "The CreateHIT operation creates a new HIT (Human Intelligence Task)",
                "access level": "Write",
                "resource types": [
                    ""
                ],
                "conditionKeys": "",
                "dependentActions": [
                    ""
                ]
            },
            {
                "name": "CreateHITType",
                "description": "The CreateHITType operation creates a new HIT type",
                "access level": "Write",
                "resource types": [
                    ""
                ],
                "conditionKeys": "",
                "dependentActions": [
                    ""
                ]
            },
            {
                "name": "CreateHITWithHITType",
                "description": "The CreateHITWithHITType operation creates a new Human Intelligence Task (HIT) using an existing HITTypeID generated by the CreateHITType operation",
                "access level": "Write",
                "resource types": [
                    ""
                ],
                "conditionKeys": "",
                "dependentActions": [
                    ""
                ]
            },
            {
                "name": "CreateQualificationType",
                "description": "The CreateQualificationType operation creates a new Qualification type, which is represented by a QualificationType data structure",
                "access level": "Write",
                "resource types": [
                    ""
                ],
                "conditionKeys": "",
                "dependentActions": [
                    ""
                ]
            },
            {
                "name": "CreateWorkerBlock",
                "description": "The CreateWorkerBlock operation allows you to prevent a Worker from working on your HITs",
                "access level": "Write",
                "resource types": [
                    ""
                ],
                "conditionKeys": "",
                "dependentActions": [
                    ""
                ]
            },
            {
                "name": "DeleteHIT",
                "description": "The DeleteHIT operation disposes of a HIT that is no longer needed",
                "access level": "Write",
                "resource types": [
                    ""
                ],
                "conditionKeys": "",
                "dependentActions": [
                    ""
                ]
            },
            {
                "name": "DeleteQualificationType",
                "description": "The DeleteQualificationType disposes a Qualification type and disposes any HIT types that are associated with the Qualification type",
                "access level": "Write",
                "resource types": [
                    ""
                ],
                "conditionKeys": "",
                "dependentActions": [
                    ""
                ]
            },
            {
                "name": "DeleteWorkerBlock",
                "description": "The DeleteWorkerBlock operation allows you to reinstate a blocked Worker to work on your HITs",
                "access level": "Write",
                "resource types": [
                    ""
                ],
                "conditionKeys": "",
                "dependentActions": [
                    ""
                ]
            },
            {
                "name": "DisassociateQualificationFromWorker",
                "description": "The DisassociateQualificationFromWorker revokes a previously granted Qualification from a user",
                "access level": "Write",
                "resource types": [
                    ""
                ],
                "conditionKeys": "",
                "dependentActions": [
                    ""
                ]
            },
            {
                "name": "GetAccountBalance",
                "description": "The GetAccountBalance operation retrieves the amount of money in your Amazon Mechanical Turk account",
                "access level": "Read",
                "resource types": [
                    ""
                ],
                "conditionKeys": "",
                "dependentActions": [
                    ""
                ]
            },
            {
                "name": "GetAssignment",
                "description": "The GetAssignment retrieves an assignment with an AssignmentStatus value of Submitted, Approved, or Rejected, using the assignment's ID",
                "access level": "Read",
                "resource types": [
                    ""
                ],
                "conditionKeys": "",
                "dependentActions": [
                    ""
                ]
            },
            {
                "name": "GetFileUploadURL",
                "description": "The GetFileUploadURL operation generates and returns a temporary URL",
                "access level": "Read",
                "resource types": [
                    ""
                ],
                "conditionKeys": "",
                "dependentActions": [
                    ""
                ]
            },
            {
                "name": "GetHIT",
                "description": "The GetHIT operation retrieves the details of the specified HIT",
                "access level": "Read",
                "resource types": [
                    ""
                ],
                "conditionKeys": "",
                "dependentActions": [
                    ""
                ]
            },
            {
                "name": "GetQualificationScore",
                "description": "The GetQualificationScore operation returns the value of a Worker's Qualification for a given Qualification type",
                "access level": "Read",
                "resource types": [
                    ""
                ],
                "conditionKeys": "",
                "dependentActions": [
                    ""
                ]
            },
            {
                "name": "GetQualificationType",
                "description": "The GetQualificationType operation retrieves information about a Qualification type using its ID",
                "access level": "Read",
                "resource types": [
                    ""
                ],
                "conditionKeys": "",
                "dependentActions": [
                    ""
                ]
            },
            {
                "name": "ListAssignmentsForHIT",
                "description": "The ListAssignmentsForHIT operation retrieves completed assignments for a HIT",
                "access level": "List",
                "resource types": [
                    ""
                ],
                "conditionKeys": "",
                "dependentActions": [
                    ""
                ]
            },
            {
                "name": "ListBonusPayments",
                "description": "The ListBonusPayments operation retrieves the amounts of bonuses you have paid to Workers for a given HIT or assignment",
                "access level": "List",
                "resource types": [
                    ""
                ],
                "conditionKeys": "",
                "dependentActions": [
                    ""
                ]
            },
            {
                "name": "ListHITs",
                "description": "The ListHITs operation returns all of a Requester's HITs",
                "access level": "List",
                "resource types": [
                    ""
                ],
                "conditionKeys": "",
                "dependentActions": [
                    ""
                ]
            },
            {
                "name": "ListHITsForQualificationType",
                "description": "The ListHITsForQualificationType operation returns the HITs that use the given QualififcationType for a QualificationRequirement",
                "access level": "List",
                "resource types": [
                    ""
                ],
                "conditionKeys": "",
                "dependentActions": [
                    ""
                ]
            },
            {
                "name": "ListQualificationRequests",
                "description": "The ListQualificationRequests operation retrieves requests for Qualifications of a particular Qualification type",
                "access level": "List",
                "resource types": [
                    ""
                ],
                "conditionKeys": "",
                "dependentActions": [
                    ""
                ]
            },
            {
                "name": "ListQualificationTypes",
                "description": "The ListQualificationTypes operation searches for Qualification types using the specified search query, and returns a list of Qualification types",
                "access level": "List",
                "resource types": [
                    ""
                ],
                "conditionKeys": "",
                "dependentActions": [
                    ""
                ]
            },
            {
                "name": "ListReviewPolicyResultsForHIT",
                "description": "The ListReviewPolicyResultsForHIT operation retrieves the computed results and the actions taken in the course of executing your Review Policies during a CreateHIT operation",
                "access level": "List",
                "resource types": [
                    ""
                ],
                "conditionKeys": "",
                "dependentActions": [
                    ""
                ]
            },
            {
                "name": "ListReviewableHITs",
                "description": "The ListReviewableHITs operation returns all of a Requester's HITs that have not been approved or rejected",
                "access level": "List",
                "resource types": [
                    ""
                ],
                "conditionKeys": "",
                "dependentActions": [
                    ""
                ]
            },
            {
                "name": "ListWorkerBlocks",
                "description": "The ListWorkersBlocks operation retrieves a list of Workers who are blocked from working on your HITs",
                "access level": "List",
                "resource types": [
                    ""
                ],
                "conditionKeys": "",
                "dependentActions": [
                    ""
                ]
            },
            {
                "name": "ListWorkersWithQualificationType",
                "description": "The ListWorkersWithQualificationType operation returns all of the Workers with a given Qualification type",
                "access level": "List",
                "resource types": [
                    ""
                ],
                "conditionKeys": "",
                "dependentActions": [
                    ""
                ]
            },
            {
                "name": "NotifyWorkers",
                "description": "The NotifyWorkers operation sends an email to one or more Workers that you specify with the Worker ID",
                "access level": "Write",
                "resource types": [
                    ""
                ],
                "conditionKeys": "",
                "dependentActions": [
                    ""
                ]
            },
            {
                "name": "RejectAssignment",
                "description": "The RejectAssignment operation rejects the results of a completed assignment",
                "access level": "Write",
                "resource types": [
                    ""
                ],
                "conditionKeys": "",
                "dependentActions": [
                    ""
                ]
            },
            {
                "name": "RejectQualificationRequest",
                "description": "The RejectQualificationRequest operation rejects a user's request for a Qualification",
                "access level": "Write",
                "resource types": [
                    ""
                ],
                "conditionKeys": "",
                "dependentActions": [
                    ""
                ]
            },
            {
                "name": "SendBonus",
                "description": "The SendBonus operation issues a payment of money from your account to a Worker",
                "access level": "Write",
                "resource types": [
                    ""
                ],
                "conditionKeys": "",
                "dependentActions": [
                    ""
                ]
            },
            {
                "name": "SendTestEventNotification",
                "description": "The SendTestEventNotification operation causes Amazon Mechanical Turk to send a notification message as if a HIT event occurred, according to the provided notification specification",
                "access level": "Write",
                "resource types": [
                    ""
                ],
                "conditionKeys": "",
                "dependentActions": [
                    ""
                ]
            },
            {
                "name": "UpdateExpirationForHIT",
                "description": "The UpdateExpirationForHIT operation allows you extend the expiration time of a HIT beyond is current expiration or expire a HIT immediately",
                "access level": "Write",
                "resource types": [
                    ""
                ],
                "conditionKeys": "",
                "dependentActions": [
                    ""
                ]
            },
            {
                "name": "UpdateHITReviewStatus",
                "description": "The UpdateHITReviewStatus operation toggles the status of a HIT",
                "access level": "Write",
                "resource types": [
                    ""
                ],
                "conditionKeys": "",
                "dependentActions": [
                    ""
                ]
            },
            {
                "name": "UpdateHITTypeOfHIT",
                "description": "The UpdateHITTypeOfHIT operation allows you to change the HITType properties of a HIT",
                "access level": "Write",
                "resource types": [
                    ""
                ],
                "conditionKeys": "",
                "dependentActions": [
                    ""
                ]
            },
            {
                "name": "UpdateNotificationSettings",
                "description": "The UpdateNotificationSettings operation creates, updates, disables or re-enables notifications for a HIT type",
                "access level": "Write",
                "resource types": [
                    ""
                ],
                "conditionKeys": "",
                "dependentActions": [
                    ""
                ]
            },
            {
                "name": "UpdateQualificationType",
                "description": "The UpdateQualificationType operation modifies the attributes of an existing Qualification type, which is represented by a QualificationType data structure",
                "access level": "Write",
                "resource types": [
                    ""
                ],
                "conditionKeys": "",
                "dependentActions": [
                    ""
                ]
            }
        ]
    }
]