[
    {
        "prefix_item": "mediapackage-vod"
    },
    {
        "link": "https://docs.aws.amazon.com/service-authorization/latest/reference/./list_awselementalmediapackagevod.html"
    },
    {
        "actions": [
            {
                "name": "ConfigureLogs",
                "description": "Grants permission to configure egress access logs for a PackagingGroup",
                "access level": "Write",
                "resource types": [
                    "packaging-groups*"
                ],
                "conditionKeys": "",
                "dependentActions": [
                    "iam:CreateServiceLinkedRole"
                ]
            },
            {
                "name": "CreateAsset",
                "description": "Grants permission to create an asset in AWS Elemental MediaPackage",
                "access level": "Write",
                "resource types": [
                    ""
                ],
                "conditionKeys": "aws:RequestTag/${TagKey}\n\n\naws:TagKeys",
                "dependentActions": [
                    ""
                ]
            },
            {
                "name": "CreatePackagingConfiguration",
                "description": "Grants permission to create a packaging configuration in AWS Elemental MediaPackage",
                "access level": "Write",
                "resource types": [
                    ""
                ],
                "conditionKeys": "aws:RequestTag/${TagKey}\n\n\naws:TagKeys",
                "dependentActions": [
                    ""
                ]
            },
            {
                "name": "CreatePackagingGroup",
                "description": "Grants permission to create a packaging group in AWS Elemental MediaPackage",
                "access level": "Write",
                "resource types": [
                    ""
                ],
                "conditionKeys": "aws:RequestTag/${TagKey}\n\n\naws:TagKeys",
                "dependentActions": [
                    ""
                ]
            },
            {
                "name": "DeleteAsset",
                "description": "Grants permission to delete an asset in AWS Elemental MediaPackage",
                "access level": "Write",
                "resource types": [
                    "assets*"
                ],
                "conditionKeys": "",
                "dependentActions": [
                    ""
                ]
            },
            {
                "name": "DeletePackagingConfiguration",
                "description": "Grants permission to delete a packaging configuration in AWS Elemental MediaPackage",
                "access level": "Write",
                "resource types": [
                    "packaging-configurations*"
                ],
                "conditionKeys": "",
                "dependentActions": [
                    ""
                ]
            },
            {
                "name": "DeletePackagingGroup",
                "description": "Grants permission to delete a packaging group in AWS Elemental MediaPackage",
                "access level": "Write",
                "resource types": [
                    "packaging-groups*"
                ],
                "conditionKeys": "",
                "dependentActions": [
                    ""
                ]
            },
            {
                "name": "DescribeAsset",
                "description": "Grants permission to view the details of an asset in AWS Elemental MediaPackage",
                "access level": "Read",
                "resource types": [
                    "assets*"
                ],
                "conditionKeys": "",
                "dependentActions": [
                    ""
                ]
            },
            {
                "name": "DescribePackagingConfiguration",
                "description": "Grants permission to view the details of a packaging configuration in AWS Elemental MediaPackage",
                "access level": "Read",
                "resource types": [
                    "packaging-configurations*"
                ],
                "conditionKeys": "",
                "dependentActions": [
                    ""
                ]
            },
            {
                "name": "DescribePackagingGroup",
                "description": "Grants permission to view the details of a packaging group in AWS Elemental MediaPackage",
                "access level": "Read",
                "resource types": [
                    "packaging-groups*"
                ],
                "conditionKeys": "",
                "dependentActions": [
                    ""
                ]
            },
            {
                "name": "ListAssets",
                "description": "Grants permission to view a list of assets in AWS Elemental MediaPackage",
                "access level": "List",
                "resource types": [
                    ""
                ],
                "conditionKeys": "",
                "dependentActions": [
                    ""
                ]
            },
            {
                "name": "ListPackagingConfigurations",
                "description": "Grants permission to view a list of packaging configurations in AWS Elemental MediaPackage",
                "access level": "List",
                "resource types": [
                    ""
                ],
                "conditionKeys": "",
                "dependentActions": [
                    ""
                ]
            },
            {
                "name": "ListPackagingGroups",
                "description": "Grants permission to view a list of packaging groups in AWS Elemental MediaPackage",
                "access level": "List",
                "resource types": [
                    ""
                ],
                "conditionKeys": "",
                "dependentActions": [
                    ""
                ]
            },
            {
                "name": "ListTagsForResource",
                "description": "Grants permission to list the tags assigned to a PackagingGroup, PackagingConfiguration, or Asset",
                "access level": "Read",
                "resource types": [
                    "assets"
                ],
                "conditionKeys": "",
                "dependentActions": [
                    ""
                ]
            },
            {
                "name": "TagResource",
                "description": "Grants permission to assign tags to a PackagingGroup, PackagingConfiguration, or Asset",
                "access level": "Tagging",
                "resource types": [
                    "assets"
                ],
                "conditionKeys": "",
                "dependentActions": [
                    ""
                ]
            },
            {
                "name": "UntagResource",
                "description": "Grants permission to delete tags from a PackagingGroup, PackagingConfiguration, or Asset",
                "access level": "Tagging",
                "resource types": [
                    "assets"
                ],
                "conditionKeys": "",
                "dependentActions": [
                    ""
                ]
            },
            {
                "name": "UpdatePackagingGroup",
                "description": "Grants permission to update a packaging group in AWS Elemental MediaPackage",
                "access level": "Write",
                "resource types": [
                    "packaging-groups*"
                ],
                "conditionKeys": "",
                "dependentActions": [
                    ""
                ]
            }
        ]
    },
    {
        "resources": [
            {
                "resource_type": "assets",
                "ARN": "arn:${Partition}:mediapackage-vod:${Region}:${Account}:assets/${AssetIdentifier}",
                "conditionKeys": "aws:ResourceTag/${TagKey}"
            },
            {
                "resource_type": "packaging-configurations",
                "ARN": "arn:${Partition}:mediapackage-vod:${Region}:${Account}:packaging-configurations/${PackagingConfigurationIdentifier}",
                "conditionKeys": "aws:ResourceTag/${TagKey}"
            },
            {
                "resource_type": "packaging-groups",
                "ARN": "arn:${Partition}:mediapackage-vod:${Region}:${Account}:packaging-groups/${PackagingGroupIdentifier}",
                "conditionKeys": "aws:ResourceTag/${TagKey}"
            }
        ]
    },
    {
        "conditions": [
            {
                "Condition keys": "aws:RequestTag/${TagKey}",
                "Description": "Filters actions based on the presence of tag key-value pairs in the request",
                "Type": "String"
            },
            {
                "Condition keys": "aws:ResourceTag/${TagKey}",
                "Description": "Filters actions based on tag key-value pairs attached to the resource",
                "Type": "String"
            },
            {
                "Condition keys": "aws:TagKeys",
                "Description": "Filters actions based on the presence of tag keys in the request",
                "Type": "ArrayOfString"
            }
        ]
    }
]