[
    {
        "prefix_item": "mediastore"
    },
    {
        "link": "https://docs.aws.amazon.com/service-authorization/latest/reference/./list_awselementalmediastore.html"
    },
    {
        "actions": [
            {
                "name": "CreateContainer",
                "description": "Grants permission to create a container",
                "access level": "Write",
                "resource types": [
                    ""
                ],
                "conditionKeys": "aws:TagKeys\n\n\naws:RequestTag/${TagKey}",
                "dependentActions": [
                    ""
                ]
            },
            {
                "name": "DeleteContainer",
                "description": "Grants permission to delete a container",
                "access level": "Write",
                "resource types": [
                    "container*"
                ],
                "conditionKeys": "",
                "dependentActions": [
                    ""
                ]
            },
            {
                "name": "DeleteContainerPolicy",
                "description": "Grants permission to delete the access policy of a container",
                "access level": "Permissions management",
                "resource types": [
                    "container*"
                ],
                "conditionKeys": "",
                "dependentActions": [
                    ""
                ]
            },
            {
                "name": "DeleteCorsPolicy",
                "description": "Grants permission to delete the CORS policy from a container",
                "access level": "Write",
                "resource types": [
                    "container*"
                ],
                "conditionKeys": "",
                "dependentActions": [
                    ""
                ]
            },
            {
                "name": "DeleteLifecyclePolicy",
                "description": "Grants permission to delete the lifecycle policy from a container",
                "access level": "Write",
                "resource types": [
                    "container*"
                ],
                "conditionKeys": "",
                "dependentActions": [
                    ""
                ]
            },
            {
                "name": "DeleteMetricPolicy",
                "description": "Grants permission to delete the metric policy from a container",
                "access level": "Write",
                "resource types": [
                    "container*"
                ],
                "conditionKeys": "",
                "dependentActions": [
                    ""
                ]
            },
            {
                "name": "DeleteObject",
                "description": "Grants permission to delete an object",
                "access level": "Write",
                "resource types": [
                    "object*"
                ],
                "conditionKeys": "",
                "dependentActions": [
                    ""
                ]
            },
            {
                "name": "DescribeContainer",
                "description": "Grants permission to retrieve details on a container",
                "access level": "List",
                "resource types": [
                    "container*"
                ],
                "conditionKeys": "",
                "dependentActions": [
                    ""
                ]
            },
            {
                "name": "DescribeObject",
                "description": "Grants permission to retrieve metadata for an object",
                "access level": "List",
                "resource types": [
                    "object*"
                ],
                "conditionKeys": "",
                "dependentActions": [
                    ""
                ]
            },
            {
                "name": "GetContainerPolicy",
                "description": "Grants permission to retrieve the access policy of a container",
                "access level": "Read",
                "resource types": [
                    "container*"
                ],
                "conditionKeys": "",
                "dependentActions": [
                    ""
                ]
            },
            {
                "name": "GetCorsPolicy",
                "description": "Grants permission to retrieve the CORS policy of a container",
                "access level": "Read",
                "resource types": [
                    "container*"
                ],
                "conditionKeys": "",
                "dependentActions": [
                    ""
                ]
            },
            {
                "name": "GetLifecyclePolicy",
                "description": "Grants permission to retrieve the lifecycle policy that is assigned to a container",
                "access level": "Read",
                "resource types": [
                    "container*"
                ],
                "conditionKeys": "",
                "dependentActions": [
                    ""
                ]
            },
            {
                "name": "GetMetricPolicy",
                "description": "Grants permission to retrieve the metric policy that is assigned to a container",
                "access level": "Read",
                "resource types": [
                    "container*"
                ],
                "conditionKeys": "",
                "dependentActions": [
                    ""
                ]
            },
            {
                "name": "GetObject",
                "description": "Grants permission to retrieve an object",
                "access level": "Read",
                "resource types": [
                    "object*"
                ],
                "conditionKeys": "",
                "dependentActions": [
                    ""
                ]
            },
            {
                "name": "ListContainers",
                "description": "Grants permission to retrieve a list of containers in the current account",
                "access level": "List",
                "resource types": [
                    ""
                ],
                "conditionKeys": "",
                "dependentActions": [
                    ""
                ]
            },
            {
                "name": "ListItems",
                "description": "Grants permission to retrieve a list of objects and subfolders that are stored in a folder",
                "access level": "List",
                "resource types": [
                    "folder"
                ],
                "conditionKeys": "",
                "dependentActions": [
                    ""
                ]
            },
            {
                "name": "ListTagsForResource",
                "description": "Grants permission to list tags on a container",
                "access level": "Read",
                "resource types": [
                    "container"
                ],
                "conditionKeys": "",
                "dependentActions": [
                    ""
                ]
            },
            {
                "name": "PutContainerPolicy",
                "description": "Grants permission to create or replace the access policy of a container",
                "access level": "Permissions management",
                "resource types": [
                    "container*"
                ],
                "conditionKeys": "",
                "dependentActions": [
                    ""
                ]
            },
            {
                "name": "PutCorsPolicy",
                "description": "Grants permission to add or modify the CORS policy of a container",
                "access level": "Write",
                "resource types": [
                    "container*"
                ],
                "conditionKeys": "",
                "dependentActions": [
                    ""
                ]
            },
            {
                "name": "PutLifecyclePolicy",
                "description": "Grants permission to add or modify the lifecycle policy that is assigned to a container",
                "access level": "Write",
                "resource types": [
                    "container*"
                ],
                "conditionKeys": "",
                "dependentActions": [
                    ""
                ]
            },
            {
                "name": "PutMetricPolicy",
                "description": "Grants permission to add or modify the metric policy that is assigned to a container",
                "access level": "Write",
                "resource types": [
                    "container*"
                ],
                "conditionKeys": "",
                "dependentActions": [
                    ""
                ]
            },
            {
                "name": "PutObject",
                "description": "Grants permission to upload an object",
                "access level": "Write",
                "resource types": [
                    "object*"
                ],
                "conditionKeys": "",
                "dependentActions": [
                    ""
                ]
            },
            {
                "name": "StartAccessLogging",
                "description": "Grants permission to start access logging on a container",
                "access level": "Write",
                "resource types": [
                    "container*"
                ],
                "conditionKeys": "",
                "dependentActions": [
                    "iam:PassRole"
                ]
            },
            {
                "name": "StopAccessLogging",
                "description": "Grants permission to stop access logging on a container",
                "access level": "Write",
                "resource types": [
                    "container*"
                ],
                "conditionKeys": "",
                "dependentActions": [
                    ""
                ]
            },
            {
                "name": "TagResource",
                "description": "Grants permission to add tags to a container",
                "access level": "Tagging",
                "resource types": [
                    "container"
                ],
                "conditionKeys": "",
                "dependentActions": [
                    ""
                ]
            },
            {
                "name": "UntagResource",
                "description": "Grants permission to remove tags from a container",
                "access level": "Tagging",
                "resource types": [
                    "container"
                ],
                "conditionKeys": "",
                "dependentActions": [
                    ""
                ]
            }
        ]
    },
    {
        "resources": [
            {
                "resource_type": "container",
                "ARN": "arn:${Partition}:mediastore:${Region}:${Account}:container/${ContainerName}",
                "conditionKeys": "aws:ResourceTag/${TagKey}"
            },
            {
                "resource_type": "object",
                "ARN": "arn:${Partition}:mediastore:${Region}:${Account}:container/${ContainerName}/${ObjectPath}",
                "conditionKeys": ""
            },
            {
                "resource_type": "folder",
                "ARN": "arn:${Partition}:mediastore:${Region}:${Account}:container/${ContainerName}/${FolderPath}",
                "conditionKeys": ""
            }
        ]
    },
    {
        "conditions": [
            {
                "Condition keys": "aws:RequestTag/${TagKey}",
                "Description": "Filters access by the tags that are passed in the request",
                "Type": "String"
            },
            {
                "Condition keys": "aws:ResourceTag/${TagKey}",
                "Description": "Filters access by the tags associated with the resource",
                "Type": "String"
            },
            {
                "Condition keys": "aws:TagKeys",
                "Description": "Filters access by the tag keys that are passed in the request",
                "Type": "ArrayOfString"
            }
        ]
    }
]