[
    {
        "prefix_item": "mediaimport"
    },
    {
        "link": "https://docs.aws.amazon.com/service-authorization/latest/reference/./list_amazonmediaimport.html"
    },
    {
        "actions": [
            {
                "name": "CreateDatabaseBinarySnapshot [permission only]",
                "description": "Grants permission to create a database binary snapshot on the customer's aws account",
                "access level": "Write",
                "resource types": [
                    ""
                ],
                "conditionKeys": "",
                "dependentActions": [
                    ""
                ]
            }
        ]
    }
]