[
    {
        "prefix_item": "mediaconnect"
    },
    {
        "link": "https://docs.aws.amazon.com/service-authorization/latest/reference/./list_awselementalmediaconnect.html"
    },
    {
        "actions": [
            {
                "name": "AddBridgeOutputs",
                "description": "Grants permission to add outputs to an existing bridge",
                "access level": "Write",
                "resource types": [
                    "Bridge*"
                ],
                "conditionKeys": "",
                "dependentActions": [
                    ""
                ]
            },
            {
                "name": "AddBridgeSources",
                "description": "Grants permission to add sources to an existing bridge",
                "access level": "Write",
                "resource types": [
                    "Bridge*"
                ],
                "conditionKeys": "",
                "dependentActions": [
                    ""
                ]
            },
            {
                "name": "AddFlowMediaStreams",
                "description": "Grants permission to add media streams to any flow",
                "access level": "Write",
                "resource types": [
                    ""
                ],
                "conditionKeys": "",
                "dependentActions": [
                    ""
                ]
            },
            {
                "name": "AddFlowOutputs",
                "description": "Grants permission to add outputs to any flow",
                "access level": "Write",
                "resource types": [
                    ""
                ],
                "conditionKeys": "",
                "dependentActions": [
                    ""
                ]
            },
            {
                "name": "AddFlowSources",
                "description": "Grants permission to add sources to any flow",
                "access level": "Write",
                "resource types": [
                    ""
                ],
                "conditionKeys": "",
                "dependentActions": [
                    ""
                ]
            },
            {
                "name": "AddFlowVpcInterfaces",
                "description": "Grants permission to add VPC interfaces to any flow",
                "access level": "Write",
                "resource types": [
                    ""
                ],
                "conditionKeys": "",
                "dependentActions": [
                    ""
                ]
            },
            {
                "name": "CreateBridge",
                "description": "Grants permission to create bridges",
                "access level": "Write",
                "resource types": [
                    "Bridge*"
                ],
                "conditionKeys": "",
                "dependentActions": [
                    ""
                ]
            },
            {
                "name": "CreateFlow",
                "description": "Grants permission to create flows",
                "access level": "Write",
                "resource types": [
                    ""
                ],
                "conditionKeys": "",
                "dependentActions": [
                    ""
                ]
            },
            {
                "name": "CreateGateway",
                "description": "Grants permission to create gateways",
                "access level": "Write",
                "resource types": [
                    "Gateway*"
                ],
                "conditionKeys": "",
                "dependentActions": [
                    ""
                ]
            },
            {
                "name": "DeleteBridge",
                "description": "Grants permission to delete bridges",
                "access level": "Write",
                "resource types": [
                    "Bridge*"
                ],
                "conditionKeys": "",
                "dependentActions": [
                    ""
                ]
            },
            {
                "name": "DeleteFlow",
                "description": "Grants permission to delete flows",
                "access level": "Write",
                "resource types": [
                    ""
                ],
                "conditionKeys": "",
                "dependentActions": [
                    ""
                ]
            },
            {
                "name": "DeleteGateway",
                "description": "Grants permission to delete gateways",
                "access level": "Write",
                "resource types": [
                    "Gateway*"
                ],
                "conditionKeys": "",
                "dependentActions": [
                    ""
                ]
            },
            {
                "name": "DeregisterGatewayInstance",
                "description": "Grants permission to deregister gateway instance",
                "access level": "Write",
                "resource types": [
                    "GatewayInstance*"
                ],
                "conditionKeys": "",
                "dependentActions": [
                    ""
                ]
            },
            {
                "name": "DescribeBridge",
                "description": "Grants permission to display the details of a bridge",
                "access level": "Read",
                "resource types": [
                    "Bridge*"
                ],
                "conditionKeys": "",
                "dependentActions": [
                    ""
                ]
            },
            {
                "name": "DescribeFlow",
                "description": "Grants permission to display the details of a flow including the flow ARN, name, and Availability Zone, as well as details about the source, outputs, and entitlements",
                "access level": "Read",
                "resource types": [
                    ""
                ],
                "conditionKeys": "",
                "dependentActions": [
                    ""
                ]
            },
            {
                "name": "DescribeGateway",
                "description": "Grants permission to display the details of a gateway including the gateway ARN, name, and CIDR blocks, as well as details about the networks",
                "access level": "Read",
                "resource types": [
                    "Gateway*"
                ],
                "conditionKeys": "",
                "dependentActions": [
                    ""
                ]
            },
            {
                "name": "DescribeGatewayInstance",
                "description": "Grants permission to display the details of a gateway instance",
                "access level": "Read",
                "resource types": [
                    "GatewayInstance*"
                ],
                "conditionKeys": "",
                "dependentActions": [
                    ""
                ]
            },
            {
                "name": "DescribeOffering",
                "description": "Grants permission to display the details of an offering",
                "access level": "Read",
                "resource types": [
                    ""
                ],
                "conditionKeys": "",
                "dependentActions": [
                    ""
                ]
            },
            {
                "name": "DescribeReservation",
                "description": "Grants permission to display the details of a reservation",
                "access level": "Read",
                "resource types": [
                    ""
                ],
                "conditionKeys": "",
                "dependentActions": [
                    ""
                ]
            },
            {
                "name": "DiscoverGatewayPollEndpoint",
                "description": "Grants permission to discover gateway poll endpoint",
                "access level": "Write",
                "resource types": [
                    ""
                ],
                "conditionKeys": "",
                "dependentActions": [
                    ""
                ]
            },
            {
                "name": "GrantFlowEntitlements",
                "description": "Grants permission to grant entitlements on any flow",
                "access level": "Write",
                "resource types": [
                    ""
                ],
                "conditionKeys": "",
                "dependentActions": [
                    ""
                ]
            },
            {
                "name": "ListBridges",
                "description": "Grants permission to display a list of bridges that are associated with this account and an optionally specified Arn",
                "access level": "List",
                "resource types": [
                    "Bridge*"
                ],
                "conditionKeys": "",
                "dependentActions": [
                    ""
                ]
            },
            {
                "name": "ListEntitlements",
                "description": "Grants permission to display a list of all entitlements that have been granted to the account",
                "access level": "List",
                "resource types": [
                    ""
                ],
                "conditionKeys": "",
                "dependentActions": [
                    ""
                ]
            },
            {
                "name": "ListFlows",
                "description": "Grants permission to display a list of flows that are associated with this account",
                "access level": "List",
                "resource types": [
                    ""
                ],
                "conditionKeys": "",
                "dependentActions": [
                    ""
                ]
            },
            {
                "name": "ListGatewayInstances",
                "description": "Grants permission to display a list of instances that are associated with this gateway",
                "access level": "List",
                "resource types": [
                    "GatewayInstance*"
                ],
                "conditionKeys": "",
                "dependentActions": [
                    ""
                ]
            },
            {
                "name": "ListGateways",
                "description": "Grants permission to display a list of gateways that are associated with this account",
                "access level": "List",
                "resource types": [
                    ""
                ],
                "conditionKeys": "",
                "dependentActions": [
                    ""
                ]
            },
            {
                "name": "ListOfferings",
                "description": "Grants permission to display a list of all offerings that are available to the account in the current AWS Region",
                "access level": "List",
                "resource types": [
                    ""
                ],
                "conditionKeys": "",
                "dependentActions": [
                    ""
                ]
            },
            {
                "name": "ListReservations",
                "description": "Grants permission to display a list of all reservations that have been purchased by the account in the current AWS Region",
                "access level": "List",
                "resource types": [
                    ""
                ],
                "conditionKeys": "",
                "dependentActions": [
                    ""
                ]
            },
            {
                "name": "ListTagsForResource",
                "description": "Grants permission to display a list of all tags associated with a resource",
                "access level": "Read",
                "resource types": [
                    ""
                ],
                "conditionKeys": "",
                "dependentActions": [
                    ""
                ]
            },
            {
                "name": "PollGateway",
                "description": "Grants permission to poll gateway",
                "access level": "Write",
                "resource types": [
                    ""
                ],
                "conditionKeys": "",
                "dependentActions": [
                    ""
                ]
            },
            {
                "name": "PurchaseOffering",
                "description": "Grants permission to purchase an offering",
                "access level": "Write",
                "resource types": [
                    ""
                ],
                "conditionKeys": "",
                "dependentActions": [
                    ""
                ]
            },
            {
                "name": "RemoveBridgeOutput",
                "description": "Grants permission to remove an output of an existing bridge",
                "access level": "Write",
                "resource types": [
                    "Bridge*"
                ],
                "conditionKeys": "",
                "dependentActions": [
                    ""
                ]
            },
            {
                "name": "RemoveBridgeSource",
                "description": "Grants permission to remove a source of an existing bridge",
                "access level": "Write",
                "resource types": [
                    "Bridge*"
                ],
                "conditionKeys": "",
                "dependentActions": [
                    ""
                ]
            },
            {
                "name": "RemoveFlowMediaStream",
                "description": "Grants permission to remove media streams from any flow",
                "access level": "Write",
                "resource types": [
                    ""
                ],
                "conditionKeys": "",
                "dependentActions": [
                    ""
                ]
            },
            {
                "name": "RemoveFlowOutput",
                "description": "Grants permission to remove outputs from any flow",
                "access level": "Write",
                "resource types": [
                    ""
                ],
                "conditionKeys": "",
                "dependentActions": [
                    ""
                ]
            },
            {
                "name": "RemoveFlowSource",
                "description": "Grants permission to remove sources from any flow",
                "access level": "Write",
                "resource types": [
                    ""
                ],
                "conditionKeys": "",
                "dependentActions": [
                    ""
                ]
            },
            {
                "name": "RemoveFlowVpcInterface",
                "description": "Grants permission to remove VPC interfaces from any flow",
                "access level": "Write",
                "resource types": [
                    ""
                ],
                "conditionKeys": "",
                "dependentActions": [
                    ""
                ]
            },
            {
                "name": "RevokeFlowEntitlement",
                "description": "Grants permission to revoke entitlements on any flow",
                "access level": "Write",
                "resource types": [
                    ""
                ],
                "conditionKeys": "",
                "dependentActions": [
                    ""
                ]
            },
            {
                "name": "StartFlow",
                "description": "Grants permission to start flows",
                "access level": "Write",
                "resource types": [
                    ""
                ],
                "conditionKeys": "",
                "dependentActions": [
                    ""
                ]
            },
            {
                "name": "StopFlow",
                "description": "Grants permission to stop flows",
                "access level": "Write",
                "resource types": [
                    ""
                ],
                "conditionKeys": "",
                "dependentActions": [
                    ""
                ]
            },
            {
                "name": "SubmitGatewayStateChange",
                "description": "Grants permission to submit gateway state change",
                "access level": "Write",
                "resource types": [
                    ""
                ],
                "conditionKeys": "",
                "dependentActions": [
                    ""
                ]
            },
            {
                "name": "TagResource",
                "description": "Grants permission to associate tags with resources",
                "access level": "Tagging",
                "resource types": [
                    ""
                ],
                "conditionKeys": "",
                "dependentActions": [
                    ""
                ]
            },
            {
                "name": "UntagResource",
                "description": "Grants permission to remove tags from resources",
                "access level": "Tagging",
                "resource types": [
                    ""
                ],
                "conditionKeys": "",
                "dependentActions": [
                    ""
                ]
            },
            {
                "name": "UpdateBridge",
                "description": "Grants permission to update bridges",
                "access level": "Write",
                "resource types": [
                    "Bridge*"
                ],
                "conditionKeys": "",
                "dependentActions": [
                    ""
                ]
            },
            {
                "name": "UpdateBridgeOutput",
                "description": "Grants permission to update an output of an existing bridge",
                "access level": "Write",
                "resource types": [
                    "Bridge*"
                ],
                "conditionKeys": "",
                "dependentActions": [
                    ""
                ]
            },
            {
                "name": "UpdateBridgeSource",
                "description": "Grants permission to update a source of an existing bridge",
                "access level": "Write",
                "resource types": [
                    "Bridge*"
                ],
                "conditionKeys": "",
                "dependentActions": [
                    ""
                ]
            },
            {
                "name": "UpdateBridgeState",
                "description": "Grants permission to update the state of an existing bridge",
                "access level": "Write",
                "resource types": [
                    "Bridge*"
                ],
                "conditionKeys": "",
                "dependentActions": [
                    ""
                ]
            },
            {
                "name": "UpdateFlow",
                "description": "Grants permission to update flows",
                "access level": "Write",
                "resource types": [
                    ""
                ],
                "conditionKeys": "",
                "dependentActions": [
                    ""
                ]
            },
            {
                "name": "UpdateFlowEntitlement",
                "description": "Grants permission to update entitlements on any flow",
                "access level": "Write",
                "resource types": [
                    ""
                ],
                "conditionKeys": "",
                "dependentActions": [
                    ""
                ]
            },
            {
                "name": "UpdateFlowMediaStream",
                "description": "Grants permission to update media streams on any flow",
                "access level": "Write",
                "resource types": [
                    ""
                ],
                "conditionKeys": "",
                "dependentActions": [
                    ""
                ]
            },
            {
                "name": "UpdateFlowOutput",
                "description": "Grants permission to update outputs on any flow",
                "access level": "Write",
                "resource types": [
                    ""
                ],
                "conditionKeys": "",
                "dependentActions": [
                    ""
                ]
            },
            {
                "name": "UpdateFlowSource",
                "description": "Grants permission to update the source of any flow",
                "access level": "Write",
                "resource types": [
                    ""
                ],
                "conditionKeys": "",
                "dependentActions": [
                    ""
                ]
            },
            {
                "name": "UpdateGatewayInstance",
                "description": "Grants permission to update the configuration of an existing Gateway Instance",
                "access level": "Write",
                "resource types": [
                    "GatewayInstance*"
                ],
                "conditionKeys": "",
                "dependentActions": [
                    ""
                ]
            }
        ]
    },
    {
        "resources": [
            {
                "resource_type": "Entitlement",
                "ARN": "arn:${Partition}:mediaconnect:${Region}:${Account}:entitlement:${FlowId}:${EntitlementName}",
                "conditionKeys": ""
            },
            {
                "resource_type": "Flow",
                "ARN": "arn:${Partition}:mediaconnect:${Region}:${Account}:flow:${FlowId}:${FlowName}",
                "conditionKeys": ""
            },
            {
                "resource_type": "Output",
                "ARN": "arn:${Partition}:mediaconnect:${Region}:${Account}:output:${OutputId}:${OutputName}",
                "conditionKeys": ""
            },
            {
                "resource_type": "Source",
                "ARN": "arn:${Partition}:mediaconnect:${Region}:${Account}:source:${SourceId}:${SourceName}",
                "conditionKeys": ""
            },
            {
                "resource_type": "Gateway",
                "ARN": "arn:${Partition}:mediaconnect:${Region}:${Account}:gateway:${GatewayId}:${GatewayName}",
                "conditionKeys": ""
            },
            {
                "resource_type": "Bridge",
                "ARN": "arn:${Partition}:mediaconnect:${Region}:${Account}:bridge:${FlowId}:${FlowName}",
                "conditionKeys": ""
            },
            {
                "resource_type": "GatewayInstance",
                "ARN": "arn:${Partition}:mediaconnect:${Region}:${Account}:gateway:${GatewayId}:${GatewayName}:instance:${InstanceId}",
                "conditionKeys": ""
            }
        ]
    }
]