[
    {
        "prefix_item": "mediapackagev2"
    },
    {
        "link": "https://docs.aws.amazon.com/service-authorization/latest/reference/./list_awselementalmediapackagev2.html"
    },
    {
        "actions": [
            {
                "name": "CreateChannel",
                "description": "Grants permission to create a channel in a channel group",
                "access level": "Write",
                "resource types": [
                    "Channel*"
                ],
                "conditionKeys": "",
                "dependentActions": [
                    ""
                ]
            },
            {
                "name": "CreateChannelGroup",
                "description": "Grants permission to create a channel group",
                "access level": "Write",
                "resource types": [
                    "ChannelGroup*"
                ],
                "conditionKeys": "",
                "dependentActions": [
                    ""
                ]
            },
            {
                "name": "CreateOriginEndpoint",
                "description": "Grants permission to create an origin endpoint for a channel",
                "access level": "Write",
                "resource types": [
                    "Channel*"
                ],
                "conditionKeys": "",
                "dependentActions": [
                    ""
                ]
            },
            {
                "name": "DeleteChannel",
                "description": "Grants permission to delete a channel in a channel group",
                "access level": "Write",
                "resource types": [
                    "Channel*"
                ],
                "conditionKeys": "",
                "dependentActions": [
                    ""
                ]
            },
            {
                "name": "DeleteChannelGroup",
                "description": "Grants permission to delete a channel group",
                "access level": "Write",
                "resource types": [
                    "ChannelGroup*"
                ],
                "conditionKeys": "",
                "dependentActions": [
                    ""
                ]
            },
            {
                "name": "DeleteChannelPolicy",
                "description": "Grants permission to delete a resource policy from a channel",
                "access level": "Write",
                "resource types": [
                    "Channel*"
                ],
                "conditionKeys": "",
                "dependentActions": [
                    ""
                ]
            },
            {
                "name": "DeleteOriginEndpoint",
                "description": "Grants permission to delete an origin endpoint of a channel",
                "access level": "Write",
                "resource types": [
                    "Channel*"
                ],
                "conditionKeys": "",
                "dependentActions": [
                    ""
                ]
            },
            {
                "name": "DeleteOriginEndpointPolicy",
                "description": "Grants permission to delete a resource policy from an origin endpoint",
                "access level": "Write",
                "resource types": [
                    "Channel*"
                ],
                "conditionKeys": "",
                "dependentActions": [
                    ""
                ]
            },
            {
                "name": "GetChannel",
                "description": "Grants permission to retrieve details of a channel in a channel group",
                "access level": "Read",
                "resource types": [
                    "Channel*"
                ],
                "conditionKeys": "",
                "dependentActions": [
                    ""
                ]
            },
            {
                "name": "GetChannelGroup",
                "description": "Grants permission to retrieve details of a channel group",
                "access level": "Read",
                "resource types": [
                    "ChannelGroup*"
                ],
                "conditionKeys": "",
                "dependentActions": [
                    ""
                ]
            },
            {
                "name": "GetChannelPolicy",
                "description": "Grants permission to retrieve a resource policy for a channel",
                "access level": "Read",
                "resource types": [
                    "Channel*"
                ],
                "conditionKeys": "",
                "dependentActions": [
                    ""
                ]
            },
            {
                "name": "GetHeadObject",
                "description": "Grants permission to make GetHeadObject requests to MediaPackage",
                "access level": "Read",
                "resource types": [
                    ""
                ],
                "conditionKeys": "",
                "dependentActions": [
                    ""
                ]
            },
            {
                "name": "GetObject",
                "description": "Grants permission to make GetObject requests to MediaPackage",
                "access level": "Read",
                "resource types": [
                    ""
                ],
                "conditionKeys": "",
                "dependentActions": [
                    ""
                ]
            },
            {
                "name": "GetOriginEndpoint",
                "description": "Grants permission to retrieve details of an origin endpoint",
                "access level": "Read",
                "resource types": [
                    "Channel*"
                ],
                "conditionKeys": "",
                "dependentActions": [
                    ""
                ]
            },
            {
                "name": "GetOriginEndpointPolicy",
                "description": "Grants permission to retrieve details of a resource policy for an origin endpoint",
                "access level": "Read",
                "resource types": [
                    "Channel*"
                ],
                "conditionKeys": "",
                "dependentActions": [
                    ""
                ]
            },
            {
                "name": "ListChannelGroups",
                "description": "Grants permission to list all channel groups for an aws account",
                "access level": "List",
                "resource types": [
                    ""
                ],
                "conditionKeys": "",
                "dependentActions": [
                    ""
                ]
            },
            {
                "name": "ListChannels",
                "description": "Grants permission to list all channels in a channel group",
                "access level": "List",
                "resource types": [
                    "ChannelGroup*"
                ],
                "conditionKeys": "",
                "dependentActions": [
                    ""
                ]
            },
            {
                "name": "ListOriginEndpoints",
                "description": "Grants permission to list all origin endpoints of a channel",
                "access level": "List",
                "resource types": [
                    "Channel*"
                ],
                "conditionKeys": "",
                "dependentActions": [
                    ""
                ]
            },
            {
                "name": "ListTagsForResource",
                "description": "Grants permission to list tags for the specified resource",
                "access level": "Read",
                "resource types": [
                    "Channel"
                ],
                "conditionKeys": "",
                "dependentActions": [
                    ""
                ]
            },
            {
                "name": "PutChannelPolicy",
                "description": "Grants permission to attach a resource policy for a channel",
                "access level": "Write",
                "resource types": [
                    "Channel*"
                ],
                "conditionKeys": "",
                "dependentActions": [
                    ""
                ]
            },
            {
                "name": "PutObject",
                "description": "Grants permission to make PutObject requests to MediaPackage",
                "access level": "Write",
                "resource types": [
                    "Channel*"
                ],
                "conditionKeys": "",
                "dependentActions": [
                    ""
                ]
            },
            {
                "name": "PutOriginEndpointPolicy",
                "description": "Grants permission to attach a resource policy to an origin endpoint",
                "access level": "Write",
                "resource types": [
                    "Channel*"
                ],
                "conditionKeys": "",
                "dependentActions": [
                    ""
                ]
            },
            {
                "name": "TagResource",
                "description": "Grants permission to add specified tags to the specified resource",
                "access level": "Tagging",
                "resource types": [
                    "Channel"
                ],
                "conditionKeys": "",
                "dependentActions": [
                    ""
                ]
            },
            {
                "name": "UntagResource",
                "description": "Grants permission to remove the specified tags from the specified resource",
                "access level": "Tagging",
                "resource types": [
                    "Channel"
                ],
                "conditionKeys": "",
                "dependentActions": [
                    ""
                ]
            },
            {
                "name": "UpdateChannel",
                "description": "Grants permission to update a channel in a channel group",
                "access level": "Write",
                "resource types": [
                    "Channel*"
                ],
                "conditionKeys": "",
                "dependentActions": [
                    ""
                ]
            },
            {
                "name": "UpdateChannelGroup",
                "description": "Grants permission to update a channel group",
                "access level": "Write",
                "resource types": [
                    "ChannelGroup*"
                ],
                "conditionKeys": "",
                "dependentActions": [
                    ""
                ]
            },
            {
                "name": "UpdateOriginEndpoint",
                "description": "Grants permission to update an origin endpoint of a channel",
                "access level": "Write",
                "resource types": [
                    "Channel*"
                ],
                "conditionKeys": "",
                "dependentActions": [
                    ""
                ]
            }
        ]
    },
    {
        "resources": [
            {
                "resource_type": "ChannelGroup",
                "ARN": "arn:${Partition}:mediapackagev2:${Region}:${Account}:channelGroup/${ChannelGroupName}",
                "conditionKeys": "aws:ResourceTag/${TagKey}"
            },
            {
                "resource_type": "ChannelPolicy",
                "ARN": "arn:${Partition}:mediapackagev2:${Region}:${Account}:channelGroup/${ChannelGroupName}/channel/${ChannelName}",
                "conditionKeys": ""
            },
            {
                "resource_type": "Channel",
                "ARN": "arn:${Partition}:mediapackagev2:${Region}:${Account}:channelGroup/${ChannelGroupName}/channel/${ChannelName}",
                "conditionKeys": "aws:ResourceTag/${TagKey}"
            },
            {
                "resource_type": "OriginEndpointPolicy",
                "ARN": "arn:${Partition}:mediapackagev2:${Region}:${Account}:channelGroup/${ChannelGroupName}/channel/${ChannelName}/originEndpoint/${OriginEndpointName}",
                "conditionKeys": ""
            },
            {
                "resource_type": "OriginEndpoint",
                "ARN": "arn:${Partition}:mediapackagev2:${Region}:${Account}:channelGroup/${ChannelGroupName}/channel/${ChannelName}/originEndpoint/${OriginEndpointName}",
                "conditionKeys": "aws:ResourceTag/${TagKey}"
            }
        ]
    },
    {
        "conditions": [
            {
                "Condition keys": "aws:RequestTag/${TagKey}",
                "Description": "Filters access by tags that are passed in the request",
                "Type": "String"
            },
            {
                "Condition keys": "aws:ResourceTag/${TagKey}",
                "Description": "Filters access by tags associated with the resource",
                "Type": "String"
            },
            {
                "Condition keys": "aws:TagKeys",
                "Description": "Filters access by tag keys that are passed in the request",
                "Type": "ArrayOfString"
            }
        ]
    }
]