[
    {
        "prefix_item": "memorydb"
    },
    {
        "link": "https://docs.aws.amazon.com/service-authorization/latest/reference/./list_amazonmemorydb.html"
    },
    {
        "actions": [
            {
                "name": "BatchUpdateCluster",
                "description": "Grants permissions to apply service updates",
                "access level": "Write",
                "resource types": [
                    "cluster*"
                ],
                "conditionKeys": "",
                "dependentActions": [
                    "ec2:CreateNetworkInterface\n                            \n\n                                ec2:DeleteNetworkInterface\n                            \n\n                                ec2:DescribeNetworkInterfaces\n                            \n\n                                ec2:DescribeSubnets\n                            \n\n                                ec2:DescribeVpcs\n                            \n\n                                s3:GetObject"
                ]
            },
            {
                "name": "Connect",
                "description": "Allows an IAM user or role to connect as a specified MemoryDB user to a node in a cluster",
                "access level": "Write",
                "resource types": [
                    "cluster*"
                ],
                "conditionKeys": "",
                "dependentActions": [
                    ""
                ]
            },
            {
                "name": "CopySnapshot",
                "description": "Grants permissions to make a copy of an existing snapshot",
                "access level": "Write",
                "resource types": [
                    "snapshot*"
                ],
                "conditionKeys": "",
                "dependentActions": [
                    "memorydb:TagResource\n                            \n\n                                s3:DeleteObject\n                            \n\n                                s3:GetBucketAcl\n                            \n\n                                s3:PutObject"
                ]
            },
            {
                "name": "CreateAcl",
                "description": "Grants permissions to create a new access control list",
                "access level": "Write",
                "resource types": [
                    "user*"
                ],
                "conditionKeys": "",
                "dependentActions": [
                    "memorydb:TagResource"
                ]
            },
            {
                "name": "CreateCluster",
                "description": "Grants permissions to create a cluster",
                "access level": "Write",
                "resource types": [
                    "acl*"
                ],
                "conditionKeys": "",
                "dependentActions": [
                    "ec2:CreateNetworkInterface\n                            \n\n                                ec2:DeleteNetworkInterface\n                            \n\n                                ec2:DescribeNetworkInterfaces\n                            \n\n                                ec2:DescribeSubnets\n                            \n\n                                ec2:DescribeVpcs\n                            \n\n                                memorydb:TagResource\n                            \n\n                                s3:GetObject"
                ]
            },
            {
                "name": "CreateParameterGroup",
                "description": "Grants permissions to create a new parameter group",
                "access level": "Write",
                "resource types": [
                    ""
                ],
                "conditionKeys": "aws:RequestTag/${TagKey}\n\n\naws:TagKeys",
                "dependentActions": [
                    "memorydb:TagResource"
                ]
            },
            {
                "name": "CreateSnapshot",
                "description": "Grants permissions to create a backup of a cluster at the current point in time",
                "access level": "Write",
                "resource types": [
                    "cluster*"
                ],
                "conditionKeys": "",
                "dependentActions": [
                    "memorydb:TagResource\n                            \n\n                                s3:DeleteObject\n                            \n\n                                s3:GetBucketAcl\n                            \n\n                                s3:PutObject"
                ]
            },
            {
                "name": "CreateSubnetGroup",
                "description": "Grants permissions to create a new subnet group",
                "access level": "Write",
                "resource types": [
                    ""
                ],
                "conditionKeys": "aws:RequestTag/${TagKey}\n\n\naws:TagKeys",
                "dependentActions": [
                    "memorydb:TagResource"
                ]
            },
            {
                "name": "CreateUser",
                "description": "Grants permissions to create a new user",
                "access level": "Write",
                "resource types": [
                    ""
                ],
                "conditionKeys": "aws:RequestTag/${TagKey}\n\n\naws:TagKeys",
                "dependentActions": [
                    "memorydb:TagResource"
                ]
            },
            {
                "name": "DeleteAcl",
                "description": "Grants permissions to delete an access control list",
                "access level": "Write",
                "resource types": [
                    "acl*"
                ],
                "conditionKeys": "",
                "dependentActions": [
                    ""
                ]
            },
            {
                "name": "DeleteCluster",
                "description": "Grants permissions to delete a previously provisioned cluster",
                "access level": "Write",
                "resource types": [
                    "cluster*"
                ],
                "conditionKeys": "",
                "dependentActions": [
                    "ec2:CreateNetworkInterface\n                            \n\n                                ec2:DeleteNetworkInterface\n                            \n\n                                ec2:DescribeNetworkInterfaces\n                            \n\n                                ec2:DescribeSubnets\n                            \n\n                                ec2:DescribeVpcs"
                ]
            },
            {
                "name": "DeleteParameterGroup",
                "description": "Grants permissions to delete a parameter group",
                "access level": "Write",
                "resource types": [
                    "parametergroup*"
                ],
                "conditionKeys": "",
                "dependentActions": [
                    ""
                ]
            },
            {
                "name": "DeleteSnapshot",
                "description": "Grants permissions to delete a snapshot",
                "access level": "Write",
                "resource types": [
                    "snapshot*"
                ],
                "conditionKeys": "",
                "dependentActions": [
                    ""
                ]
            },
            {
                "name": "DeleteSubnetGroup",
                "description": "Grants permissions to delete a subnet group",
                "access level": "Write",
                "resource types": [
                    "subnetgroup*"
                ],
                "conditionKeys": "",
                "dependentActions": [
                    "ec2:CreateNetworkInterface\n                            \n\n                                ec2:DeleteNetworkInterface\n                            \n\n                                ec2:DescribeNetworkInterfaces\n                            \n\n                                ec2:DescribeSubnets\n                            \n\n                                ec2:DescribeVpcs"
                ]
            },
            {
                "name": "DeleteUser",
                "description": "Grants permissions to delete a user",
                "access level": "Write",
                "resource types": [
                    "user*"
                ],
                "conditionKeys": "",
                "dependentActions": [
                    ""
                ]
            },
            {
                "name": "DescribeAcls",
                "description": "Grants permissions to retrieve information about access control lists",
                "access level": "Read",
                "resource types": [
                    "acl*"
                ],
                "conditionKeys": "",
                "dependentActions": [
                    ""
                ]
            },
            {
                "name": "DescribeClusters",
                "description": "Grants permissions to retrieve information about all provisioned clusters if no cluster identifier is specified, or about a specific cluster if a cluster identifier is supplied",
                "access level": "Read",
                "resource types": [
                    "cluster*"
                ],
                "conditionKeys": "",
                "dependentActions": [
                    ""
                ]
            },
            {
                "name": "DescribeEngineVersions",
                "description": "Grants permissions to list of the available engines and their versions",
                "access level": "Read",
                "resource types": [
                    ""
                ],
                "conditionKeys": "",
                "dependentActions": [
                    ""
                ]
            },
            {
                "name": "DescribeEvents",
                "description": "Grants permissions to retrieve events related to clusters, subnet groups, and parameter groups",
                "access level": "Read",
                "resource types": [
                    ""
                ],
                "conditionKeys": "",
                "dependentActions": [
                    ""
                ]
            },
            {
                "name": "DescribeParameterGroups",
                "description": "Grants permissions to retrieve information about parameter groups",
                "access level": "Read",
                "resource types": [
                    "parametergroup*"
                ],
                "conditionKeys": "",
                "dependentActions": [
                    ""
                ]
            },
            {
                "name": "DescribeParameters",
                "description": "Grants permissions to retrieve a detailed parameter list for a particular parameter group",
                "access level": "Read",
                "resource types": [
                    "parametergroup*"
                ],
                "conditionKeys": "",
                "dependentActions": [
                    ""
                ]
            },
            {
                "name": "DescribeReservedNodes",
                "description": "Grants permissions to retrieve reserved nodes",
                "access level": "Read",
                "resource types": [
                    "reservednode*"
                ],
                "conditionKeys": "",
                "dependentActions": [
                    ""
                ]
            },
            {
                "name": "DescribeReservedNodesOfferings",
                "description": "Grants permissions to retrieve reserved nodes offerings",
                "access level": "Read",
                "resource types": [
                    ""
                ],
                "conditionKeys": "",
                "dependentActions": [
                    ""
                ]
            },
            {
                "name": "DescribeServiceUpdates",
                "description": "Grants permissions to retrieve details of the service updates",
                "access level": "Read",
                "resource types": [
                    ""
                ],
                "conditionKeys": "",
                "dependentActions": [
                    ""
                ]
            },
            {
                "name": "DescribeSnapshots",
                "description": "Grants permissions to retrieve information about cluster snapshots",
                "access level": "Read",
                "resource types": [
                    "snapshot*"
                ],
                "conditionKeys": "",
                "dependentActions": [
                    ""
                ]
            },
            {
                "name": "DescribeSubnetGroups",
                "description": "Grants permissions to retrieve a list of subnet group",
                "access level": "Read",
                "resource types": [
                    "subnetgroup*"
                ],
                "conditionKeys": "",
                "dependentActions": [
                    ""
                ]
            },
            {
                "name": "DescribeUsers",
                "description": "Grants permissions to retrieve information about users",
                "access level": "Read",
                "resource types": [
                    "user*"
                ],
                "conditionKeys": "",
                "dependentActions": [
                    ""
                ]
            },
            {
                "name": "FailoverShard",
                "description": "Grants permissions to test automatic failover on a specified shard in a cluster",
                "access level": "Write",
                "resource types": [
                    "cluster*"
                ],
                "conditionKeys": "",
                "dependentActions": [
                    "ec2:CreateNetworkInterface\n                            \n\n                                ec2:DeleteNetworkInterface\n                            \n\n                                ec2:DescribeNetworkInterfaces\n                            \n\n                                ec2:DescribeSubnets\n                            \n\n                                ec2:DescribeVpcs"
                ]
            },
            {
                "name": "ListAllowedNodeTypeUpdates",
                "description": "Grants permissions to list available node type updates",
                "access level": "Read",
                "resource types": [
                    "cluster*"
                ],
                "conditionKeys": "",
                "dependentActions": [
                    ""
                ]
            },
            {
                "name": "ListTags",
                "description": "Grants permissions to list cost allocation tags",
                "access level": "Read",
                "resource types": [
                    "acl"
                ],
                "conditionKeys": "",
                "dependentActions": [
                    ""
                ]
            },
            {
                "name": "PurchaseReservedNodesOffering",
                "description": "Grants permissions to purchase a new reserved node",
                "access level": "Write",
                "resource types": [
                    "reservednode*"
                ],
                "conditionKeys": "",
                "dependentActions": [
                    "memorydb:TagResource"
                ]
            },
            {
                "name": "ResetParameterGroup",
                "description": "Grants permissions to modify the parameters of a parameter group to the engine or system default value",
                "access level": "Write",
                "resource types": [
                    "parametergroup*"
                ],
                "conditionKeys": "",
                "dependentActions": [
                    ""
                ]
            },
            {
                "name": "TagResource",
                "description": "Grants permissions to add up to 10 cost allocation tags to the named resource",
                "access level": "Tagging",
                "resource types": [
                    "acl"
                ],
                "conditionKeys": "",
                "dependentActions": [
                    ""
                ]
            },
            {
                "name": "UntagResource",
                "description": "Grants permissions to remove the tags identified by the TagKeys list from a resource",
                "access level": "Tagging",
                "resource types": [
                    "acl"
                ],
                "conditionKeys": "",
                "dependentActions": [
                    ""
                ]
            },
            {
                "name": "UpdateAcl",
                "description": "Grants permissions to update an access control list",
                "access level": "Write",
                "resource types": [
                    "acl*"
                ],
                "conditionKeys": "",
                "dependentActions": [
                    ""
                ]
            },
            {
                "name": "UpdateCluster",
                "description": "Grants permissions to update the settings for a cluster",
                "access level": "Write",
                "resource types": [
                    "cluster*"
                ],
                "conditionKeys": "",
                "dependentActions": [
                    "ec2:CreateNetworkInterface\n                            \n\n                                ec2:DeleteNetworkInterface\n                            \n\n                                ec2:DescribeNetworkInterfaces\n                            \n\n                                ec2:DescribeSubnets\n                            \n\n                                ec2:DescribeVpcs"
                ]
            },
            {
                "name": "UpdateParameterGroup",
                "description": "Grants permissions to update parameters in a parameter group",
                "access level": "Write",
                "resource types": [
                    "parametergroup*"
                ],
                "conditionKeys": "",
                "dependentActions": [
                    ""
                ]
            },
            {
                "name": "UpdateSubnetGroup",
                "description": "Grants permissions to update a subnet group",
                "access level": "Write",
                "resource types": [
                    "subnetgroup*"
                ],
                "conditionKeys": "",
                "dependentActions": [
                    ""
                ]
            },
            {
                "name": "UpdateUser",
                "description": "Grants permissions to update a user",
                "access level": "Write",
                "resource types": [
                    "user*"
                ],
                "conditionKeys": "",
                "dependentActions": [
                    ""
                ]
            }
        ]
    },
    {
        "resources": [
            {
                "resource_type": "parametergroup",
                "ARN": "arn:${Partition}:memorydb:${Region}:${Account}:parametergroup/${ParameterGroupName}",
                "conditionKeys": "aws:ResourceTag/${TagKey}"
            },
            {
                "resource_type": "subnetgroup",
                "ARN": "arn:${Partition}:memorydb:${Region}:${Account}:subnetgroup/${SubnetGroupName}",
                "conditionKeys": "aws:ResourceTag/${TagKey}"
            },
            {
                "resource_type": "cluster",
                "ARN": "arn:${Partition}:memorydb:${Region}:${Account}:cluster/${ClusterName}",
                "conditionKeys": "aws:ResourceTag/${TagKey}"
            },
            {
                "resource_type": "snapshot",
                "ARN": "arn:${Partition}:memorydb:${Region}:${Account}:snapshot/${SnapshotName}",
                "conditionKeys": "aws:ResourceTag/${TagKey}"
            },
            {
                "resource_type": "user",
                "ARN": "arn:${Partition}:memorydb:${Region}:${Account}:user/${UserName}",
                "conditionKeys": "aws:ResourceTag/${TagKey}"
            },
            {
                "resource_type": "acl",
                "ARN": "arn:${Partition}:memorydb:${Region}:${Account}:acl/${AclName}",
                "conditionKeys": "aws:ResourceTag/${TagKey}"
            },
            {
                "resource_type": "reservednode",
                "ARN": "arn:${Partition}:memorydb:${Region}:${Account}:reservednode/${ReservationID}",
                "conditionKeys": "aws:ResourceTag/${TagKey}"
            }
        ]
    },
    {
        "conditions": [
            {
                "Condition keys": "aws:RequestTag/${TagKey}",
                "Description": "Filters actions based on the tags that are passed in the request",
                "Type": "String"
            },
            {
                "Condition keys": "aws:ResourceTag/${TagKey}",
                "Description": "Filters actions based on the tags associated with the resource",
                "Type": "String"
            },
            {
                "Condition keys": "aws:TagKeys",
                "Description": "Filters actions based on the tag keys that are passed in the request",
                "Type": "ArrayOfString"
            }
        ]
    }
]