[
    {
        "prefix_item": "monitron"
    },
    {
        "link": "https://docs.aws.amazon.com/service-authorization/latest/reference/./list_amazonmonitron.html"
    },
    {
        "actions": [
            {
                "name": "AssociateProjectAdminUser [permission only]",
                "description": "Grants permission to associate a user with the project as an administrator",
                "access level": "Permissions management",
                "resource types": [
                    "project*"
                ],
                "conditionKeys": "",
                "dependentActions": [
                    "sso-directory:DescribeUsers\n                            \n\n                                sso:AssociateProfile\n                            \n\n                                sso:GetManagedApplicationInstance\n                            \n\n                                sso:GetProfile\n                            \n\n                                sso:ListDirectoryAssociations\n                            \n\n                                sso:ListProfileAssociations\n                            \n\n                                sso:ListProfiles"
                ]
            },
            {
                "name": "CreateProject [permission only]",
                "description": "Grants permission to create a project",
                "access level": "Write",
                "resource types": [
                    ""
                ],
                "conditionKeys": "aws:RequestTag/${TagKey}\n\n\naws:TagKeys",
                "dependentActions": [
                    "iam:CreateServiceLinkedRole\n                            \n\n                                kms:CreateGrant\n                            \n\n                                sso:CreateManagedApplicationInstance\n                            \n\n                                sso:DeleteManagedApplicationInstance"
                ]
            },
            {
                "name": "DeleteProject [permission only]",
                "description": "Grants permission to delete a project",
                "access level": "Write",
                "resource types": [
                    "project*"
                ],
                "conditionKeys": "",
                "dependentActions": [
                    "sso:DeleteManagedApplicationInstance"
                ]
            },
            {
                "name": "DisassociateProjectAdminUser [permission only]",
                "description": "Grants permission to disassociate an administrator from the project",
                "access level": "Permissions management",
                "resource types": [
                    "project*"
                ],
                "conditionKeys": "",
                "dependentActions": [
                    "sso-directory:DescribeUsers\n                            \n\n                                sso:DisassociateProfile\n                            \n\n                                sso:GetManagedApplicationInstance\n                            \n\n                                sso:GetProfile\n                            \n\n                                sso:ListDirectoryAssociations\n                            \n\n                                sso:ListProfiles"
                ]
            },
            {
                "name": "GetProject [permission only]",
                "description": "Grants permission to get information about a project",
                "access level": "Read",
                "resource types": [
                    "project*"
                ],
                "conditionKeys": "",
                "dependentActions": [
                    ""
                ]
            },
            {
                "name": "GetProjectAdminUser [permission only]",
                "description": "Grants permission to describe an administrator who is associated with the project",
                "access level": "Read",
                "resource types": [
                    "project*"
                ],
                "conditionKeys": "",
                "dependentActions": [
                    "sso-directory:DescribeUsers\n                            \n\n                                sso:GetManagedApplicationInstance\n                            \n\n                                sso:ListProfileAssociations"
                ]
            },
            {
                "name": "ListProjectAdminUsers [permission only]",
                "description": "Grants permission to list all administrators associated with the project",
                "access level": "Permissions management",
                "resource types": [
                    "project*"
                ],
                "conditionKeys": "",
                "dependentActions": [
                    "sso-directory:DescribeUsers\n                            \n\n                                sso:GetManagedApplicationInstance"
                ]
            },
            {
                "name": "ListProjects [permission only]",
                "description": "Grants permission to list all projects",
                "access level": "List",
                "resource types": [
                    ""
                ],
                "conditionKeys": "",
                "dependentActions": [
                    ""
                ]
            },
            {
                "name": "ListTagsForResource [permission only]",
                "description": "Grants permission to list all tags for a resource",
                "access level": "Read",
                "resource types": [
                    "project"
                ],
                "conditionKeys": "",
                "dependentActions": [
                    ""
                ]
            },
            {
                "name": "TagResource [permission only]",
                "description": "Grants permission to tag a resource",
                "access level": "Tagging",
                "resource types": [
                    "project"
                ],
                "conditionKeys": "",
                "dependentActions": [
                    ""
                ]
            },
            {
                "name": "UntagResource [permission only]",
                "description": "Grants permission to untag a resource",
                "access level": "Tagging",
                "resource types": [
                    "project"
                ],
                "conditionKeys": "",
                "dependentActions": [
                    ""
                ]
            },
            {
                "name": "UpdateProject [permission only]",
                "description": "Grants permission to update a project",
                "access level": "Write",
                "resource types": [
                    "project*"
                ],
                "conditionKeys": "",
                "dependentActions": [
                    ""
                ]
            }
        ]
    },
    {
        "resources": [
            {
                "resource_type": "project",
                "ARN": "arn:${Partition}:monitron:${Region}:${Account}:project/${ResourceId}",
                "conditionKeys": "aws:ResourceTag/${TagKey}"
            }
        ]
    },
    {
        "conditions": [
            {
                "Condition keys": "aws:RequestTag/${TagKey}",
                "Description": "Filters access by the tag key-value pairs in the request",
                "Type": "String"
            },
            {
                "Condition keys": "aws:ResourceTag/${TagKey}",
                "Description": "Filters access by the tags attached to the resource",
                "Type": "String"
            },
            {
                "Condition keys": "aws:TagKeys",
                "Description": "Filters actions by the tag keys in the request",
                "Type": "ArrayOfString"
            }
        ]
    }
]