[
    {
        "prefix_item": "mq"
    },
    {
        "link": "https://docs.aws.amazon.com/service-authorization/latest/reference/./list_amazonmq.html"
    },
    {
        "actions": [
            {
                "name": "CreateBroker",
                "description": "Grants permission to create a broker",
                "access level": "Write",
                "resource types": [
                    ""
                ],
                "conditionKeys": "aws:RequestTag/${TagKey}\n\n\naws:TagKeys",
                "dependentActions": [
                    "ec2:CreateNetworkInterface\n                            \n\n                                ec2:CreateNetworkInterfacePermission\n                            \n\n                                ec2:CreateSecurityGroup\n                            \n\n                                ec2:CreateVpcEndpoint\n                            \n\n                                ec2:DescribeInternetGateways\n                            \n\n                                ec2:DescribeNetworkInterfacePermissions\n                            \n\n                                ec2:DescribeNetworkInterfaces\n                            \n\n                                ec2:DescribeSecurityGroups\n                            \n\n                                ec2:DescribeSubnets\n                            \n\n                                ec2:DescribeVpcEndpoints\n                            \n\n                                ec2:DescribeVpcs\n                            \n\n                                ec2:ModifyNetworkInterfaceAttribute\n                            \n\n                                iam:CreateServiceLinkedRole\n                            \n\n                                route53:AssociateVPCWithHostedZone"
                ]
            },
            {
                "name": "CreateConfiguration",
                "description": "Grants permission to create a new configuration for the specified configuration name. Amazon MQ uses the default configuration (the engine type and engine version)",
                "access level": "Write",
                "resource types": [
                    ""
                ],
                "conditionKeys": "aws:RequestTag/${TagKey}\n\n\naws:TagKeys",
                "dependentActions": [
                    ""
                ]
            },
            {
                "name": "CreateReplicaBroker [permission only]",
                "description": "Grants permission to create a replica broker",
                "access level": "Write",
                "resource types": [
                    "brokers*"
                ],
                "conditionKeys": "",
                "dependentActions": [
                    ""
                ]
            },
            {
                "name": "CreateTags",
                "description": "Grants permission to create tags",
                "access level": "Tagging",
                "resource types": [
                    "brokers"
                ],
                "conditionKeys": "",
                "dependentActions": [
                    ""
                ]
            },
            {
                "name": "CreateUser",
                "description": "Grants permission to create an ActiveMQ user",
                "access level": "Write",
                "resource types": [
                    "brokers*"
                ],
                "conditionKeys": "",
                "dependentActions": [
                    ""
                ]
            },
            {
                "name": "DeleteBroker",
                "description": "Grants permission to delete a broker",
                "access level": "Write",
                "resource types": [
                    "brokers*"
                ],
                "conditionKeys": "",
                "dependentActions": [
                    "ec2:DeleteNetworkInterface\n                            \n\n                                ec2:DeleteNetworkInterfacePermission\n                            \n\n                                ec2:DeleteVpcEndpoints\n                            \n\n                                ec2:DetachNetworkInterface"
                ]
            },
            {
                "name": "DeleteTags",
                "description": "Grants permission to delete tags",
                "access level": "Tagging",
                "resource types": [
                    "brokers"
                ],
                "conditionKeys": "",
                "dependentActions": [
                    ""
                ]
            },
            {
                "name": "DeleteUser",
                "description": "Grants permission to delete an ActiveMQ user",
                "access level": "Write",
                "resource types": [
                    "brokers*"
                ],
                "conditionKeys": "",
                "dependentActions": [
                    ""
                ]
            },
            {
                "name": "DescribeBroker",
                "description": "Grants permission to return information about the specified broker",
                "access level": "Read",
                "resource types": [
                    "brokers*"
                ],
                "conditionKeys": "",
                "dependentActions": [
                    ""
                ]
            },
            {
                "name": "DescribeBrokerEngineTypes",
                "description": "Grants permission to return information about broker engines",
                "access level": "Read",
                "resource types": [
                    ""
                ],
                "conditionKeys": "",
                "dependentActions": [
                    ""
                ]
            },
            {
                "name": "DescribeBrokerInstanceOptions",
                "description": "Grants permission to return information about the broker instance options",
                "access level": "Read",
                "resource types": [
                    ""
                ],
                "conditionKeys": "",
                "dependentActions": [
                    ""
                ]
            },
            {
                "name": "DescribeConfiguration",
                "description": "Grants permission to return information about the specified configuration",
                "access level": "Read",
                "resource types": [
                    "configurations*"
                ],
                "conditionKeys": "",
                "dependentActions": [
                    ""
                ]
            },
            {
                "name": "DescribeConfigurationRevision",
                "description": "Grants permission to return the specified configuration revision for the specified configuration",
                "access level": "Read",
                "resource types": [
                    "configurations*"
                ],
                "conditionKeys": "",
                "dependentActions": [
                    ""
                ]
            },
            {
                "name": "DescribeUser",
                "description": "Grants permission to return information about an ActiveMQ user",
                "access level": "Read",
                "resource types": [
                    "brokers*"
                ],
                "conditionKeys": "",
                "dependentActions": [
                    ""
                ]
            },
            {
                "name": "ListBrokers",
                "description": "Grants permission to return a list of all brokers",
                "access level": "List",
                "resource types": [
                    ""
                ],
                "conditionKeys": "",
                "dependentActions": [
                    ""
                ]
            },
            {
                "name": "ListConfigurationRevisions",
                "description": "Grants permission to return a list of all existing revisions for the specified configuration",
                "access level": "List",
                "resource types": [
                    "configurations*"
                ],
                "conditionKeys": "",
                "dependentActions": [
                    ""
                ]
            },
            {
                "name": "ListConfigurations",
                "description": "Grants permission to return a list of all configurations",
                "access level": "List",
                "resource types": [
                    ""
                ],
                "conditionKeys": "",
                "dependentActions": [
                    ""
                ]
            },
            {
                "name": "ListTags",
                "description": "Grants permission to return a list of tags",
                "access level": "List",
                "resource types": [
                    "brokers"
                ],
                "conditionKeys": "",
                "dependentActions": [
                    ""
                ]
            },
            {
                "name": "ListUsers",
                "description": "Grants permission to return a list of all ActiveMQ users",
                "access level": "List",
                "resource types": [
                    "brokers*"
                ],
                "conditionKeys": "",
                "dependentActions": [
                    ""
                ]
            },
            {
                "name": "RebootBroker",
                "description": "Grants permission to reboot a broker",
                "access level": "Write",
                "resource types": [
                    "brokers*"
                ],
                "conditionKeys": "",
                "dependentActions": [
                    ""
                ]
            },
            {
                "name": "UpdateBroker",
                "description": "Grants permission to add a pending configuration change to a broker",
                "access level": "Write",
                "resource types": [
                    "brokers*"
                ],
                "conditionKeys": "",
                "dependentActions": [
                    ""
                ]
            },
            {
                "name": "UpdateConfiguration",
                "description": "Grants permission to update the specified configuration",
                "access level": "Write",
                "resource types": [
                    "configurations*"
                ],
                "conditionKeys": "",
                "dependentActions": [
                    ""
                ]
            },
            {
                "name": "UpdateUser",
                "description": "Grants permission to update the information for an ActiveMQ user",
                "access level": "Write",
                "resource types": [
                    "brokers*"
                ],
                "conditionKeys": "",
                "dependentActions": [
                    ""
                ]
            }
        ]
    },
    {
        "resources": [
            {
                "resource_type": "brokers",
                "ARN": "arn:${Partition}:mq:${Region}:${Account}:broker:${BrokerId}",
                "conditionKeys": "aws:ResourceTag/${TagKey}"
            },
            {
                "resource_type": "configurations",
                "ARN": "arn:${Partition}:mq:${Region}:${Account}:configuration:${ConfigurationId}",
                "conditionKeys": "aws:ResourceTag/${TagKey}"
            }
        ]
    },
    {
        "conditions": [
            {
                "Condition keys": "aws:RequestTag/${TagKey}",
                "Description": "Filters access by the tags that are passed in the request",
                "Type": "String"
            },
            {
                "Condition keys": "aws:ResourceTag/${TagKey}",
                "Description": "Filters access by the tags associated with the resource",
                "Type": "String"
            },
            {
                "Condition keys": "aws:TagKeys",
                "Description": "Filters access by the tag keys that are passed in the request",
                "Type": "ArrayOfString"
            }
        ]
    }
]