[
    {
        "prefix_item": "neptune-db"
    },
    {
        "link": "https://docs.aws.amazon.com/service-authorization/latest/reference/./list_amazonneptune.html"
    },
    {
        "actions": [
            {
                "name": "CancelLoaderJob",
                "description": "Grants permission to cancel a loader job",
                "access level": "Write",
                "resource types": [
                    "database*"
                ],
                "conditionKeys": "",
                "dependentActions": [
                    ""
                ]
            },
            {
                "name": "CancelMLDataProcessingJob",
                "description": "Grants permission to cancel an ML data processing job",
                "access level": "Write",
                "resource types": [
                    "database*"
                ],
                "conditionKeys": "",
                "dependentActions": [
                    ""
                ]
            },
            {
                "name": "CancelMLModelTrainingJob",
                "description": "Grants permission to cancel an ML model training job",
                "access level": "Write",
                "resource types": [
                    "database*"
                ],
                "conditionKeys": "",
                "dependentActions": [
                    ""
                ]
            },
            {
                "name": "CancelMLModelTransformJob",
                "description": "Grants permission to cancel an ML model transform job",
                "access level": "Write",
                "resource types": [
                    "database*"
                ],
                "conditionKeys": "",
                "dependentActions": [
                    ""
                ]
            },
            {
                "name": "CancelQuery",
                "description": "Grants permission to cancel a query",
                "access level": "Write",
                "resource types": [
                    "database*"
                ],
                "conditionKeys": "",
                "dependentActions": [
                    ""
                ]
            },
            {
                "name": "CreateMLEndpoint",
                "description": "Grants permission to create an ML endpoint",
                "access level": "Write",
                "resource types": [
                    "database*"
                ],
                "conditionKeys": "",
                "dependentActions": [
                    ""
                ]
            },
            {
                "name": "DeleteDataViaQuery",
                "description": "Grants permission to run delete data via query APIs on database",
                "access level": "Write",
                "resource types": [
                    "database*"
                ],
                "conditionKeys": "",
                "dependentActions": [
                    ""
                ]
            },
            {
                "name": "DeleteMLEndpoint",
                "description": "Grants permission to delete an ML endpoint",
                "access level": "Write",
                "resource types": [
                    "database*"
                ],
                "conditionKeys": "",
                "dependentActions": [
                    ""
                ]
            },
            {
                "name": "DeleteStatistics",
                "description": "Grants permission to delete all the statistics in the database",
                "access level": "Write",
                "resource types": [
                    "database*"
                ],
                "conditionKeys": "",
                "dependentActions": [
                    ""
                ]
            },
            {
                "name": "GetEngineStatus",
                "description": "Grants permission to check the status of the Neptune engine",
                "access level": "Read",
                "resource types": [
                    "database*"
                ],
                "conditionKeys": "",
                "dependentActions": [
                    ""
                ]
            },
            {
                "name": "GetGraphSummary",
                "description": "Grants permission to get the graph summary from the database",
                "access level": "Read",
                "resource types": [
                    "database*"
                ],
                "conditionKeys": "",
                "dependentActions": [
                    ""
                ]
            },
            {
                "name": "GetLoaderJobStatus",
                "description": "Grants permission to check the status of a loader job",
                "access level": "Read",
                "resource types": [
                    "database*"
                ],
                "conditionKeys": "",
                "dependentActions": [
                    ""
                ]
            },
            {
                "name": "GetMLDataProcessingJobStatus",
                "description": "Grants permission to check the status of an ML data processing job",
                "access level": "Read",
                "resource types": [
                    "database*"
                ],
                "conditionKeys": "",
                "dependentActions": [
                    ""
                ]
            },
            {
                "name": "GetMLEndpointStatus",
                "description": "Grants permission to check the status of an ML endpoint",
                "access level": "Read",
                "resource types": [
                    "database*"
                ],
                "conditionKeys": "",
                "dependentActions": [
                    ""
                ]
            },
            {
                "name": "GetMLModelTrainingJobStatus",
                "description": "Grants permission to check the status of an ML model training job",
                "access level": "Read",
                "resource types": [
                    "database*"
                ],
                "conditionKeys": "",
                "dependentActions": [
                    ""
                ]
            },
            {
                "name": "GetMLModelTransformJobStatus",
                "description": "Grants permission to check the status of an ML model transform job",
                "access level": "Read",
                "resource types": [
                    "database*"
                ],
                "conditionKeys": "",
                "dependentActions": [
                    ""
                ]
            },
            {
                "name": "GetQueryStatus",
                "description": "Grants permission to check the status of all active queries",
                "access level": "Read",
                "resource types": [
                    "database*"
                ],
                "conditionKeys": "",
                "dependentActions": [
                    ""
                ]
            },
            {
                "name": "GetStatisticsStatus",
                "description": "Grants permission to check the status of statistics of the database",
                "access level": "Read",
                "resource types": [
                    "database*"
                ],
                "conditionKeys": "",
                "dependentActions": [
                    ""
                ]
            },
            {
                "name": "GetStreamRecords",
                "description": "Grants permission to fetch stream records from Neptune",
                "access level": "Read",
                "resource types": [
                    "database*"
                ],
                "conditionKeys": "",
                "dependentActions": [
                    ""
                ]
            },
            {
                "name": "ListLoaderJobs",
                "description": "Grants permission to list all the loader jobs",
                "access level": "List",
                "resource types": [
                    "database*"
                ],
                "conditionKeys": "",
                "dependentActions": [
                    ""
                ]
            },
            {
                "name": "ListMLDataProcessingJobs",
                "description": "Grants permission to list all the ML data processing jobs",
                "access level": "List",
                "resource types": [
                    "database*"
                ],
                "conditionKeys": "",
                "dependentActions": [
                    ""
                ]
            },
            {
                "name": "ListMLEndpoints",
                "description": "Grants permission to list all the ML endpoints",
                "access level": "List",
                "resource types": [
                    "database*"
                ],
                "conditionKeys": "",
                "dependentActions": [
                    ""
                ]
            },
            {
                "name": "ListMLModelTrainingJobs",
                "description": "Grants permission to list all the ML model training jobs",
                "access level": "List",
                "resource types": [
                    "database*"
                ],
                "conditionKeys": "",
                "dependentActions": [
                    ""
                ]
            },
            {
                "name": "ListMLModelTransformJobs",
                "description": "Grants permission to list all the ML model transform jobs",
                "access level": "List",
                "resource types": [
                    "database*"
                ],
                "conditionKeys": "",
                "dependentActions": [
                    ""
                ]
            },
            {
                "name": "ManageStatistics",
                "description": "Grants permission to manage statistics in the database",
                "access level": "Write",
                "resource types": [
                    "database*"
                ],
                "conditionKeys": "",
                "dependentActions": [
                    ""
                ]
            },
            {
                "name": "ReadDataViaQuery",
                "description": "Grants permission to run read data via query APIs on database",
                "access level": "Read",
                "resource types": [
                    "database*"
                ],
                "conditionKeys": "",
                "dependentActions": [
                    ""
                ]
            },
            {
                "name": "ResetDatabase",
                "description": "Grants permission to get the token needed for reset and resets the Neptune database",
                "access level": "Write",
                "resource types": [
                    "database*"
                ],
                "conditionKeys": "",
                "dependentActions": [
                    ""
                ]
            },
            {
                "name": "StartLoaderJob",
                "description": "Grants permission to start a loader job",
                "access level": "Write",
                "resource types": [
                    "database*"
                ],
                "conditionKeys": "",
                "dependentActions": [
                    ""
                ]
            },
            {
                "name": "StartMLDataProcessingJob",
                "description": "Grants permission to start an ML data processing job",
                "access level": "Write",
                "resource types": [
                    "database*"
                ],
                "conditionKeys": "",
                "dependentActions": [
                    ""
                ]
            },
            {
                "name": "StartMLModelTrainingJob",
                "description": "Grants permission to start an ML model training job",
                "access level": "Write",
                "resource types": [
                    "database*"
                ],
                "conditionKeys": "",
                "dependentActions": [
                    ""
                ]
            },
            {
                "name": "StartMLModelTransformJob",
                "description": "Grants permission to start an ML model transform job",
                "access level": "Write",
                "resource types": [
                    "database*"
                ],
                "conditionKeys": "",
                "dependentActions": [
                    ""
                ]
            },
            {
                "name": "WriteDataViaQuery",
                "description": "Grants permission to run write data via query APIs on database",
                "access level": "Write",
                "resource types": [
                    "database*"
                ],
                "conditionKeys": "",
                "dependentActions": [
                    ""
                ]
            },
            {
                "name": "connect",
                "description": "Grants permission to all data-access actions in engine versions prior to 1.2.0.0",
                "access level": "Write",
                "resource types": [
                    "database*"
                ],
                "conditionKeys": "",
                "dependentActions": [
                    ""
                ]
            }
        ]
    },
    {
        "resources": [
            {
                "resource_type": "database",
                "ARN": "arn:${Partition}:neptune-db:${Region}:${Account}:${RelativeId}/database",
                "conditionKeys": ""
            }
        ]
    },
    {
        "conditions": [
            {
                "Condition keys": "neptune-db:QueryLanguage",
                "Description": "Filters access by graph model",
                "Type": "String"
            }
        ]
    }
]