[
    {
        "prefix_item": "network-firewall"
    },
    {
        "link": "https://docs.aws.amazon.com/service-authorization/latest/reference/./list_awsnetworkfirewall.html"
    },
    {
        "actions": [
            {
                "name": "AssociateFirewallPolicy",
                "description": "Grants permission to create an association between a firewall policy and a firewall",
                "access level": "Write",
                "resource types": [
                    "Firewall*"
                ],
                "conditionKeys": "",
                "dependentActions": [
                    ""
                ]
            },
            {
                "name": "AssociateSubnets",
                "description": "Grants permission to associate VPC subnets to a firewall",
                "access level": "Write",
                "resource types": [
                    "Firewall*"
                ],
                "conditionKeys": "",
                "dependentActions": [
                    ""
                ]
            },
            {
                "name": "CreateFirewall",
                "description": "Grants permission to create an AWS Network Firewall firewall",
                "access level": "Write",
                "resource types": [
                    "Firewall*"
                ],
                "conditionKeys": "",
                "dependentActions": [
                    "iam:CreateServiceLinkedRole"
                ]
            },
            {
                "name": "CreateFirewallPolicy",
                "description": "Grants permission to create an AWS Network Firewall firewall policy",
                "access level": "Write",
                "resource types": [
                    "FirewallPolicy*"
                ],
                "conditionKeys": "",
                "dependentActions": [
                    ""
                ]
            },
            {
                "name": "CreateRuleGroup",
                "description": "Grants permission to create an AWS Network Firewall rule group",
                "access level": "Write",
                "resource types": [
                    "StatefulRuleGroup"
                ],
                "conditionKeys": "",
                "dependentActions": [
                    ""
                ]
            },
            {
                "name": "CreateTLSInspectionConfiguration",
                "description": "Grants permission to create an AWS Network Firewall tls inspection configuration",
                "access level": "Write",
                "resource types": [
                    "TLSInspectionConfiguration*"
                ],
                "conditionKeys": "",
                "dependentActions": [
                    "iam:CreateServiceLinkedRole"
                ]
            },
            {
                "name": "DeleteFirewall",
                "description": "Grants permission to delete a firewall",
                "access level": "Write",
                "resource types": [
                    "Firewall*"
                ],
                "conditionKeys": "",
                "dependentActions": [
                    ""
                ]
            },
            {
                "name": "DeleteFirewallPolicy",
                "description": "Grants permission to delete a firewall policy",
                "access level": "Write",
                "resource types": [
                    "FirewallPolicy*"
                ],
                "conditionKeys": "",
                "dependentActions": [
                    ""
                ]
            },
            {
                "name": "DeleteResourcePolicy",
                "description": "Grants permission to delete a resource policy for a firewall policy or rule group",
                "access level": "Write",
                "resource types": [
                    "FirewallPolicy"
                ],
                "conditionKeys": "",
                "dependentActions": [
                    ""
                ]
            },
            {
                "name": "DeleteRuleGroup",
                "description": "Grants permission to delete a rule group",
                "access level": "Write",
                "resource types": [
                    "StatefulRuleGroup*"
                ],
                "conditionKeys": "",
                "dependentActions": [
                    ""
                ]
            },
            {
                "name": "DeleteTLSInspectionConfiguration",
                "description": "Grants permission to delete a tls inspection configuration",
                "access level": "Write",
                "resource types": [
                    "TLSInspectionConfiguration*"
                ],
                "conditionKeys": "",
                "dependentActions": [
                    ""
                ]
            },
            {
                "name": "DescribeFirewall",
                "description": "Grants permission to retrieve the data objects that define a firewall",
                "access level": "Read",
                "resource types": [
                    "Firewall*"
                ],
                "conditionKeys": "",
                "dependentActions": [
                    ""
                ]
            },
            {
                "name": "DescribeFirewallPolicy",
                "description": "Grants permission to retrieve the data objects that define a firewall policy",
                "access level": "Read",
                "resource types": [
                    "FirewallPolicy*"
                ],
                "conditionKeys": "",
                "dependentActions": [
                    ""
                ]
            },
            {
                "name": "DescribeLoggingConfiguration",
                "description": "Grants permission to describe the logging configuration of a firewall",
                "access level": "Read",
                "resource types": [
                    "Firewall*"
                ],
                "conditionKeys": "",
                "dependentActions": [
                    ""
                ]
            },
            {
                "name": "DescribeResourcePolicy",
                "description": "Grants permission to describe a resource policy for a firewall policy or rule group",
                "access level": "Read",
                "resource types": [
                    "FirewallPolicy"
                ],
                "conditionKeys": "",
                "dependentActions": [
                    ""
                ]
            },
            {
                "name": "DescribeRuleGroup",
                "description": "Grants permission to retrieve the data objects that define a rule group",
                "access level": "Read",
                "resource types": [
                    "StatefulRuleGroup"
                ],
                "conditionKeys": "",
                "dependentActions": [
                    ""
                ]
            },
            {
                "name": "DescribeRuleGroupMetadata",
                "description": "Grants permission to retrieve the high-level information about a rule group",
                "access level": "Read",
                "resource types": [
                    "StatefulRuleGroup"
                ],
                "conditionKeys": "",
                "dependentActions": [
                    ""
                ]
            },
            {
                "name": "DescribeTLSInspectionConfiguration",
                "description": "Grants permission to retrieve the data objects that define a tls inspection configuration",
                "access level": "Read",
                "resource types": [
                    "TLSInspectionConfiguration*"
                ],
                "conditionKeys": "",
                "dependentActions": [
                    ""
                ]
            },
            {
                "name": "DisassociateSubnets",
                "description": "Grants permission to disassociate VPC subnets from a firewall",
                "access level": "Write",
                "resource types": [
                    "Firewall*"
                ],
                "conditionKeys": "",
                "dependentActions": [
                    ""
                ]
            },
            {
                "name": "ListFirewallPolicies",
                "description": "Grants permission to retrieve the metadata for firewall policies",
                "access level": "List",
                "resource types": [
                    "FirewallPolicy*"
                ],
                "conditionKeys": "",
                "dependentActions": [
                    ""
                ]
            },
            {
                "name": "ListFirewalls",
                "description": "Grants permission to retrieve the metadata for firewalls",
                "access level": "List",
                "resource types": [
                    "Firewall*"
                ],
                "conditionKeys": "",
                "dependentActions": [
                    ""
                ]
            },
            {
                "name": "ListRuleGroups",
                "description": "Grants permission to retrieve the metadata for rule groups",
                "access level": "List",
                "resource types": [
                    ""
                ],
                "conditionKeys": "",
                "dependentActions": [
                    ""
                ]
            },
            {
                "name": "ListTLSInspectionConfigurations",
                "description": "Grants permission to retrieve the metadata for tls inspection configurations",
                "access level": "List",
                "resource types": [
                    "TLSInspectionConfiguration*"
                ],
                "conditionKeys": "",
                "dependentActions": [
                    ""
                ]
            },
            {
                "name": "ListTagsForResource",
                "description": "Grants permission to retrieve the tags for a resource",
                "access level": "List",
                "resource types": [
                    "Firewall*"
                ],
                "conditionKeys": "",
                "dependentActions": [
                    ""
                ]
            },
            {
                "name": "PutResourcePolicy",
                "description": "Grants permission to put a resource policy for a firewall policy or rule group",
                "access level": "Write",
                "resource types": [
                    "FirewallPolicy"
                ],
                "conditionKeys": "",
                "dependentActions": [
                    ""
                ]
            },
            {
                "name": "TagResource",
                "description": "Grants permission to attach tags to a resource",
                "access level": "Tagging",
                "resource types": [
                    "Firewall"
                ],
                "conditionKeys": "",
                "dependentActions": [
                    ""
                ]
            },
            {
                "name": "UntagResource",
                "description": "Grants permission to remove tags from a resource",
                "access level": "Tagging",
                "resource types": [
                    "Firewall"
                ],
                "conditionKeys": "",
                "dependentActions": [
                    ""
                ]
            },
            {
                "name": "UpdateFirewallDeleteProtection",
                "description": "Grants permission to add or remove delete protection for a firewall",
                "access level": "Write",
                "resource types": [
                    "Firewall*"
                ],
                "conditionKeys": "",
                "dependentActions": [
                    ""
                ]
            },
            {
                "name": "UpdateFirewallDescription",
                "description": "Grants permission to modify the description for a firewall",
                "access level": "Write",
                "resource types": [
                    "Firewall*"
                ],
                "conditionKeys": "",
                "dependentActions": [
                    ""
                ]
            },
            {
                "name": "UpdateFirewallEncryptionConfiguration",
                "description": "Grants permission to modify the encryption configuration of a firewall",
                "access level": "Write",
                "resource types": [
                    "Firewall*"
                ],
                "conditionKeys": "",
                "dependentActions": [
                    ""
                ]
            },
            {
                "name": "UpdateFirewallPolicy",
                "description": "Grants permission to modify a firewall policy",
                "access level": "Write",
                "resource types": [
                    "FirewallPolicy*"
                ],
                "conditionKeys": "",
                "dependentActions": [
                    ""
                ]
            },
            {
                "name": "UpdateFirewallPolicyChangeProtection",
                "description": "Grants permission to add or remove firewall policy change protection for a firewall",
                "access level": "Write",
                "resource types": [
                    "Firewall*"
                ],
                "conditionKeys": "",
                "dependentActions": [
                    ""
                ]
            },
            {
                "name": "UpdateLoggingConfiguration",
                "description": "Grants permission to modify the logging configuration of a firewall",
                "access level": "Write",
                "resource types": [
                    "Firewall*"
                ],
                "conditionKeys": "",
                "dependentActions": [
                    ""
                ]
            },
            {
                "name": "UpdateRuleGroup",
                "description": "Grants permission to modify a rule group",
                "access level": "Write",
                "resource types": [
                    "StatefulRuleGroup"
                ],
                "conditionKeys": "",
                "dependentActions": [
                    ""
                ]
            },
            {
                "name": "UpdateSubnetChangeProtection",
                "description": "Grants permission to add or remove subnet change protection for a firewall",
                "access level": "Write",
                "resource types": [
                    "Firewall*"
                ],
                "conditionKeys": "",
                "dependentActions": [
                    ""
                ]
            },
            {
                "name": "UpdateTLSInspectionConfiguration",
                "description": "Grants permission to modify a tls inspection configuration",
                "access level": "Write",
                "resource types": [
                    "TLSInspectionConfiguration*"
                ],
                "conditionKeys": "",
                "dependentActions": [
                    ""
                ]
            }
        ]
    },
    {
        "resources": [
            {
                "resource_type": "Firewall",
                "ARN": "arn:${Partition}:network-firewall:${Region}:${Account}:firewall/${Name}",
                "conditionKeys": "aws:ResourceTag/${TagKey}"
            },
            {
                "resource_type": "FirewallPolicy",
                "ARN": "arn:${Partition}:network-firewall:${Region}:${Account}:firewall-policy/${Name}",
                "conditionKeys": "aws:ResourceTag/${TagKey}"
            },
            {
                "resource_type": "StatefulRuleGroup",
                "ARN": "arn:${Partition}:network-firewall:${Region}:${Account}:stateful-rulegroup/${Name}",
                "conditionKeys": "aws:ResourceTag/${TagKey}"
            },
            {
                "resource_type": "StatelessRuleGroup",
                "ARN": "arn:${Partition}:network-firewall:${Region}:${Account}:stateless-rulegroup/${Name}",
                "conditionKeys": "aws:ResourceTag/${TagKey}"
            },
            {
                "resource_type": "TLSInspectionConfiguration",
                "ARN": "arn:${Partition}:network-firewall:${Region}:${Account}:tls-configuration/${Name}",
                "conditionKeys": "aws:ResourceTag/${TagKey}"
            }
        ]
    },
    {
        "conditions": [
            {
                "Condition keys": "aws:RequestTag/${TagKey}",
                "Description": "Filters access by on the allowed set of values for each of the tags",
                "Type": "String"
            },
            {
                "Condition keys": "aws:ResourceTag/${TagKey}",
                "Description": "Filters access by the tag value associated with the resource",
                "Type": "String"
            },
            {
                "Condition keys": "aws:TagKeys",
                "Description": "Filters access by the presence of mandatory tags in the request",
                "Type": "ArrayOfString"
            }
        ]
    }
]