[
    {
        "prefix_item": "notifications-contacts"
    },
    {
        "link": "https://docs.aws.amazon.com/service-authorization/latest/reference/./list_awsusernotificationscontacts.html"
    },
    {
        "actions": [
            {
                "name": "ActivateEmailContact",
                "description": "Grants permission to activate the email contact associated with the given ARN if the provided code is valid",
                "access level": "Write",
                "resource types": [
                    "EmailContactResource*"
                ],
                "conditionKeys": "",
                "dependentActions": [
                    ""
                ]
            },
            {
                "name": "CreateEmailContact",
                "description": "Grants permission to create an email contact",
                "access level": "Write",
                "resource types": [
                    ""
                ],
                "conditionKeys": "aws:TagKeys\n\n\naws:RequestTag/${TagKey}",
                "dependentActions": [
                    ""
                ]
            },
            {
                "name": "DeleteEmailContact",
                "description": "Grants permission to delete an email contact associated with the given ARN",
                "access level": "Write",
                "resource types": [
                    "EmailContactResource*"
                ],
                "conditionKeys": "",
                "dependentActions": [
                    ""
                ]
            },
            {
                "name": "GetEmailContact",
                "description": "Grants permission to get an email contact associated with the given ARN",
                "access level": "Read",
                "resource types": [
                    "EmailContactResource*"
                ],
                "conditionKeys": "",
                "dependentActions": [
                    ""
                ]
            },
            {
                "name": "ListEmailContacts",
                "description": "Grants permission to list email contacts",
                "access level": "List",
                "resource types": [
                    ""
                ],
                "conditionKeys": "",
                "dependentActions": [
                    ""
                ]
            },
            {
                "name": "ListTagsForResource",
                "description": "Grants permission to get tags for a resource",
                "access level": "Read",
                "resource types": [
                    ""
                ],
                "conditionKeys": "",
                "dependentActions": [
                    ""
                ]
            },
            {
                "name": "SendActivationCode",
                "description": "Grants permission to send an activation link to the email associated with the given ARN",
                "access level": "Write",
                "resource types": [
                    "EmailContactResource*"
                ],
                "conditionKeys": "",
                "dependentActions": [
                    ""
                ]
            },
            {
                "name": "TagResource",
                "description": "Grants permission to tag a resource",
                "access level": "Tagging",
                "resource types": [
                    "EmailContactResource*"
                ],
                "conditionKeys": "",
                "dependentActions": [
                    ""
                ]
            },
            {
                "name": "UntagResource",
                "description": "Grants permission to remove tags from a resource",
                "access level": "Tagging",
                "resource types": [
                    "EmailContactResource*"
                ],
                "conditionKeys": "",
                "dependentActions": [
                    ""
                ]
            }
        ]
    },
    {
        "resources": [
            {
                "resource_type": "EmailContactResource",
                "ARN": "arn:${Partition}:notifications-contacts::${Account}:emailcontact/${EmailContactId}",
                "conditionKeys": "aws:ResourceTag/${TagKey}"
            }
        ]
    },
    {
        "conditions": [
            {
                "Condition keys": "aws:RequestTag/${TagKey}",
                "Description": "Filters access by the tags that are passed in the request",
                "Type": "String"
            },
            {
                "Condition keys": "aws:ResourceTag/${TagKey}",
                "Description": "Filters access by the tags associated with the resource",
                "Type": "String"
            },
            {
                "Condition keys": "aws:TagKeys",
                "Description": "Filters access by the tag keys that are passed in the request",
                "Type": "ArrayOfString"
            }
        ]
    }
]