[
    {
        "prefix_item": "notifications"
    },
    {
        "link": "https://docs.aws.amazon.com/service-authorization/latest/reference/./list_awsusernotifications.html"
    },
    {
        "actions": [
            {
                "name": "AssociateChannel",
                "description": "Grants permission to associate a new Channel with a particular NotificationConfiguration",
                "access level": "Write",
                "resource types": [
                    "NotificationConfiguration*"
                ],
                "conditionKeys": "",
                "dependentActions": [
                    ""
                ]
            },
            {
                "name": "CreateEventRule",
                "description": "Grants permission to create a new EventRule, associating it with a NotificationConfiguration",
                "access level": "Write",
                "resource types": [
                    ""
                ],
                "conditionKeys": "",
                "dependentActions": [
                    ""
                ]
            },
            {
                "name": "CreateNotificationConfiguration",
                "description": "Grants permission to create a NotificationConfiguration",
                "access level": "Write",
                "resource types": [
                    ""
                ],
                "conditionKeys": "aws:TagKeys\n\n\naws:RequestTag/${TagKey}",
                "dependentActions": [
                    ""
                ]
            },
            {
                "name": "DeleteEventRule",
                "description": "Grants permission to delete an EventRule",
                "access level": "Write",
                "resource types": [
                    "EventRule*"
                ],
                "conditionKeys": "",
                "dependentActions": [
                    ""
                ]
            },
            {
                "name": "DeleteNotificationConfiguration",
                "description": "Grants permission to delete a NotificationConfiguration",
                "access level": "Write",
                "resource types": [
                    "NotificationConfiguration*"
                ],
                "conditionKeys": "",
                "dependentActions": [
                    ""
                ]
            },
            {
                "name": "DeregisterNotificationHub",
                "description": "Grants permission to deregister a NotificationHub",
                "access level": "Write",
                "resource types": [
                    ""
                ],
                "conditionKeys": "",
                "dependentActions": [
                    ""
                ]
            },
            {
                "name": "DisassociateChannel",
                "description": "Grants permission to remove a Channel from a NotificationConfiguration",
                "access level": "Write",
                "resource types": [
                    "NotificationConfiguration*"
                ],
                "conditionKeys": "",
                "dependentActions": [
                    ""
                ]
            },
            {
                "name": "GetEventRule",
                "description": "Grants permission to get an EventRule",
                "access level": "Read",
                "resource types": [
                    "EventRule*"
                ],
                "conditionKeys": "",
                "dependentActions": [
                    ""
                ]
            },
            {
                "name": "GetNotificationConfiguration",
                "description": "Grants permission to get a NotificationConfiguration",
                "access level": "Read",
                "resource types": [
                    "NotificationConfiguration*"
                ],
                "conditionKeys": "",
                "dependentActions": [
                    ""
                ]
            },
            {
                "name": "GetNotificationEvent",
                "description": "Grants permission to get a NotificationEvent",
                "access level": "Read",
                "resource types": [
                    "NotificationEvent*"
                ],
                "conditionKeys": "",
                "dependentActions": [
                    ""
                ]
            },
            {
                "name": "ListChannels",
                "description": "Grants permission to list Channels by NotificationConfiguration",
                "access level": "List",
                "resource types": [
                    ""
                ],
                "conditionKeys": "",
                "dependentActions": [
                    ""
                ]
            },
            {
                "name": "ListEventRules",
                "description": "Grants permission to list EventRules",
                "access level": "List",
                "resource types": [
                    ""
                ],
                "conditionKeys": "",
                "dependentActions": [
                    ""
                ]
            },
            {
                "name": "ListNotificationConfigurations",
                "description": "Grants permission to list NotificationConfigurations",
                "access level": "List",
                "resource types": [
                    ""
                ],
                "conditionKeys": "",
                "dependentActions": [
                    ""
                ]
            },
            {
                "name": "ListNotificationEvents",
                "description": "Grants permission to list NotificationEvents",
                "access level": "List",
                "resource types": [
                    ""
                ],
                "conditionKeys": "",
                "dependentActions": [
                    ""
                ]
            },
            {
                "name": "ListNotificationHubs",
                "description": "Grants permission to list NotificationHubs",
                "access level": "List",
                "resource types": [
                    ""
                ],
                "conditionKeys": "",
                "dependentActions": [
                    ""
                ]
            },
            {
                "name": "ListTagsForResource",
                "description": "Grants permission to get tags for a resource",
                "access level": "Read",
                "resource types": [
                    ""
                ],
                "conditionKeys": "",
                "dependentActions": [
                    ""
                ]
            },
            {
                "name": "RegisterNotificationHub",
                "description": "Grants permission to register a NotificationHub",
                "access level": "Write",
                "resource types": [
                    ""
                ],
                "conditionKeys": "",
                "dependentActions": [
                    ""
                ]
            },
            {
                "name": "TagResource",
                "description": "Grants permission to tag a resource",
                "access level": "Tagging",
                "resource types": [
                    "NotificationConfiguration*"
                ],
                "conditionKeys": "",
                "dependentActions": [
                    ""
                ]
            },
            {
                "name": "UntagResource",
                "description": "Grants permission to remove tags from a resource",
                "access level": "Tagging",
                "resource types": [
                    "NotificationConfiguration*"
                ],
                "conditionKeys": "",
                "dependentActions": [
                    ""
                ]
            },
            {
                "name": "UpdateEventRule",
                "description": "Grants permission to update an EventRule",
                "access level": "Write",
                "resource types": [
                    "EventRule*"
                ],
                "conditionKeys": "",
                "dependentActions": [
                    ""
                ]
            },
            {
                "name": "UpdateNotificationConfiguration",
                "description": "Grants permission to update a NotificationConfiguration",
                "access level": "Write",
                "resource types": [
                    "NotificationConfiguration*"
                ],
                "conditionKeys": "",
                "dependentActions": [
                    ""
                ]
            }
        ]
    },
    {
        "resources": [
            {
                "resource_type": "EventRule",
                "ARN": "arn:${Partition}:notifications::${Account}:configuration/${NotificationConfigurationId}/rule/${EventRuleId}",
                "conditionKeys": ""
            },
            {
                "resource_type": "NotificationConfiguration",
                "ARN": "arn:${Partition}:notifications::${Account}:configuration/${NotificationConfigurationId}",
                "conditionKeys": "aws:ResourceTag/${TagKey}"
            },
            {
                "resource_type": "NotificationEvent",
                "ARN": "arn:${Partition}:notifications:${Region}:${Account}:configuration/${NotificationConfigurationId}/event/${NotificationEventId}",
                "conditionKeys": ""
            }
        ]
    },
    {
        "conditions": [
            {
                "Condition keys": "aws:RequestTag/${TagKey}",
                "Description": "Filters access by the tags that are passed in the request",
                "Type": "String"
            },
            {
                "Condition keys": "aws:ResourceTag/${TagKey}",
                "Description": "Filters access by the tags associated with the resource",
                "Type": "String"
            },
            {
                "Condition keys": "aws:TagKeys",
                "Description": "Filters access by the tag keys that are passed in the request",
                "Type": "ArrayOfString"
            }
        ]
    }
]