[
    {
        "prefix_item": "organizations"
    },
    {
        "link": "https://docs.aws.amazon.com/service-authorization/latest/reference/./list_awsorganizations.html"
    },
    {
        "actions": [
            {
                "name": "AcceptHandshake",
                "description": "Grants permission to send a response to the originator of a handshake agreeing to the action proposed by the handshake request",
                "access level": "Write",
                "resource types": [
                    "handshake*"
                ],
                "conditionKeys": "",
                "dependentActions": [
                    "iam:CreateServiceLinkedRole"
                ]
            },
            {
                "name": "AttachPolicy",
                "description": "Grants permission to attach a policy to a root, an organizational unit, or an individual account",
                "access level": "Write",
                "resource types": [
                    "policy*"
                ],
                "conditionKeys": "",
                "dependentActions": [
                    ""
                ]
            },
            {
                "name": "CancelHandshake",
                "description": "Grants permission to cancel a handshake",
                "access level": "Write",
                "resource types": [
                    "handshake*"
                ],
                "conditionKeys": "",
                "dependentActions": [
                    ""
                ]
            },
            {
                "name": "CloseAccount",
                "description": "Grants permission to close an AWS account that is now a part of an Organizations, either created within the organization, or invited to join the organization",
                "access level": "Write",
                "resource types": [
                    "account*"
                ],
                "conditionKeys": "",
                "dependentActions": [
                    ""
                ]
            },
            {
                "name": "CreateAccount",
                "description": "Grants permission to create an AWS account that is automatically a member of the organization with the credentials that made the request",
                "access level": "Write",
                "resource types": [
                    ""
                ],
                "conditionKeys": "aws:RequestTag/${TagKey}\n\n\naws:TagKeys",
                "dependentActions": [
                    ""
                ]
            },
            {
                "name": "CreateGovCloudAccount",
                "description": "Grants permission to create an AWS GovCloud (US) account",
                "access level": "Write",
                "resource types": [
                    ""
                ],
                "conditionKeys": "aws:RequestTag/${TagKey}\n\n\naws:TagKeys",
                "dependentActions": [
                    ""
                ]
            },
            {
                "name": "CreateOrganization",
                "description": "Grants permission to create an organization. The account with the credentials that calls the CreateOrganization operation automatically becomes the management account of the new organization",
                "access level": "Write",
                "resource types": [
                    ""
                ],
                "conditionKeys": "",
                "dependentActions": [
                    "iam:CreateServiceLinkedRole"
                ]
            },
            {
                "name": "CreateOrganizationalUnit",
                "description": "Grants permission to create an organizational unit (OU) within a root or parent OU",
                "access level": "Write",
                "resource types": [
                    "organizationalunit"
                ],
                "conditionKeys": "",
                "dependentActions": [
                    ""
                ]
            },
            {
                "name": "CreatePolicy",
                "description": "Grants permission to create a policy that you can attach to a root, an organizational unit (OU), or an individual AWS account",
                "access level": "Write",
                "resource types": [
                    ""
                ],
                "conditionKeys": "organizations:PolicyType\n\n\naws:RequestTag/${TagKey}\n\n\naws:TagKeys",
                "dependentActions": [
                    ""
                ]
            },
            {
                "name": "DeclineHandshake",
                "description": "Grants permission to decline a handshake request. This sets the handshake state to DECLINED and effectively deactivates the request",
                "access level": "Write",
                "resource types": [
                    "handshake*"
                ],
                "conditionKeys": "",
                "dependentActions": [
                    ""
                ]
            },
            {
                "name": "DeleteOrganization",
                "description": "Grants permission to delete the organization",
                "access level": "Write",
                "resource types": [
                    ""
                ],
                "conditionKeys": "",
                "dependentActions": [
                    ""
                ]
            },
            {
                "name": "DeleteOrganizationalUnit",
                "description": "Grants permission to delete an organizational unit from a root or another OU",
                "access level": "Write",
                "resource types": [
                    "organizationalunit*"
                ],
                "conditionKeys": "",
                "dependentActions": [
                    ""
                ]
            },
            {
                "name": "DeletePolicy",
                "description": "Grants permission to delete a policy from your organization",
                "access level": "Write",
                "resource types": [
                    "policy*"
                ],
                "conditionKeys": "",
                "dependentActions": [
                    ""
                ]
            },
            {
                "name": "DeleteResourcePolicy",
                "description": "Grants permission to delete a resource policy from your organization",
                "access level": "Write",
                "resource types": [
                    ""
                ],
                "conditionKeys": "",
                "dependentActions": [
                    ""
                ]
            },
            {
                "name": "DeregisterDelegatedAdministrator",
                "description": "Grants permission to deregister the specified member AWS account as a delegated administrator for the AWS service that is specified by ServicePrincipal",
                "access level": "Write",
                "resource types": [
                    "account*"
                ],
                "conditionKeys": "",
                "dependentActions": [
                    ""
                ]
            },
            {
                "name": "DescribeAccount",
                "description": "Grants permission to retrieve Organizations-related details about the specified account",
                "access level": "Read",
                "resource types": [
                    "account*"
                ],
                "conditionKeys": "",
                "dependentActions": [
                    ""
                ]
            },
            {
                "name": "DescribeCreateAccountStatus",
                "description": "Grants permission to retrieve the current status of an asynchronous request to create an account",
                "access level": "Read",
                "resource types": [
                    ""
                ],
                "conditionKeys": "",
                "dependentActions": [
                    ""
                ]
            },
            {
                "name": "DescribeEffectivePolicy",
                "description": "Grants permission to retrieve the effective policy for an account",
                "access level": "Read",
                "resource types": [
                    "account*"
                ],
                "conditionKeys": "",
                "dependentActions": [
                    ""
                ]
            },
            {
                "name": "DescribeHandshake",
                "description": "Grants permission to retrieve details about a previously requested handshake",
                "access level": "Read",
                "resource types": [
                    "handshake*"
                ],
                "conditionKeys": "",
                "dependentActions": [
                    ""
                ]
            },
            {
                "name": "DescribeOrganization",
                "description": "Grants permission to retrieves details about the organization that the calling credentials belong to",
                "access level": "Read",
                "resource types": [
                    ""
                ],
                "conditionKeys": "",
                "dependentActions": [
                    ""
                ]
            },
            {
                "name": "DescribeOrganizationalUnit",
                "description": "Grants permission to retrieve details about an organizational unit (OU)",
                "access level": "Read",
                "resource types": [
                    "organizationalunit*"
                ],
                "conditionKeys": "",
                "dependentActions": [
                    ""
                ]
            },
            {
                "name": "DescribePolicy",
                "description": "Grants permission to retrieves details about a policy",
                "access level": "Read",
                "resource types": [
                    "policy*"
                ],
                "conditionKeys": "",
                "dependentActions": [
                    ""
                ]
            },
            {
                "name": "DescribeResourcePolicy",
                "description": "Grants permission to retrieve information about a resource policy",
                "access level": "Read",
                "resource types": [
                    ""
                ],
                "conditionKeys": "",
                "dependentActions": [
                    ""
                ]
            },
            {
                "name": "DetachPolicy",
                "description": "Grants permission to detach a policy from a target root, organizational unit, or account",
                "access level": "Write",
                "resource types": [
                    "policy*"
                ],
                "conditionKeys": "",
                "dependentActions": [
                    ""
                ]
            },
            {
                "name": "DisableAWSServiceAccess",
                "description": "Grants permission to disable integration of an AWS service (the service that is specified by ServicePrincipal) with AWS Organizations",
                "access level": "Write",
                "resource types": [
                    ""
                ],
                "conditionKeys": "organizations:ServicePrincipal",
                "dependentActions": [
                    ""
                ]
            },
            {
                "name": "DisablePolicyType",
                "description": "Grants permission to disable an organization policy type in a root",
                "access level": "Write",
                "resource types": [
                    "root*"
                ],
                "conditionKeys": "",
                "dependentActions": [
                    ""
                ]
            },
            {
                "name": "EnableAWSServiceAccess",
                "description": "Grants permission to enable integration of an AWS service (the service that is specified by ServicePrincipal) with AWS Organizations",
                "access level": "Write",
                "resource types": [
                    ""
                ],
                "conditionKeys": "organizations:ServicePrincipal",
                "dependentActions": [
                    ""
                ]
            },
            {
                "name": "EnableAllFeatures",
                "description": "Grants permission to start the process to enable all features in an organization, upgrading it from supporting only Consolidated Billing features",
                "access level": "Write",
                "resource types": [
                    ""
                ],
                "conditionKeys": "",
                "dependentActions": [
                    ""
                ]
            },
            {
                "name": "EnablePolicyType",
                "description": "Grants permission to enable a policy type in a root",
                "access level": "Write",
                "resource types": [
                    "root*"
                ],
                "conditionKeys": "",
                "dependentActions": [
                    ""
                ]
            },
            {
                "name": "InviteAccountToOrganization",
                "description": "Grants permission to send an invitation to another AWS account, asking it to join your organization as a member account",
                "access level": "Write",
                "resource types": [
                    "account"
                ],
                "conditionKeys": "",
                "dependentActions": [
                    ""
                ]
            },
            {
                "name": "LeaveOrganization",
                "description": "Grants permission to remove a member account from its parent organization",
                "access level": "Write",
                "resource types": [
                    ""
                ],
                "conditionKeys": "",
                "dependentActions": [
                    ""
                ]
            },
            {
                "name": "ListAWSServiceAccessForOrganization",
                "description": "Grants permission to retrieve the list of the AWS services for which you enabled integration with your organization",
                "access level": "List",
                "resource types": [
                    ""
                ],
                "conditionKeys": "",
                "dependentActions": [
                    ""
                ]
            },
            {
                "name": "ListAccounts",
                "description": "Grants permission to list all of the the accounts in the organization",
                "access level": "List",
                "resource types": [
                    ""
                ],
                "conditionKeys": "",
                "dependentActions": [
                    ""
                ]
            },
            {
                "name": "ListAccountsForParent",
                "description": "Grants permission to list the accounts in an organization that are contained by a root or organizational unit (OU)",
                "access level": "List",
                "resource types": [
                    "organizationalunit"
                ],
                "conditionKeys": "",
                "dependentActions": [
                    ""
                ]
            },
            {
                "name": "ListChildren",
                "description": "Grants permission to list all of the OUs or accounts that are contained in a parent OU or root",
                "access level": "List",
                "resource types": [
                    "organizationalunit"
                ],
                "conditionKeys": "",
                "dependentActions": [
                    ""
                ]
            },
            {
                "name": "ListCreateAccountStatus",
                "description": "Grants permission to list the asynchronous account creation requests that are currently being tracked for the organization",
                "access level": "List",
                "resource types": [
                    ""
                ],
                "conditionKeys": "",
                "dependentActions": [
                    ""
                ]
            },
            {
                "name": "ListDelegatedAdministrators",
                "description": "Grants permission to list the AWS accounts that are designated as delegated administrators in this organization",
                "access level": "List",
                "resource types": [
                    ""
                ],
                "conditionKeys": "organizations:ServicePrincipal",
                "dependentActions": [
                    ""
                ]
            },
            {
                "name": "ListDelegatedServicesForAccount",
                "description": "Grants permission to list the AWS services for which the specified account is a delegated administrator in this organization",
                "access level": "List",
                "resource types": [
                    "account*"
                ],
                "conditionKeys": "",
                "dependentActions": [
                    ""
                ]
            },
            {
                "name": "ListHandshakesForAccount",
                "description": "Grants permission to list all of the handshakes that are associated with an account",
                "access level": "List",
                "resource types": [
                    ""
                ],
                "conditionKeys": "",
                "dependentActions": [
                    ""
                ]
            },
            {
                "name": "ListHandshakesForOrganization",
                "description": "Grants permission to list the handshakes that are associated with the organization",
                "access level": "List",
                "resource types": [
                    ""
                ],
                "conditionKeys": "",
                "dependentActions": [
                    ""
                ]
            },
            {
                "name": "ListOrganizationalUnitsForParent",
                "description": "Grants permission to lists all of the organizational units (OUs) in a parent organizational unit or root",
                "access level": "List",
                "resource types": [
                    "organizationalunit"
                ],
                "conditionKeys": "",
                "dependentActions": [
                    ""
                ]
            },
            {
                "name": "ListParents",
                "description": "Grants permission to list the root or organizational units (OUs) that serve as the immediate parent of a child OU or account",
                "access level": "List",
                "resource types": [
                    "account"
                ],
                "conditionKeys": "",
                "dependentActions": [
                    ""
                ]
            },
            {
                "name": "ListPolicies",
                "description": "Grants permission to list all of the policies in an organization",
                "access level": "List",
                "resource types": [
                    ""
                ],
                "conditionKeys": "organizations:PolicyType",
                "dependentActions": [
                    ""
                ]
            },
            {
                "name": "ListPoliciesForTarget",
                "description": "Grants permission to list all of the policies that are directly attached to a root, organizational unit (OU), or account",
                "access level": "List",
                "resource types": [
                    "account"
                ],
                "conditionKeys": "",
                "dependentActions": [
                    ""
                ]
            },
            {
                "name": "ListRoots",
                "description": "Grants permission to list all of the roots that are defined in the organization",
                "access level": "List",
                "resource types": [
                    ""
                ],
                "conditionKeys": "",
                "dependentActions": [
                    ""
                ]
            },
            {
                "name": "ListTagsForResource",
                "description": "Grants permission to list all tags for the specified resource",
                "access level": "List",
                "resource types": [
                    "account"
                ],
                "conditionKeys": "",
                "dependentActions": [
                    ""
                ]
            },
            {
                "name": "ListTargetsForPolicy",
                "description": "Grants permission to list all the roots, OUs, and accounts to which a policy is attached",
                "access level": "List",
                "resource types": [
                    "policy*"
                ],
                "conditionKeys": "",
                "dependentActions": [
                    ""
                ]
            },
            {
                "name": "MoveAccount",
                "description": "Grants permission to move an account from its current root or OU to another parent root or OU",
                "access level": "Write",
                "resource types": [
                    "account*"
                ],
                "conditionKeys": "",
                "dependentActions": [
                    ""
                ]
            },
            {
                "name": "PutResourcePolicy",
                "description": "Grants permission to create or update a resource policy",
                "access level": "Write",
                "resource types": [
                    "resourcepolicy*"
                ],
                "conditionKeys": "",
                "dependentActions": [
                    ""
                ]
            },
            {
                "name": "RegisterDelegatedAdministrator",
                "description": "Grants permission to register the specified member account to administer the Organizations features of the AWS service that is specified by ServicePrincipal",
                "access level": "Write",
                "resource types": [
                    "account*"
                ],
                "conditionKeys": "",
                "dependentActions": [
                    ""
                ]
            },
            {
                "name": "RemoveAccountFromOrganization",
                "description": "Grants permission to removes the specified account from the organization",
                "access level": "Write",
                "resource types": [
                    "account*"
                ],
                "conditionKeys": "",
                "dependentActions": [
                    ""
                ]
            },
            {
                "name": "TagResource",
                "description": "Grants permission to add one or more tags to the specified resource",
                "access level": "Tagging",
                "resource types": [
                    "account"
                ],
                "conditionKeys": "",
                "dependentActions": [
                    ""
                ]
            },
            {
                "name": "UntagResource",
                "description": "Grants permission to remove one or more tags from the specified resource",
                "access level": "Tagging",
                "resource types": [
                    "account"
                ],
                "conditionKeys": "",
                "dependentActions": [
                    ""
                ]
            },
            {
                "name": "UpdateOrganizationalUnit",
                "description": "Grants permission to rename an organizational unit (OU)",
                "access level": "Write",
                "resource types": [
                    "organizationalunit*"
                ],
                "conditionKeys": "",
                "dependentActions": [
                    ""
                ]
            },
            {
                "name": "UpdatePolicy",
                "description": "Grants permission to update an existing policy with a new name, description, or content",
                "access level": "Write",
                "resource types": [
                    "policy*"
                ],
                "conditionKeys": "",
                "dependentActions": [
                    ""
                ]
            }
        ]
    },
    {
        "resources": [
            {
                "resource_type": "account",
                "ARN": "arn:${Partition}:organizations::${Account}:account/o-${OrganizationId}/${AccountId}",
                "conditionKeys": "aws:ResourceTag/${TagKey}"
            },
            {
                "resource_type": "handshake",
                "ARN": "arn:${Partition}:organizations::${Account}:handshake/o-${OrganizationId}/${HandshakeType}/h-${HandshakeId}",
                "conditionKeys": ""
            },
            {
                "resource_type": "organization",
                "ARN": "arn:${Partition}:organizations::${Account}:organization/o-${OrganizationId}",
                "conditionKeys": ""
            },
            {
                "resource_type": "organizationalunit",
                "ARN": "arn:${Partition}:organizations::${Account}:ou/o-${OrganizationId}/ou-${OrganizationalUnitId}",
                "conditionKeys": "aws:ResourceTag/${TagKey}"
            },
            {
                "resource_type": "policy",
                "ARN": "arn:${Partition}:organizations::${Account}:policy/o-${OrganizationId}/${PolicyType}/p-${PolicyId}",
                "conditionKeys": "aws:ResourceTag/${TagKey}"
            },
            {
                "resource_type": "resourcepolicy",
                "ARN": "arn:${Partition}:organizations::${Account}:resourcepolicy/o-${OrganizationId}/rp-${ResourcePolicyId}",
                "conditionKeys": "aws:ResourceTag/${TagKey}"
            },
            {
                "resource_type": "awspolicy",
                "ARN": "arn:${Partition}:organizations::aws:policy/${PolicyType}/p-${PolicyId}",
                "conditionKeys": ""
            },
            {
                "resource_type": "root",
                "ARN": "arn:${Partition}:organizations::${Account}:root/o-${OrganizationId}/r-${RootId}",
                "conditionKeys": "aws:ResourceTag/${TagKey}"
            }
        ]
    },
    {
        "conditions": [
            {
                "Condition keys": "aws:RequestTag/${TagKey}",
                "Description": "Filters access by the tags that are passed in the request",
                "Type": "String"
            },
            {
                "Condition keys": "aws:ResourceTag/${TagKey}",
                "Description": "Filters access by the tags associated with the resource",
                "Type": "String"
            },
            {
                "Condition keys": "aws:TagKeys",
                "Description": "Filters access by the tag keys that are passed in the request",
                "Type": "ArrayOfString"
            },
            {
                "Condition keys": "organizations:PolicyType",
                "Description": "Filters access by the specified policy type names",
                "Type": "String"
            },
            {
                "Condition keys": "organizations:ServicePrincipal",
                "Description": "Filters access by the specified service principal names",
                "Type": "String"
            }
        ]
    }
]