[
    {
        "prefix_item": "payments"
    },
    {
        "link": "https://docs.aws.amazon.com/service-authorization/latest/reference/./list_awspayments.html"
    },
    {
        "actions": [
            {
                "name": "CreatePaymentInstrument [permission only]",
                "description": "Grants permission to create a payment instrument",
                "access level": "Write",
                "resource types": [
                    ""
                ],
                "conditionKeys": "",
                "dependentActions": [
                    ""
                ]
            },
            {
                "name": "DeletePaymentInstrument [permission only]",
                "description": "Grants permission to delete a payment instrument",
                "access level": "Write",
                "resource types": [
                    ""
                ],
                "conditionKeys": "",
                "dependentActions": [
                    ""
                ]
            },
            {
                "name": "GetPaymentInstrument [permission only]",
                "description": "Grants permission to get information about a payment instrument",
                "access level": "List",
                "resource types": [
                    ""
                ],
                "conditionKeys": "",
                "dependentActions": [
                    ""
                ]
            },
            {
                "name": "GetPaymentStatus [permission only]",
                "description": "Grants permission to get payment status of invoices",
                "access level": "Read",
                "resource types": [
                    ""
                ],
                "conditionKeys": "",
                "dependentActions": [
                    ""
                ]
            },
            {
                "name": "ListPaymentPreferences [permission only]",
                "description": "Grants permission to get payment preferences (preferred payment currency, preferred payment method, etc.)",
                "access level": "List",
                "resource types": [
                    ""
                ],
                "conditionKeys": "",
                "dependentActions": [
                    ""
                ]
            },
            {
                "name": "MakePayment [permission only]",
                "description": "Grants permission to make a payment, authenticate a payment, verify a payment method, and generate a funding request document for Advance Pay",
                "access level": "Write",
                "resource types": [
                    ""
                ],
                "conditionKeys": "",
                "dependentActions": [
                    ""
                ]
            },
            {
                "name": "UpdatePaymentPreferences [permission only]",
                "description": "Grants permission to update payment preferences (preferred payment currency, preferred payment method, etc.)",
                "access level": "Write",
                "resource types": [
                    ""
                ],
                "conditionKeys": "",
                "dependentActions": [
                    ""
                ]
            }
        ]
    }
]