[
    {
        "prefix_item": "private-networks"
    },
    {
        "link": "https://docs.aws.amazon.com/service-authorization/latest/reference/./list_awsserviceprovidingmanagedprivatenetworks.html"
    },
    {
        "actions": [
            {
                "name": "AcknowledgeOrderReceipt",
                "description": "Grants permission to acknowledge that an order has been received",
                "access level": "Write",
                "resource types": [
                    "order*"
                ],
                "conditionKeys": "",
                "dependentActions": [
                    ""
                ]
            },
            {
                "name": "ActivateDeviceIdentifier",
                "description": "Grants permission to activate a device identifier",
                "access level": "Write",
                "resource types": [
                    "device-identifier*"
                ],
                "conditionKeys": "",
                "dependentActions": [
                    ""
                ]
            },
            {
                "name": "ActivateNetworkSite",
                "description": "Grants permission to activate a network site",
                "access level": "Write",
                "resource types": [
                    "network-site*"
                ],
                "conditionKeys": "",
                "dependentActions": [
                    ""
                ]
            },
            {
                "name": "ConfigureAccessPoint",
                "description": "Grants permission to configure an access point",
                "access level": "Write",
                "resource types": [
                    "network-resource*"
                ],
                "conditionKeys": "",
                "dependentActions": [
                    ""
                ]
            },
            {
                "name": "CreateNetwork",
                "description": "Grants permission to create a network",
                "access level": "Write",
                "resource types": [
                    "network*"
                ],
                "conditionKeys": "",
                "dependentActions": [
                    ""
                ]
            },
            {
                "name": "CreateNetworkSite",
                "description": "Grants permission to create a network site",
                "access level": "Write",
                "resource types": [
                    "network*"
                ],
                "conditionKeys": "",
                "dependentActions": [
                    ""
                ]
            },
            {
                "name": "DeactivateDeviceIdentifier",
                "description": "Grants permission to deactivate a device identifier",
                "access level": "Write",
                "resource types": [
                    "device-identifier*"
                ],
                "conditionKeys": "",
                "dependentActions": [
                    ""
                ]
            },
            {
                "name": "DeleteNetwork",
                "description": "Grants permission to delete a network",
                "access level": "Write",
                "resource types": [
                    "network*"
                ],
                "conditionKeys": "",
                "dependentActions": [
                    ""
                ]
            },
            {
                "name": "DeleteNetworkSite",
                "description": "Grants permission to delete a network site",
                "access level": "Write",
                "resource types": [
                    "network-site*"
                ],
                "conditionKeys": "",
                "dependentActions": [
                    ""
                ]
            },
            {
                "name": "GetDeviceIdentifier",
                "description": "Grants permission to get a device identifier",
                "access level": "Read",
                "resource types": [
                    "device-identifier*"
                ],
                "conditionKeys": "",
                "dependentActions": [
                    ""
                ]
            },
            {
                "name": "GetNetwork",
                "description": "Grants permission to get a network",
                "access level": "Read",
                "resource types": [
                    "network*"
                ],
                "conditionKeys": "",
                "dependentActions": [
                    ""
                ]
            },
            {
                "name": "GetNetworkResource",
                "description": "Grants permission to get a network resource",
                "access level": "Read",
                "resource types": [
                    "network-resource*"
                ],
                "conditionKeys": "",
                "dependentActions": [
                    ""
                ]
            },
            {
                "name": "GetNetworkSite",
                "description": "Grants permission to get a network site",
                "access level": "Read",
                "resource types": [
                    "network-site*"
                ],
                "conditionKeys": "",
                "dependentActions": [
                    ""
                ]
            },
            {
                "name": "GetOrder",
                "description": "Grants permission to get a network order",
                "access level": "Read",
                "resource types": [
                    "order*"
                ],
                "conditionKeys": "",
                "dependentActions": [
                    ""
                ]
            },
            {
                "name": "ListDeviceIdentifiers",
                "description": "Grants permission to list device identifiers",
                "access level": "List",
                "resource types": [
                    "network*"
                ],
                "conditionKeys": "",
                "dependentActions": [
                    ""
                ]
            },
            {
                "name": "ListNetworkResources",
                "description": "Grants permission to list network resources",
                "access level": "List",
                "resource types": [
                    "network*"
                ],
                "conditionKeys": "",
                "dependentActions": [
                    ""
                ]
            },
            {
                "name": "ListNetworkSites",
                "description": "Grants permission to list network sites",
                "access level": "List",
                "resource types": [
                    "network*"
                ],
                "conditionKeys": "",
                "dependentActions": [
                    ""
                ]
            },
            {
                "name": "ListNetworks",
                "description": "Grants permission to list networks",
                "access level": "List",
                "resource types": [
                    ""
                ],
                "conditionKeys": "",
                "dependentActions": [
                    ""
                ]
            },
            {
                "name": "ListOrders",
                "description": "Grants permission to list network orders",
                "access level": "List",
                "resource types": [
                    "network*"
                ],
                "conditionKeys": "",
                "dependentActions": [
                    ""
                ]
            },
            {
                "name": "ListTagsForResource",
                "description": "Grants permission to return a list of tags for a resource",
                "access level": "List",
                "resource types": [
                    ""
                ],
                "conditionKeys": "",
                "dependentActions": [
                    ""
                ]
            },
            {
                "name": "Ping",
                "description": "Grants permission to check the health of the service",
                "access level": "Read",
                "resource types": [
                    ""
                ],
                "conditionKeys": "",
                "dependentActions": [
                    ""
                ]
            },
            {
                "name": "StartNetworkResourceUpdate",
                "description": "Grants permission to start an update on the specified network resource",
                "access level": "Write",
                "resource types": [
                    "network-resource*"
                ],
                "conditionKeys": "",
                "dependentActions": [
                    ""
                ]
            },
            {
                "name": "TagResource",
                "description": "Grants permission to adds tags to the specified resource",
                "access level": "Tagging",
                "resource types": [
                    "device-identifier"
                ],
                "conditionKeys": "",
                "dependentActions": [
                    ""
                ]
            },
            {
                "name": "UntagResource",
                "description": "Grants permission to removes tags from the specified resource",
                "access level": "Tagging",
                "resource types": [
                    "device-identifier"
                ],
                "conditionKeys": "",
                "dependentActions": [
                    ""
                ]
            },
            {
                "name": "UpdateNetworkSite",
                "description": "Grants permission to update a network site",
                "access level": "Write",
                "resource types": [
                    "network-site*"
                ],
                "conditionKeys": "",
                "dependentActions": [
                    ""
                ]
            },
            {
                "name": "UpdateNetworkSitePlan",
                "description": "Grants permission to update a plan at a network site",
                "access level": "Write",
                "resource types": [
                    "network-site*"
                ],
                "conditionKeys": "",
                "dependentActions": [
                    ""
                ]
            }
        ]
    },
    {
        "resources": [
            {
                "resource_type": "network",
                "ARN": "arn:${Partition}:private-networks:${Region}:${Account}:network/${NetworkName}",
                "conditionKeys": "aws:ResourceTag/${TagKey}"
            },
            {
                "resource_type": "network-site",
                "ARN": "arn:${Partition}:private-networks:${Region}:${Account}:network-site/${NetworkName}/${NetworkSiteName}",
                "conditionKeys": "aws:ResourceTag/${TagKey}"
            },
            {
                "resource_type": "network-resource",
                "ARN": "arn:${Partition}:private-networks:${Region}:${Account}:network-resource/${NetworkName}/${ResourceId}",
                "conditionKeys": "aws:ResourceTag/${TagKey}"
            },
            {
                "resource_type": "order",
                "ARN": "arn:${Partition}:private-networks:${Region}:${Account}:order/${NetworkName}/${OrderId}",
                "conditionKeys": "aws:ResourceTag/${TagKey}"
            },
            {
                "resource_type": "device-identifier",
                "ARN": "arn:${Partition}:private-networks:${Region}:${Account}:device-identifier/${NetworkName}/${DeviceId}",
                "conditionKeys": "aws:ResourceTag/${TagKey}"
            }
        ]
    },
    {
        "conditions": [
            {
                "Condition keys": "aws:RequestTag/${TagKey}",
                "Description": "Filters access by checking the presence of tag key-value pairs in the request",
                "Type": "String"
            },
            {
                "Condition keys": "aws:ResourceTag/${TagKey}",
                "Description": "Filters access by checking tag key-value pairs attached to the resource",
                "Type": "String"
            },
            {
                "Condition keys": "aws:TagKeys",
                "Description": "Filters access by presence of tag keys in the request",
                "Type": "ArrayOfString"
            }
        ]
    }
]