[
    {
        "prefix_item": "purchase-orders"
    },
    {
        "link": "https://docs.aws.amazon.com/service-authorization/latest/reference/./list_awspurchaseordersconsole.html"
    },
    {
        "actions": [
            {
                "name": "AddPurchaseOrder [permission only]",
                "description": "Grants permission to add a new purchase order",
                "access level": "Write",
                "resource types": [
                    ""
                ],
                "conditionKeys": "",
                "dependentActions": [
                    ""
                ]
            },
            {
                "name": "DeletePurchaseOrder [permission only]",
                "description": "Grants permission to delete a purchase order",
                "access level": "Write",
                "resource types": [
                    ""
                ],
                "conditionKeys": "",
                "dependentActions": [
                    ""
                ]
            },
            {
                "name": "GetConsoleActionSetEnforced [permission only]",
                "description": "Grants permission to view whether existing or fine-grained IAM actions are being used to control authorization to Billing, Cost Management, and Account consoles",
                "access level": "Read",
                "resource types": [
                    ""
                ],
                "conditionKeys": "",
                "dependentActions": [
                    ""
                ]
            },
            {
                "name": "GetPurchaseOrder [permission only]",
                "description": "Grants permission to get a purchase order",
                "access level": "Read",
                "resource types": [
                    ""
                ],
                "conditionKeys": "",
                "dependentActions": [
                    ""
                ]
            },
            {
                "name": "ListPurchaseOrderInvoices [permission only]",
                "description": "Grants permission to list purchase order invoices",
                "access level": "List",
                "resource types": [
                    ""
                ],
                "conditionKeys": "",
                "dependentActions": [
                    ""
                ]
            },
            {
                "name": "ListPurchaseOrders [permission only]",
                "description": "Grants permission to get all available purchase orders",
                "access level": "List",
                "resource types": [
                    ""
                ],
                "conditionKeys": "",
                "dependentActions": [
                    ""
                ]
            },
            {
                "name": "ModifyPurchaseOrders [permission only]",
                "description": "Grants permission to modify purchase orders and details",
                "access level": "Write",
                "resource types": [
                    ""
                ],
                "conditionKeys": "",
                "dependentActions": [
                    ""
                ]
            },
            {
                "name": "UpdateConsoleActionSetEnforced [permission only]",
                "description": "Grants permission to change whether existing or fine-grained IAM actions will be used to control authorization to Billing, Cost Management, and Account consoles",
                "access level": "Write",
                "resource types": [
                    ""
                ],
                "conditionKeys": "",
                "dependentActions": [
                    ""
                ]
            },
            {
                "name": "UpdatePurchaseOrder [permission only]",
                "description": "Grants permission to update an existing purchase order",
                "access level": "Write",
                "resource types": [
                    ""
                ],
                "conditionKeys": "",
                "dependentActions": [
                    ""
                ]
            },
            {
                "name": "UpdatePurchaseOrderStatus [permission only]",
                "description": "Grants permission to set purchase order status",
                "access level": "Write",
                "resource types": [
                    ""
                ],
                "conditionKeys": "",
                "dependentActions": [
                    ""
                ]
            },
            {
                "name": "ViewPurchaseOrders [permission only]",
                "description": "Grants permission to view purchase orders and details",
                "access level": "Read",
                "resource types": [
                    ""
                ],
                "conditionKeys": "",
                "dependentActions": [
                    ""
                ]
            }
        ]
    }
]