[
    {
        "prefix_item": "quicksight"
    },
    {
        "link": "https://docs.aws.amazon.com/service-authorization/latest/reference/./list_amazonquicksight.html"
    },
    {
        "actions": [
            {
                "name": "AccountConfigurations [permission only]",
                "description": "Grants permission to enable setting default access to AWS resources",
                "access level": "Write",
                "resource types": [
                    ""
                ],
                "conditionKeys": "",
                "dependentActions": [
                    ""
                ]
            },
            {
                "name": "CancelIngestion",
                "description": "Grants permission to cancel a SPICE ingestions on a dataset",
                "access level": "Write",
                "resource types": [
                    "ingestion*"
                ],
                "conditionKeys": "",
                "dependentActions": [
                    ""
                ]
            },
            {
                "name": "CreateAccountCustomization",
                "description": "Grants permission to create an account customization for QuickSight account or namespace",
                "access level": "Write",
                "resource types": [
                    ""
                ],
                "conditionKeys": "aws:RequestTag/${TagKey}\n\n\naws:TagKeys",
                "dependentActions": [
                    ""
                ]
            },
            {
                "name": "CreateAccountSubscription",
                "description": "Grants permission to subscribe to QuickSight",
                "access level": "Write",
                "resource types": [
                    ""
                ],
                "conditionKeys": "",
                "dependentActions": [
                    ""
                ]
            },
            {
                "name": "CreateAdmin [permission only]",
                "description": "Grants permission to provision Amazon QuickSight administrators, authors, and readers",
                "access level": "Write",
                "resource types": [
                    "user*"
                ],
                "conditionKeys": "",
                "dependentActions": [
                    ""
                ]
            },
            {
                "name": "CreateAnalysis",
                "description": "Grants permission to create an analysis from a template",
                "access level": "Write",
                "resource types": [
                    "analysis*"
                ],
                "conditionKeys": "",
                "dependentActions": [
                    ""
                ]
            },
            {
                "name": "CreateCustomPermissions [permission only]",
                "description": "Grants permission to create a custom permissions resource for restricting user access",
                "access level": "Permissions management",
                "resource types": [
                    ""
                ],
                "conditionKeys": "aws:RequestTag/${TagKey}\n\n\naws:TagKeys",
                "dependentActions": [
                    ""
                ]
            },
            {
                "name": "CreateDashboard",
                "description": "Grants permission to create a QuickSight Dashboard",
                "access level": "Write",
                "resource types": [
                    "dashboard*"
                ],
                "conditionKeys": "",
                "dependentActions": [
                    ""
                ]
            },
            {
                "name": "CreateDataSet",
                "description": "Grants permission to create a dataset",
                "access level": "Write",
                "resource types": [
                    "datasource*"
                ],
                "conditionKeys": "",
                "dependentActions": [
                    "quicksight:PassDataSource"
                ]
            },
            {
                "name": "CreateDataSource",
                "description": "Grants permission to create a data source",
                "access level": "Write",
                "resource types": [
                    ""
                ],
                "conditionKeys": "aws:RequestTag/${TagKey}\n\n\naws:TagKeys",
                "dependentActions": [
                    "iam:PassRole"
                ]
            },
            {
                "name": "CreateEmailCustomizationTemplate [permission only]",
                "description": "Grants permission to create a QuickSight email customization template",
                "access level": "Write",
                "resource types": [
                    "emailCustomizationTemplate*"
                ],
                "conditionKeys": "",
                "dependentActions": [
                    ""
                ]
            },
            {
                "name": "CreateFolder",
                "description": "Grants permission to create a QuickSight folder",
                "access level": "Write",
                "resource types": [
                    "folder*"
                ],
                "conditionKeys": "",
                "dependentActions": [
                    ""
                ]
            },
            {
                "name": "CreateFolderMembership",
                "description": "Grants permission to add a QuickSight Dashboard, Analysis or Dataset to a QuickSight Folder",
                "access level": "Write",
                "resource types": [
                    "folder*"
                ],
                "conditionKeys": "",
                "dependentActions": [
                    ""
                ]
            },
            {
                "name": "CreateGroup",
                "description": "Grants permission to create a QuickSight group",
                "access level": "Write",
                "resource types": [
                    "group*"
                ],
                "conditionKeys": "",
                "dependentActions": [
                    ""
                ]
            },
            {
                "name": "CreateGroupMembership",
                "description": "Grants permission to add a QuickSight user to a QuickSight group",
                "access level": "Write",
                "resource types": [
                    "group*"
                ],
                "conditionKeys": "quicksight:UserName",
                "dependentActions": [
                    ""
                ]
            },
            {
                "name": "CreateIAMPolicyAssignment",
                "description": "Grants permission to create an assignment with one specified IAM Policy ARN that will be assigned to specified groups or users of QuickSight",
                "access level": "Write",
                "resource types": [
                    "assignment*"
                ],
                "conditionKeys": "",
                "dependentActions": [
                    ""
                ]
            },
            {
                "name": "CreateIngestion",
                "description": "Grants permission to start a SPICE ingestion on a dataset",
                "access level": "Write",
                "resource types": [
                    "ingestion*"
                ],
                "conditionKeys": "",
                "dependentActions": [
                    ""
                ]
            },
            {
                "name": "CreateNamespace",
                "description": "Grants permission to create an QuickSight namespace",
                "access level": "Write",
                "resource types": [
                    "namespace*"
                ],
                "conditionKeys": "",
                "dependentActions": [
                    "ds:CreateIdentityPoolDirectory"
                ]
            },
            {
                "name": "CreateReader [permission only]",
                "description": "Grants permission to provision Amazon QuickSight readers",
                "access level": "Write",
                "resource types": [
                    "user*"
                ],
                "conditionKeys": "",
                "dependentActions": [
                    ""
                ]
            },
            {
                "name": "CreateRefreshSchedule",
                "description": "Grants permission to create a refresh schedule for a dataset",
                "access level": "Write",
                "resource types": [
                    "refreshschedule*"
                ],
                "conditionKeys": "",
                "dependentActions": [
                    ""
                ]
            },
            {
                "name": "CreateTemplate",
                "description": "Grants permission to create a template",
                "access level": "Write",
                "resource types": [
                    "template*"
                ],
                "conditionKeys": "",
                "dependentActions": [
                    ""
                ]
            },
            {
                "name": "CreateTemplateAlias",
                "description": "Grants permission to create a template alias",
                "access level": "Write",
                "resource types": [
                    "template*"
                ],
                "conditionKeys": "",
                "dependentActions": [
                    ""
                ]
            },
            {
                "name": "CreateTheme",
                "description": "Grants permission to create a theme",
                "access level": "Write",
                "resource types": [
                    "theme*"
                ],
                "conditionKeys": "",
                "dependentActions": [
                    ""
                ]
            },
            {
                "name": "CreateThemeAlias",
                "description": "Grants permission to create an alias for a theme version",
                "access level": "Write",
                "resource types": [
                    "theme*"
                ],
                "conditionKeys": "",
                "dependentActions": [
                    ""
                ]
            },
            {
                "name": "CreateTopic",
                "description": "Grants permission to create a topic",
                "access level": "Write",
                "resource types": [
                    "dataset*"
                ],
                "conditionKeys": "",
                "dependentActions": [
                    "quicksight:PassDataSet"
                ]
            },
            {
                "name": "CreateTopicRefreshSchedule",
                "description": "Grants permission to create a refresh schedule for a topic",
                "access level": "Write",
                "resource types": [
                    "topic*"
                ],
                "conditionKeys": "",
                "dependentActions": [
                    ""
                ]
            },
            {
                "name": "CreateUser [permission only]",
                "description": "Grants permission to provision Amazon QuickSight authors and readers",
                "access level": "Write",
                "resource types": [
                    "user*"
                ],
                "conditionKeys": "",
                "dependentActions": [
                    ""
                ]
            },
            {
                "name": "CreateVPCConnection",
                "description": "Grants permission to create a vpc connection",
                "access level": "Write",
                "resource types": [
                    ""
                ],
                "conditionKeys": "aws:RequestTag/${TagKey}\n\n\naws:TagKeys",
                "dependentActions": [
                    "iam:PassRole"
                ]
            },
            {
                "name": "DeleteAccountCustomization",
                "description": "Grants permission to delete an account customization for QuickSight account or namespace",
                "access level": "Write",
                "resource types": [
                    "customization*"
                ],
                "conditionKeys": "",
                "dependentActions": [
                    ""
                ]
            },
            {
                "name": "DeleteAccountSubscription",
                "description": "Grants permission to delete a QuickSight account",
                "access level": "Write",
                "resource types": [
                    "account*"
                ],
                "conditionKeys": "",
                "dependentActions": [
                    ""
                ]
            },
            {
                "name": "DeleteAnalysis",
                "description": "Grants permission to delete an analysis",
                "access level": "Write",
                "resource types": [
                    "analysis*"
                ],
                "conditionKeys": "",
                "dependentActions": [
                    ""
                ]
            },
            {
                "name": "DeleteCustomPermissions [permission only]",
                "description": "Grants permission to delete a custom permissions resource",
                "access level": "Permissions management",
                "resource types": [
                    ""
                ],
                "conditionKeys": "",
                "dependentActions": [
                    ""
                ]
            },
            {
                "name": "DeleteDashboard",
                "description": "Grants permission to delete a QuickSight Dashboard",
                "access level": "Write",
                "resource types": [
                    "dashboard*"
                ],
                "conditionKeys": "",
                "dependentActions": [
                    ""
                ]
            },
            {
                "name": "DeleteDataSet",
                "description": "Grants permission to delete a dataset",
                "access level": "Write",
                "resource types": [
                    "dataset*"
                ],
                "conditionKeys": "",
                "dependentActions": [
                    ""
                ]
            },
            {
                "name": "DeleteDataSetRefreshProperties",
                "description": "Grants permission to delete dataset refresh properties for a dataset",
                "access level": "Write",
                "resource types": [
                    "dataset*"
                ],
                "conditionKeys": "",
                "dependentActions": [
                    ""
                ]
            },
            {
                "name": "DeleteDataSource",
                "description": "Grants permission to delete a data source",
                "access level": "Write",
                "resource types": [
                    "datasource*"
                ],
                "conditionKeys": "",
                "dependentActions": [
                    ""
                ]
            },
            {
                "name": "DeleteEmailCustomizationTemplate [permission only]",
                "description": "Grants permission to delete a QuickSight email customization template",
                "access level": "Write",
                "resource types": [
                    "emailCustomizationTemplate*"
                ],
                "conditionKeys": "",
                "dependentActions": [
                    ""
                ]
            },
            {
                "name": "DeleteFolder",
                "description": "Grants permission to delete a QuickSight Folder",
                "access level": "Write",
                "resource types": [
                    "folder*"
                ],
                "conditionKeys": "",
                "dependentActions": [
                    ""
                ]
            },
            {
                "name": "DeleteFolderMembership",
                "description": "Grants permission to remove a QuickSight Dashboard, Analysis or Dataset from a QuickSight Folder",
                "access level": "Write",
                "resource types": [
                    "folder*"
                ],
                "conditionKeys": "",
                "dependentActions": [
                    ""
                ]
            },
            {
                "name": "DeleteGroup",
                "description": "Grants permission to remove a user group from QuickSight",
                "access level": "Write",
                "resource types": [
                    "group*"
                ],
                "conditionKeys": "",
                "dependentActions": [
                    ""
                ]
            },
            {
                "name": "DeleteGroupMembership",
                "description": "Grants permission to remove a user from a group so that he/she is no longer a member of the group",
                "access level": "Write",
                "resource types": [
                    "group*"
                ],
                "conditionKeys": "quicksight:UserName",
                "dependentActions": [
                    ""
                ]
            },
            {
                "name": "DeleteIAMPolicyAssignment",
                "description": "Grants permission to update an existing assignment",
                "access level": "Write",
                "resource types": [
                    "assignment*"
                ],
                "conditionKeys": "",
                "dependentActions": [
                    ""
                ]
            },
            {
                "name": "DeleteNamespace",
                "description": "Grants permission to delete a QuickSight namespace",
                "access level": "Write",
                "resource types": [
                    "namespace*"
                ],
                "conditionKeys": "",
                "dependentActions": [
                    "ds:DeleteDirectory"
                ]
            },
            {
                "name": "DeleteRefreshSchedule",
                "description": "Grants permission to delete a refresh schedule for a dataset",
                "access level": "Write",
                "resource types": [
                    "refreshschedule*"
                ],
                "conditionKeys": "",
                "dependentActions": [
                    ""
                ]
            },
            {
                "name": "DeleteTemplate",
                "description": "Grants permission to delete a template",
                "access level": "Write",
                "resource types": [
                    "template*"
                ],
                "conditionKeys": "",
                "dependentActions": [
                    ""
                ]
            },
            {
                "name": "DeleteTemplateAlias",
                "description": "Grants permission to delete a template alias",
                "access level": "Write",
                "resource types": [
                    "template*"
                ],
                "conditionKeys": "",
                "dependentActions": [
                    ""
                ]
            },
            {
                "name": "DeleteTheme",
                "description": "Grants permission to delete a theme",
                "access level": "Write",
                "resource types": [
                    "theme*"
                ],
                "conditionKeys": "",
                "dependentActions": [
                    ""
                ]
            },
            {
                "name": "DeleteThemeAlias",
                "description": "Grants permission to delete the alias of a theme",
                "access level": "Write",
                "resource types": [
                    "theme*"
                ],
                "conditionKeys": "",
                "dependentActions": [
                    ""
                ]
            },
            {
                "name": "DeleteTopic",
                "description": "Grants permission to delete a topic",
                "access level": "Write",
                "resource types": [
                    "topic*"
                ],
                "conditionKeys": "",
                "dependentActions": [
                    ""
                ]
            },
            {
                "name": "DeleteTopicRefreshSchedule",
                "description": "Grants permission to delete a refresh schedule for a topic",
                "access level": "Write",
                "resource types": [
                    "topic*"
                ],
                "conditionKeys": "",
                "dependentActions": [
                    ""
                ]
            },
            {
                "name": "DeleteUser",
                "description": "Grants permission to delete a QuickSight user, given the user name",
                "access level": "Write",
                "resource types": [
                    "user*"
                ],
                "conditionKeys": "",
                "dependentActions": [
                    ""
                ]
            },
            {
                "name": "DeleteUserByPrincipalId",
                "description": "Grants permission to deletes a user identified by its principal ID",
                "access level": "Write",
                "resource types": [
                    "user*"
                ],
                "conditionKeys": "",
                "dependentActions": [
                    ""
                ]
            },
            {
                "name": "DeleteVPCConnection",
                "description": "Grants permission to delete a vpc connection",
                "access level": "Write",
                "resource types": [
                    "vpcconnection*"
                ],
                "conditionKeys": "",
                "dependentActions": [
                    ""
                ]
            },
            {
                "name": "DescribeAccountCustomization",
                "description": "Grants permission to describe an account customization for QuickSight account or namespace",
                "access level": "Read",
                "resource types": [
                    "customization*"
                ],
                "conditionKeys": "",
                "dependentActions": [
                    ""
                ]
            },
            {
                "name": "DescribeAccountSettings",
                "description": "Grants permission to describe the administrative account settings for QuickSight account",
                "access level": "Read",
                "resource types": [
                    ""
                ],
                "conditionKeys": "",
                "dependentActions": [
                    ""
                ]
            },
            {
                "name": "DescribeAccountSubscription",
                "description": "Grants permission to describe a QuickSight account",
                "access level": "Read",
                "resource types": [
                    "account*"
                ],
                "conditionKeys": "",
                "dependentActions": [
                    ""
                ]
            },
            {
                "name": "DescribeAnalysis",
                "description": "Grants permission to describe an analysis",
                "access level": "Read",
                "resource types": [
                    "analysis*"
                ],
                "conditionKeys": "",
                "dependentActions": [
                    ""
                ]
            },
            {
                "name": "DescribeAnalysisPermissions",
                "description": "Grants permission to describe permissions for an analysis",
                "access level": "Read",
                "resource types": [
                    "analysis*"
                ],
                "conditionKeys": "",
                "dependentActions": [
                    ""
                ]
            },
            {
                "name": "DescribeAssetBundleExportJob",
                "description": "Grants permission to describe an asset bundle export job",
                "access level": "Read",
                "resource types": [
                    "assetBundleExportJob*"
                ],
                "conditionKeys": "",
                "dependentActions": [
                    ""
                ]
            },
            {
                "name": "DescribeAssetBundleImportJob",
                "description": "Grants permission to describe an asset bundle import job",
                "access level": "Read",
                "resource types": [
                    "assetBundleImportJob*"
                ],
                "conditionKeys": "",
                "dependentActions": [
                    ""
                ]
            },
            {
                "name": "DescribeCustomPermissions [permission only]",
                "description": "Grants permission to describe a custom permissions resource in a QuickSight account",
                "access level": "Write",
                "resource types": [
                    ""
                ],
                "conditionKeys": "",
                "dependentActions": [
                    ""
                ]
            },
            {
                "name": "DescribeDashboard",
                "description": "Grants permission to describe a QuickSight Dashboard",
                "access level": "Read",
                "resource types": [
                    "dashboard*"
                ],
                "conditionKeys": "",
                "dependentActions": [
                    ""
                ]
            },
            {
                "name": "DescribeDashboardPermissions",
                "description": "Grants permission to describe permissions for a QuickSight Dashboard",
                "access level": "Read",
                "resource types": [
                    "dashboard*"
                ],
                "conditionKeys": "",
                "dependentActions": [
                    ""
                ]
            },
            {
                "name": "DescribeDataSet",
                "description": "Grants permission to describe a dataset",
                "access level": "Read",
                "resource types": [
                    "dataset*"
                ],
                "conditionKeys": "",
                "dependentActions": [
                    ""
                ]
            },
            {
                "name": "DescribeDataSetPermissions",
                "description": "Grants permission to describe the resource policy of a dataset",
                "access level": "Permissions management",
                "resource types": [
                    "dataset*"
                ],
                "conditionKeys": "",
                "dependentActions": [
                    ""
                ]
            },
            {
                "name": "DescribeDataSetRefreshProperties",
                "description": "Grants permission to describe refresh properties for a dataset",
                "access level": "Read",
                "resource types": [
                    "dataset*"
                ],
                "conditionKeys": "",
                "dependentActions": [
                    ""
                ]
            },
            {
                "name": "DescribeDataSource",
                "description": "Grants permission to describe a data source",
                "access level": "Read",
                "resource types": [
                    "datasource*"
                ],
                "conditionKeys": "",
                "dependentActions": [
                    ""
                ]
            },
            {
                "name": "DescribeDataSourcePermissions",
                "description": "Grants permission to describe the resource policy of a data source",
                "access level": "Permissions management",
                "resource types": [
                    "datasource*"
                ],
                "conditionKeys": "",
                "dependentActions": [
                    ""
                ]
            },
            {
                "name": "DescribeEmailCustomizationTemplate [permission only]",
                "description": "Grants permission to describe a QuickSight email customization template",
                "access level": "Read",
                "resource types": [
                    "emailCustomizationTemplate*"
                ],
                "conditionKeys": "",
                "dependentActions": [
                    ""
                ]
            },
            {
                "name": "DescribeFolder",
                "description": "Grants permission to describe a QuickSight Folder",
                "access level": "Read",
                "resource types": [
                    "folder*"
                ],
                "conditionKeys": "",
                "dependentActions": [
                    ""
                ]
            },
            {
                "name": "DescribeFolderPermissions",
                "description": "Grants permission to describe permissions for a QuickSight Folder",
                "access level": "Read",
                "resource types": [
                    "folder*"
                ],
                "conditionKeys": "",
                "dependentActions": [
                    ""
                ]
            },
            {
                "name": "DescribeFolderResolvedPermissions",
                "description": "Grants permission to describe resolved permissions for a QuickSight Folder",
                "access level": "Read",
                "resource types": [
                    "folder*"
                ],
                "conditionKeys": "",
                "dependentActions": [
                    ""
                ]
            },
            {
                "name": "DescribeGroup",
                "description": "Grants permission to describe a QuickSight group",
                "access level": "Read",
                "resource types": [
                    "group*"
                ],
                "conditionKeys": "",
                "dependentActions": [
                    ""
                ]
            },
            {
                "name": "DescribeGroupMembership",
                "description": "Grants permission to describe a QuickSight group member",
                "access level": "Read",
                "resource types": [
                    "group*"
                ],
                "conditionKeys": "quicksight:UserName",
                "dependentActions": [
                    ""
                ]
            },
            {
                "name": "DescribeIAMPolicyAssignment",
                "description": "Grants permission to describe an existing assignment",
                "access level": "Read",
                "resource types": [
                    "assignment*"
                ],
                "conditionKeys": "",
                "dependentActions": [
                    ""
                ]
            },
            {
                "name": "DescribeIngestion",
                "description": "Grants permission to describe a SPICE ingestion on a dataset",
                "access level": "Read",
                "resource types": [
                    "ingestion*"
                ],
                "conditionKeys": "",
                "dependentActions": [
                    ""
                ]
            },
            {
                "name": "DescribeIpRestriction",
                "description": "Grants permission to describe the IP restrictions for QuickSight account",
                "access level": "Read",
                "resource types": [
                    ""
                ],
                "conditionKeys": "",
                "dependentActions": [
                    ""
                ]
            },
            {
                "name": "DescribeNamespace",
                "description": "Grants permission to describe a QuickSight namespace",
                "access level": "Read",
                "resource types": [
                    "namespace*"
                ],
                "conditionKeys": "",
                "dependentActions": [
                    ""
                ]
            },
            {
                "name": "DescribeRefreshSchedule",
                "description": "Grants permission to describe a refresh schedule for a dataset",
                "access level": "Read",
                "resource types": [
                    "refreshschedule*"
                ],
                "conditionKeys": "",
                "dependentActions": [
                    ""
                ]
            },
            {
                "name": "DescribeTemplate",
                "description": "Grants permission to describe a template",
                "access level": "Read",
                "resource types": [
                    "template*"
                ],
                "conditionKeys": "",
                "dependentActions": [
                    ""
                ]
            },
            {
                "name": "DescribeTemplateAlias",
                "description": "Grants permission to describe a template alias",
                "access level": "Read",
                "resource types": [
                    "template*"
                ],
                "conditionKeys": "",
                "dependentActions": [
                    ""
                ]
            },
            {
                "name": "DescribeTemplatePermissions",
                "description": "Grants permission to describe permissions for a template",
                "access level": "Read",
                "resource types": [
                    "template*"
                ],
                "conditionKeys": "",
                "dependentActions": [
                    ""
                ]
            },
            {
                "name": "DescribeTheme",
                "description": "Grants permission to describe a theme",
                "access level": "Read",
                "resource types": [
                    "theme*"
                ],
                "conditionKeys": "",
                "dependentActions": [
                    ""
                ]
            },
            {
                "name": "DescribeThemeAlias",
                "description": "Grants permission to describe a theme alias",
                "access level": "Read",
                "resource types": [
                    "theme*"
                ],
                "conditionKeys": "",
                "dependentActions": [
                    ""
                ]
            },
            {
                "name": "DescribeThemePermissions",
                "description": "Grants permission to describe permissions for a theme",
                "access level": "Read",
                "resource types": [
                    "theme*"
                ],
                "conditionKeys": "",
                "dependentActions": [
                    ""
                ]
            },
            {
                "name": "DescribeTopic",
                "description": "Grants permission to describe a topic",
                "access level": "Read",
                "resource types": [
                    "topic*"
                ],
                "conditionKeys": "",
                "dependentActions": [
                    ""
                ]
            },
            {
                "name": "DescribeTopicPermissions",
                "description": "Grants permission to describe the resource policy of a topic",
                "access level": "Permissions management",
                "resource types": [
                    "topic*"
                ],
                "conditionKeys": "",
                "dependentActions": [
                    ""
                ]
            },
            {
                "name": "DescribeTopicRefresh",
                "description": "Grants permission to describe the refresh status of a topic",
                "access level": "Read",
                "resource types": [
                    "topic*"
                ],
                "conditionKeys": "",
                "dependentActions": [
                    ""
                ]
            },
            {
                "name": "DescribeTopicRefreshSchedule",
                "description": "Grants permission to describe a refresh schedule for a topic",
                "access level": "Read",
                "resource types": [
                    "topic*"
                ],
                "conditionKeys": "",
                "dependentActions": [
                    ""
                ]
            },
            {
                "name": "DescribeUser",
                "description": "Grants permission to describe a QuickSight user given the user name",
                "access level": "Read",
                "resource types": [
                    "user*"
                ],
                "conditionKeys": "",
                "dependentActions": [
                    ""
                ]
            },
            {
                "name": "DescribeVPCConnection",
                "description": "Grants permission to describe a vpc connection",
                "access level": "Read",
                "resource types": [
                    "vpcconnection*"
                ],
                "conditionKeys": "",
                "dependentActions": [
                    ""
                ]
            },
            {
                "name": "GenerateEmbedUrlForAnonymousUser",
                "description": "Grants permission to generate a URL used to embed a QuickSight Dashboard or Q Topic for a user not registered with QuickSight",
                "access level": "Write",
                "resource types": [
                    "namespace*"
                ],
                "conditionKeys": "",
                "dependentActions": [
                    ""
                ]
            },
            {
                "name": "GenerateEmbedUrlForRegisteredUser",
                "description": "Grants permission to generate a URL used to embed a QuickSight Dashboard for a user registered with QuickSight",
                "access level": "Write",
                "resource types": [
                    "user*"
                ],
                "conditionKeys": "",
                "dependentActions": [
                    ""
                ]
            },
            {
                "name": "GetAnonymousUserEmbedUrl [permission only]",
                "description": "Grants permission to get a URL used to embed a QuickSight Dashboard for a user not registered with QuickSight",
                "access level": "Read",
                "resource types": [
                    ""
                ],
                "conditionKeys": "",
                "dependentActions": [
                    ""
                ]
            },
            {
                "name": "GetAuthCode [permission only]",
                "description": "Grants permission to get an auth code representing a QuickSight user",
                "access level": "Read",
                "resource types": [
                    "user*"
                ],
                "conditionKeys": "",
                "dependentActions": [
                    ""
                ]
            },
            {
                "name": "GetDashboardEmbedUrl",
                "description": "Grants permission to get a URL used to embed a QuickSight Dashboard",
                "access level": "Read",
                "resource types": [
                    "dashboard*"
                ],
                "conditionKeys": "",
                "dependentActions": [
                    ""
                ]
            },
            {
                "name": "GetGroupMapping [permission only]",
                "description": "Grants permission to use Amazon QuickSight, in Enterprise edition, to identify and display the Microsoft Active Directory (Microsoft Active Directory) directory groups that are mapped to roles in Amazon QuickSight",
                "access level": "Read",
                "resource types": [
                    ""
                ],
                "conditionKeys": "",
                "dependentActions": [
                    ""
                ]
            },
            {
                "name": "GetSessionEmbedUrl",
                "description": "Grants permission to get a URL to embed QuickSight console experience",
                "access level": "Read",
                "resource types": [
                    ""
                ],
                "conditionKeys": "",
                "dependentActions": [
                    ""
                ]
            },
            {
                "name": "ListAnalyses",
                "description": "Grants permission to list all analyses in an account",
                "access level": "List",
                "resource types": [
                    "analysis*"
                ],
                "conditionKeys": "",
                "dependentActions": [
                    ""
                ]
            },
            {
                "name": "ListAssetBundleExportJobs",
                "description": "Grants permission to list all asset bundle export jobs",
                "access level": "List",
                "resource types": [
                    "assetBundleExportJob*"
                ],
                "conditionKeys": "",
                "dependentActions": [
                    ""
                ]
            },
            {
                "name": "ListAssetBundleImportJobs",
                "description": "Grants permission to list all asset bundle import jobs",
                "access level": "List",
                "resource types": [
                    "assetBundleImportJob*"
                ],
                "conditionKeys": "",
                "dependentActions": [
                    ""
                ]
            },
            {
                "name": "ListCustomPermissions [permission only]",
                "description": "Grants permission to list custom permissions resources in QuickSight account",
                "access level": "Write",
                "resource types": [
                    ""
                ],
                "conditionKeys": "",
                "dependentActions": [
                    ""
                ]
            },
            {
                "name": "ListDashboardVersions",
                "description": "Grants permission to list all versions of a QuickSight Dashboard",
                "access level": "List",
                "resource types": [
                    "dashboard*"
                ],
                "conditionKeys": "",
                "dependentActions": [
                    ""
                ]
            },
            {
                "name": "ListDashboards",
                "description": "Grants permission to list all Dashboards in a QuickSight Account",
                "access level": "List",
                "resource types": [
                    "dashboard*"
                ],
                "conditionKeys": "",
                "dependentActions": [
                    ""
                ]
            },
            {
                "name": "ListDataSets",
                "description": "Grants permission to list all datasets",
                "access level": "List",
                "resource types": [
                    ""
                ],
                "conditionKeys": "aws:RequestTag/${TagKey}\n\n\naws:TagKeys",
                "dependentActions": [
                    ""
                ]
            },
            {
                "name": "ListDataSources",
                "description": "Grants permission to list all data sources",
                "access level": "List",
                "resource types": [
                    ""
                ],
                "conditionKeys": "aws:RequestTag/${TagKey}\n\n\naws:TagKeys",
                "dependentActions": [
                    ""
                ]
            },
            {
                "name": "ListFolderMembers",
                "description": "Grants permission to list all members in a folder",
                "access level": "Read",
                "resource types": [
                    "folder*"
                ],
                "conditionKeys": "",
                "dependentActions": [
                    ""
                ]
            },
            {
                "name": "ListFolders",
                "description": "Grants permission to list all Folders in a QuickSight Account",
                "access level": "List",
                "resource types": [
                    "folder*"
                ],
                "conditionKeys": "",
                "dependentActions": [
                    ""
                ]
            },
            {
                "name": "ListGroupMemberships",
                "description": "Grants permission to list member users in a group",
                "access level": "List",
                "resource types": [
                    "group*"
                ],
                "conditionKeys": "",
                "dependentActions": [
                    ""
                ]
            },
            {
                "name": "ListGroups",
                "description": "Grants permission to list all user groups in QuickSight",
                "access level": "List",
                "resource types": [
                    "group*"
                ],
                "conditionKeys": "",
                "dependentActions": [
                    ""
                ]
            },
            {
                "name": "ListIAMPolicyAssignments",
                "description": "Grants permission to list all assignments in the current Amazon QuickSight account",
                "access level": "List",
                "resource types": [
                    "assignment*"
                ],
                "conditionKeys": "",
                "dependentActions": [
                    ""
                ]
            },
            {
                "name": "ListIAMPolicyAssignmentsForUser",
                "description": "Grants permission to list all assignments assigned to a user and the groups it belongs",
                "access level": "List",
                "resource types": [
                    "assignment*"
                ],
                "conditionKeys": "",
                "dependentActions": [
                    ""
                ]
            },
            {
                "name": "ListIngestions",
                "description": "Grants permission to list all SPICE ingestions on a dataset",
                "access level": "List",
                "resource types": [
                    ""
                ],
                "conditionKeys": "aws:RequestTag/${TagKey}\n\n\naws:TagKeys",
                "dependentActions": [
                    ""
                ]
            },
            {
                "name": "ListNamespaces",
                "description": "Grants permission to lists all namespaces in a QuickSight account",
                "access level": "List",
                "resource types": [
                    ""
                ],
                "conditionKeys": "",
                "dependentActions": [
                    ""
                ]
            },
            {
                "name": "ListRefreshSchedules",
                "description": "Grants permission to list all refresh schedules on a dataset",
                "access level": "List",
                "resource types": [
                    ""
                ],
                "conditionKeys": "",
                "dependentActions": [
                    ""
                ]
            },
            {
                "name": "ListTagsForResource",
                "description": "Grants permission to list tags of a QuickSight resource",
                "access level": "Read",
                "resource types": [
                    "customization"
                ],
                "conditionKeys": "",
                "dependentActions": [
                    ""
                ]
            },
            {
                "name": "ListTemplateAliases",
                "description": "Grants permission to list all aliases for a template",
                "access level": "List",
                "resource types": [
                    "template*"
                ],
                "conditionKeys": "",
                "dependentActions": [
                    ""
                ]
            },
            {
                "name": "ListTemplateVersions",
                "description": "Grants permission to list all versions of a template",
                "access level": "List",
                "resource types": [
                    "template*"
                ],
                "conditionKeys": "",
                "dependentActions": [
                    ""
                ]
            },
            {
                "name": "ListTemplates",
                "description": "Grants permission to list all templates in a QuickSight account",
                "access level": "List",
                "resource types": [
                    "template*"
                ],
                "conditionKeys": "",
                "dependentActions": [
                    ""
                ]
            },
            {
                "name": "ListThemeAliases",
                "description": "Grants permission to list all aliases of a theme",
                "access level": "List",
                "resource types": [
                    "theme*"
                ],
                "conditionKeys": "",
                "dependentActions": [
                    ""
                ]
            },
            {
                "name": "ListThemeVersions",
                "description": "Grants permission to list all versions of a theme",
                "access level": "List",
                "resource types": [
                    "theme*"
                ],
                "conditionKeys": "",
                "dependentActions": [
                    ""
                ]
            },
            {
                "name": "ListThemes",
                "description": "Grants permission to list all themes in an account",
                "access level": "List",
                "resource types": [
                    "theme*"
                ],
                "conditionKeys": "",
                "dependentActions": [
                    ""
                ]
            },
            {
                "name": "ListTopicRefreshSchedules",
                "description": "Grants permission to list all refresh schedules on a topic",
                "access level": "List",
                "resource types": [
                    ""
                ],
                "conditionKeys": "",
                "dependentActions": [
                    ""
                ]
            },
            {
                "name": "ListTopics",
                "description": "Grants permission to list all topics",
                "access level": "List",
                "resource types": [
                    ""
                ],
                "conditionKeys": "aws:RequestTag/${TagKey}\n\n\naws:TagKeys",
                "dependentActions": [
                    ""
                ]
            },
            {
                "name": "ListUserGroups",
                "description": "Grants permission to list groups that a given user is a member of",
                "access level": "List",
                "resource types": [
                    "user*"
                ],
                "conditionKeys": "",
                "dependentActions": [
                    ""
                ]
            },
            {
                "name": "ListUsers",
                "description": "Grants permission to list all of the QuickSight users belonging to this account",
                "access level": "List",
                "resource types": [
                    "user*"
                ],
                "conditionKeys": "",
                "dependentActions": [
                    ""
                ]
            },
            {
                "name": "ListVPCConnections",
                "description": "Grants permission to list all vpc connections",
                "access level": "List",
                "resource types": [
                    ""
                ],
                "conditionKeys": "aws:RequestTag/${TagKey}\n\n\naws:TagKeys",
                "dependentActions": [
                    ""
                ]
            },
            {
                "name": "PassDataSet [permission only]",
                "description": "Grants permission to use a dataset for a template",
                "access level": "Read",
                "resource types": [
                    "dataset*"
                ],
                "conditionKeys": "",
                "dependentActions": [
                    ""
                ]
            },
            {
                "name": "PassDataSource [permission only]",
                "description": "Grants permission to use a data source for a data set",
                "access level": "Read",
                "resource types": [
                    "datasource*"
                ],
                "conditionKeys": "",
                "dependentActions": [
                    ""
                ]
            },
            {
                "name": "PutDataSetRefreshProperties",
                "description": "Grants permission to put dataset refresh properties for a dataset",
                "access level": "Write",
                "resource types": [
                    "dataset*"
                ],
                "conditionKeys": "",
                "dependentActions": [
                    ""
                ]
            },
            {
                "name": "RegisterUser",
                "description": "Grants permission to create a QuickSight user, whose identity is associated with the IAM identity/role specified in the request",
                "access level": "Write",
                "resource types": [
                    "user*"
                ],
                "conditionKeys": "quicksight:IamArn\n\n\nquicksight:SessionName",
                "dependentActions": [
                    ""
                ]
            },
            {
                "name": "RestoreAnalysis",
                "description": "Grants permission to restore a deleted analysis",
                "access level": "Write",
                "resource types": [
                    "analysis*"
                ],
                "conditionKeys": "",
                "dependentActions": [
                    ""
                ]
            },
            {
                "name": "ScopeDownPolicy [permission only]",
                "description": "Grants permission to manage scoping policies for permissions to AWS resources",
                "access level": "Write",
                "resource types": [
                    ""
                ],
                "conditionKeys": "",
                "dependentActions": [
                    ""
                ]
            },
            {
                "name": "SearchAnalyses",
                "description": "Grants permission to search for a sub-set of analyses",
                "access level": "List",
                "resource types": [
                    "analysis*"
                ],
                "conditionKeys": "",
                "dependentActions": [
                    ""
                ]
            },
            {
                "name": "SearchDashboards",
                "description": "Grants permission to search for a sub-set of QuickSight Dashboards",
                "access level": "List",
                "resource types": [
                    "dashboard*"
                ],
                "conditionKeys": "",
                "dependentActions": [
                    ""
                ]
            },
            {
                "name": "SearchDataSets",
                "description": "Grants permission to search for a sub-set of QuickSight DatSets",
                "access level": "List",
                "resource types": [
                    "dataset*"
                ],
                "conditionKeys": "",
                "dependentActions": [
                    ""
                ]
            },
            {
                "name": "SearchDataSources",
                "description": "Grants permission to search for a sub-set of QuickSight Data Sources",
                "access level": "List",
                "resource types": [
                    "datasource*"
                ],
                "conditionKeys": "",
                "dependentActions": [
                    ""
                ]
            },
            {
                "name": "SearchDirectoryGroups [permission only]",
                "description": "Grants permission to use Amazon QuickSight, in Enterprise edition, to display your Microsoft Active Directory directory groups so that you can choose which ones to map to roles in Amazon QuickSight",
                "access level": "List",
                "resource types": [
                    ""
                ],
                "conditionKeys": "",
                "dependentActions": [
                    ""
                ]
            },
            {
                "name": "SearchFolders",
                "description": "Grants permission to search for a sub-set of QuickSight Folders",
                "access level": "Read",
                "resource types": [
                    "folder*"
                ],
                "conditionKeys": "",
                "dependentActions": [
                    ""
                ]
            },
            {
                "name": "SearchGroups",
                "description": "Grants permission to search for a sub-set of QuickSight groups",
                "access level": "List",
                "resource types": [
                    "group*"
                ],
                "conditionKeys": "",
                "dependentActions": [
                    ""
                ]
            },
            {
                "name": "SetGroupMapping [permission only]",
                "description": "Grants permission to use Amazon QuickSight, in Enterprise edition, to display your Microsoft Active Directory directory groups so that you can choose which ones to map to roles in Amazon QuickSight",
                "access level": "Write",
                "resource types": [
                    ""
                ],
                "conditionKeys": "",
                "dependentActions": [
                    ""
                ]
            },
            {
                "name": "StartAssetBundleExportJob",
                "description": "Grants permission to start an asset bundle export job",
                "access level": "Write",
                "resource types": [
                    "assetBundleExportJob*"
                ],
                "conditionKeys": "",
                "dependentActions": [
                    ""
                ]
            },
            {
                "name": "StartAssetBundleImportJob",
                "description": "Grants permission to start an asset bundle import job",
                "access level": "Write",
                "resource types": [
                    "assetBundleImportJob*"
                ],
                "conditionKeys": "",
                "dependentActions": [
                    ""
                ]
            },
            {
                "name": "Subscribe [permission only]",
                "description": "Grants permission to subscribe to Amazon QuickSight, and also to allow the user to upgrade the subscription to Enterprise edition",
                "access level": "Write",
                "resource types": [
                    ""
                ],
                "conditionKeys": "quicksight:Edition\n\n\nquicksight:DirectoryType",
                "dependentActions": [
                    ""
                ]
            },
            {
                "name": "TagResource",
                "description": "Grants permission to add tags to a QuickSight resource",
                "access level": "Tagging",
                "resource types": [
                    "analysis"
                ],
                "conditionKeys": "",
                "dependentActions": [
                    ""
                ]
            },
            {
                "name": "Unsubscribe [permission only]",
                "description": "Grants permission to unsubscribe from Amazon QuickSight, which permanently deletes all users and their resources from Amazon QuickSight",
                "access level": "Write",
                "resource types": [
                    ""
                ],
                "conditionKeys": "",
                "dependentActions": [
                    ""
                ]
            },
            {
                "name": "UntagResource",
                "description": "Grants permission to remove tags from a QuickSight resource",
                "access level": "Tagging",
                "resource types": [
                    "analysis"
                ],
                "conditionKeys": "",
                "dependentActions": [
                    ""
                ]
            },
            {
                "name": "UpdateAccountCustomization",
                "description": "Grants permission to update an account customization for QuickSight account or namespace",
                "access level": "Write",
                "resource types": [
                    "customization*"
                ],
                "conditionKeys": "",
                "dependentActions": [
                    ""
                ]
            },
            {
                "name": "UpdateAccountSettings",
                "description": "Grants permission to update the administrative account settings for QuickSight account",
                "access level": "Write",
                "resource types": [
                    ""
                ],
                "conditionKeys": "",
                "dependentActions": [
                    ""
                ]
            },
            {
                "name": "UpdateAnalysis",
                "description": "Grants permission to update an analysis",
                "access level": "Write",
                "resource types": [
                    "analysis*"
                ],
                "conditionKeys": "",
                "dependentActions": [
                    ""
                ]
            },
            {
                "name": "UpdateAnalysisPermissions",
                "description": "Grants permission to update permissions for an analysis",
                "access level": "Permissions management",
                "resource types": [
                    "analysis*"
                ],
                "conditionKeys": "",
                "dependentActions": [
                    ""
                ]
            },
            {
                "name": "UpdateCustomPermissions [permission only]",
                "description": "Grants permission to update a custom permissions resource",
                "access level": "Permissions management",
                "resource types": [
                    ""
                ],
                "conditionKeys": "",
                "dependentActions": [
                    ""
                ]
            },
            {
                "name": "UpdateDashboard",
                "description": "Grants permission to update a QuickSight Dashboard",
                "access level": "Write",
                "resource types": [
                    "dashboard*"
                ],
                "conditionKeys": "",
                "dependentActions": [
                    ""
                ]
            },
            {
                "name": "UpdateDashboardPermissions",
                "description": "Grants permission to update permissions for a QuickSight Dashboard",
                "access level": "Permissions management",
                "resource types": [
                    "dashboard*"
                ],
                "conditionKeys": "",
                "dependentActions": [
                    ""
                ]
            },
            {
                "name": "UpdateDashboardPublishedVersion",
                "description": "Grants permission to update a QuickSight Dashboard\u2019s Published Version",
                "access level": "Write",
                "resource types": [
                    "dashboard*"
                ],
                "conditionKeys": "",
                "dependentActions": [
                    ""
                ]
            },
            {
                "name": "UpdateDataSet",
                "description": "Grants permission to update a dataset",
                "access level": "Write",
                "resource types": [
                    "dataset*"
                ],
                "conditionKeys": "",
                "dependentActions": [
                    "quicksight:PassDataSource"
                ]
            },
            {
                "name": "UpdateDataSetPermissions",
                "description": "Grants permission to update the resource policy of a dataset",
                "access level": "Permissions management",
                "resource types": [
                    "dataset*"
                ],
                "conditionKeys": "",
                "dependentActions": [
                    ""
                ]
            },
            {
                "name": "UpdateDataSource",
                "description": "Grants permission to update a data source",
                "access level": "Write",
                "resource types": [
                    "datasource*"
                ],
                "conditionKeys": "",
                "dependentActions": [
                    "iam:PassRole"
                ]
            },
            {
                "name": "UpdateDataSourcePermissions",
                "description": "Grants permission to update the resource policy of a data source",
                "access level": "Permissions management",
                "resource types": [
                    "datasource*"
                ],
                "conditionKeys": "",
                "dependentActions": [
                    ""
                ]
            },
            {
                "name": "UpdateEmailCustomizationTemplate [permission only]",
                "description": "Grants permission to update a QuickSight email customization template",
                "access level": "Write",
                "resource types": [
                    "emailCustomizationTemplate*"
                ],
                "conditionKeys": "",
                "dependentActions": [
                    ""
                ]
            },
            {
                "name": "UpdateFolder",
                "description": "Grants permission to update a QuickSight Folder",
                "access level": "Write",
                "resource types": [
                    "folder*"
                ],
                "conditionKeys": "",
                "dependentActions": [
                    ""
                ]
            },
            {
                "name": "UpdateFolderPermissions",
                "description": "Grants permission to update permissions for a QuickSight Folder",
                "access level": "Permissions management",
                "resource types": [
                    "folder*"
                ],
                "conditionKeys": "",
                "dependentActions": [
                    ""
                ]
            },
            {
                "name": "UpdateGroup",
                "description": "Grants permission to change group description",
                "access level": "Write",
                "resource types": [
                    "group*"
                ],
                "conditionKeys": "",
                "dependentActions": [
                    ""
                ]
            },
            {
                "name": "UpdateIAMPolicyAssignment",
                "description": "Grants permission to update an existing assignment",
                "access level": "Write",
                "resource types": [
                    "assignment*"
                ],
                "conditionKeys": "",
                "dependentActions": [
                    ""
                ]
            },
            {
                "name": "UpdateIpRestriction",
                "description": "Grants permission to update the IP restrictions for QuickSight account",
                "access level": "Write",
                "resource types": [
                    ""
                ],
                "conditionKeys": "",
                "dependentActions": [
                    ""
                ]
            },
            {
                "name": "UpdatePublicSharingSettings",
                "description": "Grants permission to enable or disable public sharing on an account",
                "access level": "Write",
                "resource types": [
                    ""
                ],
                "conditionKeys": "",
                "dependentActions": [
                    ""
                ]
            },
            {
                "name": "UpdateRefreshSchedule",
                "description": "Grants permission to update a refresh schedule for a dataset",
                "access level": "Write",
                "resource types": [
                    "refreshschedule*"
                ],
                "conditionKeys": "",
                "dependentActions": [
                    ""
                ]
            },
            {
                "name": "UpdateResourcePermissions [permission only]",
                "description": "Grants permission to update resource-level permissions in QuickSight",
                "access level": "Write",
                "resource types": [
                    ""
                ],
                "conditionKeys": "",
                "dependentActions": [
                    ""
                ]
            },
            {
                "name": "UpdateTemplate",
                "description": "Grants permission to update a template",
                "access level": "Write",
                "resource types": [
                    "template*"
                ],
                "conditionKeys": "",
                "dependentActions": [
                    ""
                ]
            },
            {
                "name": "UpdateTemplateAlias",
                "description": "Grants permission to update a template alias",
                "access level": "Write",
                "resource types": [
                    "template*"
                ],
                "conditionKeys": "",
                "dependentActions": [
                    ""
                ]
            },
            {
                "name": "UpdateTemplatePermissions",
                "description": "Grants permission to update permissions for a template",
                "access level": "Permissions management",
                "resource types": [
                    "template*"
                ],
                "conditionKeys": "",
                "dependentActions": [
                    ""
                ]
            },
            {
                "name": "UpdateTheme",
                "description": "Grants permission to update a theme",
                "access level": "Write",
                "resource types": [
                    "theme*"
                ],
                "conditionKeys": "",
                "dependentActions": [
                    ""
                ]
            },
            {
                "name": "UpdateThemeAlias",
                "description": "Grants permission to update the alias of a theme",
                "access level": "Write",
                "resource types": [
                    "theme*"
                ],
                "conditionKeys": "",
                "dependentActions": [
                    ""
                ]
            },
            {
                "name": "UpdateThemePermissions",
                "description": "Grants permission to update permissions for a theme",
                "access level": "Permissions management",
                "resource types": [
                    "theme*"
                ],
                "conditionKeys": "",
                "dependentActions": [
                    ""
                ]
            },
            {
                "name": "UpdateTopic",
                "description": "Grants permission to update a topic",
                "access level": "Write",
                "resource types": [
                    "topic*"
                ],
                "conditionKeys": "",
                "dependentActions": [
                    "quicksight:PassDataSet"
                ]
            },
            {
                "name": "UpdateTopicPermissions",
                "description": "Grants permission to update the resource policy of a topic",
                "access level": "Permissions management",
                "resource types": [
                    "topic*"
                ],
                "conditionKeys": "",
                "dependentActions": [
                    ""
                ]
            },
            {
                "name": "UpdateTopicRefreshSchedule",
                "description": "Grants permission to update a refresh schedule for a topic",
                "access level": "Write",
                "resource types": [
                    "topic*"
                ],
                "conditionKeys": "",
                "dependentActions": [
                    ""
                ]
            },
            {
                "name": "UpdateUser",
                "description": "Grants permission to update an Amazon QuickSight user",
                "access level": "Write",
                "resource types": [
                    "user*"
                ],
                "conditionKeys": "",
                "dependentActions": [
                    ""
                ]
            },
            {
                "name": "UpdateVPCConnection",
                "description": "Grants permission to update a vpc connection",
                "access level": "Write",
                "resource types": [
                    "vpcconnection*"
                ],
                "conditionKeys": "",
                "dependentActions": [
                    "iam:PassRole"
                ]
            }
        ]
    },
    {
        "resources": [
            {
                "resource_type": "account",
                "ARN": "arn:${Partition}:quicksight:${Region}:${Account}:account/${ResourceId}",
                "conditionKeys": ""
            },
            {
                "resource_type": "user",
                "ARN": "arn:${Partition}:quicksight:${Region}:${Account}:user/${ResourceId}",
                "conditionKeys": ""
            },
            {
                "resource_type": "group",
                "ARN": "arn:${Partition}:quicksight:${Region}:${Account}:group/${ResourceId}",
                "conditionKeys": ""
            },
            {
                "resource_type": "analysis",
                "ARN": "arn:${Partition}:quicksight:${Region}:${Account}:analysis/${ResourceId}",
                "conditionKeys": "aws:ResourceTag/${TagKey}"
            },
            {
                "resource_type": "dashboard",
                "ARN": "arn:${Partition}:quicksight:${Region}:${Account}:dashboard/${ResourceId}",
                "conditionKeys": "aws:ResourceTag/${TagKey}"
            },
            {
                "resource_type": "template",
                "ARN": "arn:${Partition}:quicksight:${Region}:${Account}:template/${ResourceId}",
                "conditionKeys": "aws:ResourceTag/${TagKey}"
            },
            {
                "resource_type": "vpcconnection",
                "ARN": "arn:${Partition}:quicksight:${Region}:${Account}:vpcConnection/${ResourceId}",
                "conditionKeys": "aws:ResourceTag/${TagKey}"
            },
            {
                "resource_type": "assetBundleExportJob",
                "ARN": "arn:${Partition}:quicksight:${Region}:${Account}:asset-bundle-export-job/${ResourceId}",
                "conditionKeys": ""
            },
            {
                "resource_type": "assetBundleImportJob",
                "ARN": "arn:${Partition}:quicksight:${Region}:${Account}:asset-bundle-import-job/${ResourceId}",
                "conditionKeys": ""
            },
            {
                "resource_type": "datasource",
                "ARN": "arn:${Partition}:quicksight:${Region}:${Account}:datasource/${ResourceId}",
                "conditionKeys": "aws:ResourceTag/${TagKey}"
            },
            {
                "resource_type": "dataset",
                "ARN": "arn:${Partition}:quicksight:${Region}:${Account}:dataset/${ResourceId}",
                "conditionKeys": "aws:ResourceTag/${TagKey}"
            },
            {
                "resource_type": "ingestion",
                "ARN": "arn:${Partition}:quicksight:${Region}:${Account}:dataset/${DatasetId}/ingestion/${ResourceId}",
                "conditionKeys": "aws:ResourceTag/${TagKey}"
            },
            {
                "resource_type": "refreshschedule",
                "ARN": "arn:${Partition}:quicksight:${Region}:${Account}:dataset/${DatasetId}/refresh-schedule/${ResourceId}",
                "conditionKeys": ""
            },
            {
                "resource_type": "theme",
                "ARN": "arn:${Partition}:quicksight:${Region}:${Account}:theme/${ResourceId}",
                "conditionKeys": "aws:ResourceTag/${TagKey}"
            },
            {
                "resource_type": "assignment",
                "ARN": "arn:${Partition}:quicksight::${Account}:assignment/${ResourceId}",
                "conditionKeys": ""
            },
            {
                "resource_type": "customization",
                "ARN": "arn:${Partition}:quicksight:${Region}:${Account}:customization/${ResourceId}",
                "conditionKeys": "aws:ResourceTag/${TagKey}"
            },
            {
                "resource_type": "namespace",
                "ARN": "arn:${Partition}:quicksight:${Region}:${Account}:namespace/${ResourceId}",
                "conditionKeys": ""
            },
            {
                "resource_type": "folder",
                "ARN": "arn:${Partition}:quicksight:${Region}:${Account}:folder/${ResourceId}",
                "conditionKeys": "aws:ResourceTag/${TagKey}"
            },
            {
                "resource_type": "emailCustomizationTemplate",
                "ARN": "arn:${Partition}:quicksight:${Region}:${Account}:email-customization-template/${ResourceId}",
                "conditionKeys": ""
            },
            {
                "resource_type": "topic",
                "ARN": "arn:${Partition}:quicksight:${Region}:${Account}:topic/${ResourceId}",
                "conditionKeys": "aws:ResourceTag/${TagKey}"
            }
        ]
    },
    {
        "conditions": [
            {
                "Condition keys": "aws:RequestTag/${TagKey}",
                "Description": "Filters access by tag key-value pairs in the request",
                "Type": "String"
            },
            {
                "Condition keys": "aws:ResourceTag/${TagKey}",
                "Description": "Filters access by tag key-value pairs attached to the resource",
                "Type": "String"
            },
            {
                "Condition keys": "aws:TagKeys",
                "Description": "Filters access by tag keys",
                "Type": "ArrayOfString"
            },
            {
                "Condition keys": "quicksight:AllowedEmbeddingDomains",
                "Description": "Filters access by the allowed embedding domains",
                "Type": "ArrayOfString"
            },
            {
                "Condition keys": "quicksight:DirectoryType",
                "Description": "Filters access by the user management options",
                "Type": "String"
            },
            {
                "Condition keys": "quicksight:Edition",
                "Description": "Filters access by the edition of QuickSight",
                "Type": "String"
            },
            {
                "Condition keys": "quicksight:IamArn",
                "Description": "Filters access by IAM user or role ARN",
                "Type": "String"
            },
            {
                "Condition keys": "quicksight:SessionName",
                "Description": "Filters access by session name",
                "Type": "String"
            },
            {
                "Condition keys": "quicksight:UserName",
                "Description": "Filters access by user name",
                "Type": "String"
            }
        ]
    }
]