[
    {
        "prefix_item": "ram"
    },
    {
        "link": "https://docs.aws.amazon.com/service-authorization/latest/reference/./list_awsresourceaccessmanagerram.html"
    },
    {
        "actions": [
            {
                "name": "AcceptResourceShareInvitation",
                "description": "Grants permission to accept the specified resource share invitation",
                "access level": "Write",
                "resource types": [
                    "resource-share-invitation*"
                ],
                "conditionKeys": "",
                "dependentActions": [
                    ""
                ]
            },
            {
                "name": "AssociateResourceShare",
                "description": "Grants permission to associate resource(s) and/or principal(s) to a resource share",
                "access level": "Write",
                "resource types": [
                    "resource-share*"
                ],
                "conditionKeys": "",
                "dependentActions": [
                    ""
                ]
            },
            {
                "name": "AssociateResourceSharePermission",
                "description": "Grants permission to associate a Permission with a Resource Share",
                "access level": "Write",
                "resource types": [
                    "customer-managed-permission*"
                ],
                "conditionKeys": "",
                "dependentActions": [
                    ""
                ]
            },
            {
                "name": "CreatePermission",
                "description": "Grants permission to create a Permission that can be associated to a Resource Share",
                "access level": "Write",
                "resource types": [
                    ""
                ],
                "conditionKeys": "ram:PermissionArn\n\n\nram:PermissionResourceType\n\n\naws:ResourceTag/${TagKey}\n\n\naws:RequestTag/${TagKey}\n\n\naws:TagKeys",
                "dependentActions": [
                    "ram:TagResource"
                ]
            },
            {
                "name": "CreatePermissionVersion",
                "description": "Grants permission to create a new version of a Permission that can be associated to a Resource Share",
                "access level": "Write",
                "resource types": [
                    "customer-managed-permission*"
                ],
                "conditionKeys": "",
                "dependentActions": [
                    ""
                ]
            },
            {
                "name": "CreateResourceShare",
                "description": "Grants permission to create a resource share with provided resource(s) and/or principal(s)",
                "access level": "Write",
                "resource types": [
                    ""
                ],
                "conditionKeys": "aws:RequestTag/${TagKey}\n\n\naws:TagKeys\n\n\nram:RequestedResourceType\n\n\nram:ResourceArn\n\n\nram:RequestedAllowsExternalPrincipals\n\n\nram:Principal",
                "dependentActions": [
                    ""
                ]
            },
            {
                "name": "DeletePermission",
                "description": "Grants permission to delete a specified Permission",
                "access level": "Write",
                "resource types": [
                    "customer-managed-permission*"
                ],
                "conditionKeys": "",
                "dependentActions": [
                    ""
                ]
            },
            {
                "name": "DeletePermissionVersion",
                "description": "Grants permission to delete a specified version of a permission",
                "access level": "Write",
                "resource types": [
                    "customer-managed-permission*"
                ],
                "conditionKeys": "",
                "dependentActions": [
                    ""
                ]
            },
            {
                "name": "DeleteResourceShare",
                "description": "Grants permission to delete resource share",
                "access level": "Write",
                "resource types": [
                    "resource-share*"
                ],
                "conditionKeys": "",
                "dependentActions": [
                    ""
                ]
            },
            {
                "name": "DisassociateResourceShare",
                "description": "Grants permission to disassociate resource(s) and/or principal(s) from a resource share",
                "access level": "Write",
                "resource types": [
                    "resource-share*"
                ],
                "conditionKeys": "",
                "dependentActions": [
                    ""
                ]
            },
            {
                "name": "DisassociateResourceSharePermission",
                "description": "Grants permission to disassociate a Permission from a Resource Share",
                "access level": "Write",
                "resource types": [
                    "customer-managed-permission*"
                ],
                "conditionKeys": "",
                "dependentActions": [
                    ""
                ]
            },
            {
                "name": "EnableSharingWithAwsOrganization",
                "description": "Grants permission to access customer's organization and create a SLR in the customer's account",
                "access level": "Permissions management",
                "resource types": [
                    ""
                ],
                "conditionKeys": "",
                "dependentActions": [
                    "iam:CreateServiceLinkedRole\n                            \n\n                                organizations:DescribeOrganization\n                            \n\n                                organizations:EnableAWSServiceAccess"
                ]
            },
            {
                "name": "GetPermission",
                "description": "Grants permission to get the contents of an AWS RAM permission",
                "access level": "Read",
                "resource types": [
                    "customer-managed-permission*"
                ],
                "conditionKeys": "",
                "dependentActions": [
                    ""
                ]
            },
            {
                "name": "GetResourcePolicies",
                "description": "Grants permission to get the policies for the specified resources that you own and have shared",
                "access level": "Read",
                "resource types": [
                    ""
                ],
                "conditionKeys": "",
                "dependentActions": [
                    ""
                ]
            },
            {
                "name": "GetResourceShareAssociations",
                "description": "Grants permission to get a set of resource share associations from a provided list or with a specified status of the specified type",
                "access level": "Read",
                "resource types": [
                    ""
                ],
                "conditionKeys": "",
                "dependentActions": [
                    ""
                ]
            },
            {
                "name": "GetResourceShareInvitations",
                "description": "Grants permission to get resource share invitations by the specified invitation arn or those for the resource share",
                "access level": "Read",
                "resource types": [
                    ""
                ],
                "conditionKeys": "",
                "dependentActions": [
                    ""
                ]
            },
            {
                "name": "GetResourceShares",
                "description": "Grants permission to get a set of resource shares from a provided list or with a specified status",
                "access level": "Read",
                "resource types": [
                    ""
                ],
                "conditionKeys": "aws:RequestTag/${TagKey}\n\n\naws:TagKeys",
                "dependentActions": [
                    ""
                ]
            },
            {
                "name": "ListPendingInvitationResources",
                "description": "Grants permission to list the resources in a resource share that is shared with you but that the invitation is still pending for",
                "access level": "Read",
                "resource types": [
                    "resource-share-invitation*"
                ],
                "conditionKeys": "",
                "dependentActions": [
                    ""
                ]
            },
            {
                "name": "ListPermissionAssociations",
                "description": "Grants permission to list information about the permission and any associations",
                "access level": "List",
                "resource types": [
                    "customer-managed-permission*"
                ],
                "conditionKeys": "",
                "dependentActions": [
                    ""
                ]
            },
            {
                "name": "ListPermissionVersions",
                "description": "Grants permission to list the versions of an AWS RAM permission",
                "access level": "List",
                "resource types": [
                    ""
                ],
                "conditionKeys": "",
                "dependentActions": [
                    ""
                ]
            },
            {
                "name": "ListPermissions",
                "description": "Grants permission to list the AWS RAM permissions",
                "access level": "List",
                "resource types": [
                    ""
                ],
                "conditionKeys": "",
                "dependentActions": [
                    ""
                ]
            },
            {
                "name": "ListPrincipals",
                "description": "Grants permission to list the principals that you have shared resources with or that have shared resources with you",
                "access level": "List",
                "resource types": [
                    ""
                ],
                "conditionKeys": "",
                "dependentActions": [
                    ""
                ]
            },
            {
                "name": "ListReplacePermissionAssociationsWork",
                "description": "Grants permission to retrieve the status of the asynchronous permission replacement",
                "access level": "List",
                "resource types": [
                    ""
                ],
                "conditionKeys": "",
                "dependentActions": [
                    ""
                ]
            },
            {
                "name": "ListResourceSharePermissions",
                "description": "Grants permission to list the Permissions associated with a Resource Share",
                "access level": "List",
                "resource types": [
                    "resource-share*"
                ],
                "conditionKeys": "",
                "dependentActions": [
                    ""
                ]
            },
            {
                "name": "ListResourceTypes",
                "description": "Grants permission to list the shareable resource types supported by AWS RAM",
                "access level": "List",
                "resource types": [
                    ""
                ],
                "conditionKeys": "",
                "dependentActions": [
                    ""
                ]
            },
            {
                "name": "ListResources",
                "description": "Grants permission to list the resources that you added to resource shares or the resources that are shared with you",
                "access level": "List",
                "resource types": [
                    ""
                ],
                "conditionKeys": "",
                "dependentActions": [
                    ""
                ]
            },
            {
                "name": "PromotePermissionCreatedFromPolicy",
                "description": "Grants permission to create a separate, fully manageable customer managed permission",
                "access level": "Write",
                "resource types": [
                    "customer-managed-permission*"
                ],
                "conditionKeys": "",
                "dependentActions": [
                    ""
                ]
            },
            {
                "name": "PromoteResourceShareCreatedFromPolicy",
                "description": "Grants permission to promote the specified resource share",
                "access level": "Write",
                "resource types": [
                    "resource-share*"
                ],
                "conditionKeys": "",
                "dependentActions": [
                    ""
                ]
            },
            {
                "name": "RejectResourceShareInvitation",
                "description": "Grants permission to reject the specified resource share invitation",
                "access level": "Write",
                "resource types": [
                    "resource-share-invitation*"
                ],
                "conditionKeys": "",
                "dependentActions": [
                    ""
                ]
            },
            {
                "name": "ReplacePermissionAssociations",
                "description": "Grants permission to update all resource shares to a new permission",
                "access level": "Write",
                "resource types": [
                    "customer-managed-permission*"
                ],
                "conditionKeys": "",
                "dependentActions": [
                    ""
                ]
            },
            {
                "name": "SetDefaultPermissionVersion",
                "description": "Grants permission to specify a version number as the default version for the respective customer managed permission",
                "access level": "Write",
                "resource types": [
                    "customer-managed-permission*"
                ],
                "conditionKeys": "",
                "dependentActions": [
                    ""
                ]
            },
            {
                "name": "TagResource",
                "description": "Grants permission to tag the specified resource share or permission",
                "access level": "Tagging",
                "resource types": [
                    "customer-managed-permission"
                ],
                "conditionKeys": "",
                "dependentActions": [
                    ""
                ]
            },
            {
                "name": "UntagResource",
                "description": "Grants permission to untag the specified resource share or permission",
                "access level": "Tagging",
                "resource types": [
                    "customer-managed-permission"
                ],
                "conditionKeys": "",
                "dependentActions": [
                    ""
                ]
            },
            {
                "name": "UpdateResourceShare",
                "description": "Grants permission to update attributes of the resource share",
                "access level": "Write",
                "resource types": [
                    "resource-share*"
                ],
                "conditionKeys": "",
                "dependentActions": [
                    ""
                ]
            }
        ]
    },
    {
        "resources": [
            {
                "resource_type": "resource-share",
                "ARN": "arn:${Partition}:ram:${Region}:${Account}:resource-share/${ResourcePath}",
                "conditionKeys": "aws:ResourceTag/${TagKey}\n\n\nram:AllowsExternalPrincipals\n\n\nram:ResourceShareName"
            },
            {
                "resource_type": "resource-share-invitation",
                "ARN": "arn:${Partition}:ram:${Region}:${Account}:resource-share-invitation/${ResourcePath}",
                "conditionKeys": "ram:ShareOwnerAccountId"
            },
            {
                "resource_type": "permission",
                "ARN": "arn:${Partition}:ram::${Account}:permission/${ResourcePath}",
                "conditionKeys": "ram:PermissionArn\n\n\nram:PermissionResourceType"
            },
            {
                "resource_type": "customer-managed-permission",
                "ARN": "arn:${Partition}:ram:${Region}:${Account}:permission/${ResourcePath}",
                "conditionKeys": "aws:ResourceTag/${TagKey}\n\n\nram:PermissionArn\n\n\nram:PermissionResourceType"
            }
        ]
    },
    {
        "conditions": [
            {
                "Condition keys": "aws:RequestTag/${TagKey}",
                "Description": "Filters access by the tags that are passed in the request when creating or tagging a resource share. If users don't pass these specific tags, or if they don't specify tags at all, the request fails",
                "Type": "String"
            },
            {
                "Condition keys": "aws:ResourceTag/${TagKey}",
                "Description": "Filters access by the tags associated with the resource",
                "Type": "String"
            },
            {
                "Condition keys": "aws:TagKeys",
                "Description": "Filters access by the tag keys that are passed when creating or tagging a resource share",
                "Type": "ArrayOfString"
            },
            {
                "Condition keys": "ram:AllowsExternalPrincipals",
                "Description": "Filters access by resource shares that allow or deny sharing with external principals. For example, specify true if the action can only be performed on resource shares that allow sharing with external principals. External principals are AWS accounts that are outside of its AWS organization",
                "Type": "Bool"
            },
            {
                "Condition keys": "ram:PermissionArn",
                "Description": "Filters access by the specified Permission ARN",
                "Type": "ARN"
            },
            {
                "Condition keys": "ram:PermissionResourceType",
                "Description": "Filters access by permissions of specified resource type",
                "Type": "String"
            },
            {
                "Condition keys": "ram:Principal",
                "Description": "Filters access by format of the specified principal",
                "Type": "String"
            },
            {
                "Condition keys": "ram:RequestedAllowsExternalPrincipals",
                "Description": "Filters access by the specified value for 'allowExternalPrincipals'. External principals are AWS accounts that are outside of its AWS Organization",
                "Type": "Bool"
            },
            {
                "Condition keys": "ram:RequestedResourceType",
                "Description": "Filters access by the specified resource type",
                "Type": "String"
            },
            {
                "Condition keys": "ram:ResourceArn",
                "Description": "Filters access by  the specified ARN",
                "Type": "ARN"
            },
            {
                "Condition keys": "ram:ResourceShareName",
                "Description": "Filters access by a resource share with the specified name",
                "Type": "String"
            },
            {
                "Condition keys": "ram:ResourceTag/${TagKey}",
                "Description": "Filters access by the tags associated with the resource",
                "Type": "String"
            },
            {
                "Condition keys": "ram:ShareOwnerAccountId",
                "Description": "Filters access by resource shares owned by a specific account. For example, you can use this condition key to specify which resource share invitations can be accepted or rejected based on the resource share owner\u2019s account ID",
                "Type": "String"
            }
        ]
    }
]