[
    {
        "prefix_item": "redshift"
    },
    {
        "link": "https://docs.aws.amazon.com/service-authorization/latest/reference/./list_amazonredshift.html"
    },
    {
        "actions": [
            {
                "name": "AcceptReservedNodeExchange",
                "description": "Grants permission to exchange a DC1 reserved node for a DC2 reserved node with no changes to the configuration",
                "access level": "Write",
                "resource types": [
                    ""
                ],
                "conditionKeys": "",
                "dependentActions": [
                    ""
                ]
            },
            {
                "name": "AddPartner",
                "description": "Grants permission to add a partner integration to a cluster",
                "access level": "Write",
                "resource types": [
                    ""
                ],
                "conditionKeys": "",
                "dependentActions": [
                    ""
                ]
            },
            {
                "name": "AssociateDataShareConsumer",
                "description": "Grants permission to associate a consumer to a datashare",
                "access level": "Write",
                "resource types": [
                    "datashare*"
                ],
                "conditionKeys": "",
                "dependentActions": [
                    ""
                ]
            },
            {
                "name": "AuthorizeClusterSecurityGroupIngress",
                "description": "Grants permission to add an inbound (ingress) rule to an Amazon Redshift security group",
                "access level": "Write",
                "resource types": [
                    "securitygroup*"
                ],
                "conditionKeys": "",
                "dependentActions": [
                    ""
                ]
            },
            {
                "name": "AuthorizeDataShare",
                "description": "Grants permission to authorize the specified datashare consumer to consume a datashare",
                "access level": "Permissions management",
                "resource types": [
                    "datashare*"
                ],
                "conditionKeys": "",
                "dependentActions": [
                    ""
                ]
            },
            {
                "name": "AuthorizeEndpointAccess",
                "description": "Grants permission to authorize endpoint related activities for redshift-managed vpc endpoint",
                "access level": "Permissions management",
                "resource types": [
                    ""
                ],
                "conditionKeys": "",
                "dependentActions": [
                    ""
                ]
            },
            {
                "name": "AuthorizeSnapshotAccess",
                "description": "Grants permission to the specified AWS account to restore a snapshot",
                "access level": "Permissions management",
                "resource types": [
                    "snapshot*"
                ],
                "conditionKeys": "",
                "dependentActions": [
                    ""
                ]
            },
            {
                "name": "BatchDeleteClusterSnapshots",
                "description": "Grants permission to delete snapshots in a batch of size upto 100",
                "access level": "Write",
                "resource types": [
                    "snapshot*"
                ],
                "conditionKeys": "",
                "dependentActions": [
                    ""
                ]
            },
            {
                "name": "BatchModifyClusterSnapshots",
                "description": "Grants permission to modify settings for a list of snapshots",
                "access level": "Write",
                "resource types": [
                    "snapshot*"
                ],
                "conditionKeys": "",
                "dependentActions": [
                    ""
                ]
            },
            {
                "name": "CancelQuery [permission only]",
                "description": "Grants permission to cancel a query through the Amazon Redshift console",
                "access level": "Write",
                "resource types": [
                    ""
                ],
                "conditionKeys": "",
                "dependentActions": [
                    ""
                ]
            },
            {
                "name": "CancelQuerySession [permission only]",
                "description": "Grants permission to see queries in the Amazon Redshift console",
                "access level": "Write",
                "resource types": [
                    ""
                ],
                "conditionKeys": "",
                "dependentActions": [
                    ""
                ]
            },
            {
                "name": "CancelResize",
                "description": "Grants permission to cancel a resize operation",
                "access level": "Write",
                "resource types": [
                    "cluster*"
                ],
                "conditionKeys": "",
                "dependentActions": [
                    ""
                ]
            },
            {
                "name": "CopyClusterSnapshot",
                "description": "Grants permission to copy a cluster snapshot",
                "access level": "Write",
                "resource types": [
                    "snapshot*"
                ],
                "conditionKeys": "",
                "dependentActions": [
                    ""
                ]
            },
            {
                "name": "CreateAuthenticationProfile",
                "description": "Grants permission to create an Amazon Redshift authentication profile",
                "access level": "Write",
                "resource types": [
                    ""
                ],
                "conditionKeys": "",
                "dependentActions": [
                    ""
                ]
            },
            {
                "name": "CreateCluster",
                "description": "Grants permission to create a cluster",
                "access level": "Write",
                "resource types": [
                    "cluster*"
                ],
                "conditionKeys": "",
                "dependentActions": [
                    ""
                ]
            },
            {
                "name": "CreateClusterParameterGroup",
                "description": "Grants permission to create an Amazon Redshift parameter group",
                "access level": "Write",
                "resource types": [
                    "parametergroup*"
                ],
                "conditionKeys": "",
                "dependentActions": [
                    ""
                ]
            },
            {
                "name": "CreateClusterSecurityGroup",
                "description": "Grants permission to create an Amazon Redshift security group",
                "access level": "Write",
                "resource types": [
                    "securitygroup*"
                ],
                "conditionKeys": "",
                "dependentActions": [
                    ""
                ]
            },
            {
                "name": "CreateClusterSnapshot",
                "description": "Grants permission to create a manual snapshot of the specified cluster",
                "access level": "Write",
                "resource types": [
                    "snapshot*"
                ],
                "conditionKeys": "",
                "dependentActions": [
                    ""
                ]
            },
            {
                "name": "CreateClusterSubnetGroup",
                "description": "Grants permission to create an Amazon Redshift subnet group",
                "access level": "Write",
                "resource types": [
                    "subnetgroup*"
                ],
                "conditionKeys": "",
                "dependentActions": [
                    ""
                ]
            },
            {
                "name": "CreateClusterUser",
                "description": "Grants permission to automatically create the specified Amazon Redshift user if it does not exist",
                "access level": "Permissions management",
                "resource types": [
                    "dbuser*"
                ],
                "conditionKeys": "",
                "dependentActions": [
                    ""
                ]
            },
            {
                "name": "CreateEndpointAccess",
                "description": "Grants permission to create a redshift-managed vpc endpoint",
                "access level": "Write",
                "resource types": [
                    ""
                ],
                "conditionKeys": "",
                "dependentActions": [
                    ""
                ]
            },
            {
                "name": "CreateEventSubscription",
                "description": "Grants permission to create an Amazon Redshift event notification subscription",
                "access level": "Write",
                "resource types": [
                    "eventsubscription*"
                ],
                "conditionKeys": "",
                "dependentActions": [
                    ""
                ]
            },
            {
                "name": "CreateHsmClientCertificate",
                "description": "Grants permission to create an HSM client certificate that a cluster uses to connect to an HSM",
                "access level": "Write",
                "resource types": [
                    "hsmclientcertificate*"
                ],
                "conditionKeys": "",
                "dependentActions": [
                    ""
                ]
            },
            {
                "name": "CreateHsmConfiguration",
                "description": "Grants permission to create an HSM configuration that contains information required by a cluster to store and use database encryption keys in a hardware security module (HSM)",
                "access level": "Write",
                "resource types": [
                    "hsmconfiguration*"
                ],
                "conditionKeys": "",
                "dependentActions": [
                    ""
                ]
            },
            {
                "name": "CreateSavedQuery [permission only]",
                "description": "Grants permission to create saved SQL queries through the Amazon Redshift console",
                "access level": "Write",
                "resource types": [
                    ""
                ],
                "conditionKeys": "",
                "dependentActions": [
                    ""
                ]
            },
            {
                "name": "CreateScheduledAction",
                "description": "Grants permission to create an Amazon Redshift scheduled action",
                "access level": "Write",
                "resource types": [
                    ""
                ],
                "conditionKeys": "",
                "dependentActions": [
                    ""
                ]
            },
            {
                "name": "CreateSnapshotCopyGrant",
                "description": "Grants permission to create a snapshot copy grant and encrypt copied snapshots in a destination AWS Region",
                "access level": "Permissions management",
                "resource types": [
                    "snapshotcopygrant*"
                ],
                "conditionKeys": "",
                "dependentActions": [
                    ""
                ]
            },
            {
                "name": "CreateSnapshotSchedule",
                "description": "Grants permission to create a snapshot schedule",
                "access level": "Write",
                "resource types": [
                    "snapshotschedule*"
                ],
                "conditionKeys": "",
                "dependentActions": [
                    ""
                ]
            },
            {
                "name": "CreateTags",
                "description": "Grants permission to add one or more tags to a specified resource",
                "access level": "Tagging",
                "resource types": [
                    "cluster"
                ],
                "conditionKeys": "",
                "dependentActions": [
                    ""
                ]
            },
            {
                "name": "CreateUsageLimit",
                "description": "Grants permission to create a usage limit",
                "access level": "Write",
                "resource types": [
                    "usagelimit*"
                ],
                "conditionKeys": "",
                "dependentActions": [
                    ""
                ]
            },
            {
                "name": "DeauthorizeDataShare",
                "description": "Grants permission to remove permission from the specified datashare consumer to consume a datashare",
                "access level": "Permissions management",
                "resource types": [
                    "datashare*"
                ],
                "conditionKeys": "",
                "dependentActions": [
                    ""
                ]
            },
            {
                "name": "DeleteAuthenticationProfile",
                "description": "Grants permission to delete an Amazon Redshift authentication profile",
                "access level": "Write",
                "resource types": [
                    ""
                ],
                "conditionKeys": "",
                "dependentActions": [
                    ""
                ]
            },
            {
                "name": "DeleteCluster",
                "description": "Grants permission to delete a previously provisioned cluster",
                "access level": "Write",
                "resource types": [
                    "cluster*"
                ],
                "conditionKeys": "",
                "dependentActions": [
                    ""
                ]
            },
            {
                "name": "DeleteClusterParameterGroup",
                "description": "Grants permission to delete an Amazon Redshift parameter group",
                "access level": "Write",
                "resource types": [
                    "parametergroup*"
                ],
                "conditionKeys": "",
                "dependentActions": [
                    ""
                ]
            },
            {
                "name": "DeleteClusterSecurityGroup",
                "description": "Grants permission to delete an Amazon Redshift security group",
                "access level": "Write",
                "resource types": [
                    "securitygroup*"
                ],
                "conditionKeys": "",
                "dependentActions": [
                    ""
                ]
            },
            {
                "name": "DeleteClusterSnapshot",
                "description": "Grants permission to delete a manual snapshot",
                "access level": "Write",
                "resource types": [
                    "snapshot*"
                ],
                "conditionKeys": "",
                "dependentActions": [
                    ""
                ]
            },
            {
                "name": "DeleteClusterSubnetGroup",
                "description": "Grants permission to delete a cluster subnet group",
                "access level": "Write",
                "resource types": [
                    "subnetgroup*"
                ],
                "conditionKeys": "",
                "dependentActions": [
                    ""
                ]
            },
            {
                "name": "DeleteEndpointAccess",
                "description": "Grants permission to delete a redshift-managed vpc endpoint",
                "access level": "Write",
                "resource types": [
                    ""
                ],
                "conditionKeys": "",
                "dependentActions": [
                    ""
                ]
            },
            {
                "name": "DeleteEventSubscription",
                "description": "Grants permission to delete an Amazon Redshift event notification subscription",
                "access level": "Write",
                "resource types": [
                    "eventsubscription*"
                ],
                "conditionKeys": "",
                "dependentActions": [
                    ""
                ]
            },
            {
                "name": "DeleteHsmClientCertificate",
                "description": "Grants permission to delete an HSM client certificate",
                "access level": "Write",
                "resource types": [
                    "hsmclientcertificate*"
                ],
                "conditionKeys": "",
                "dependentActions": [
                    ""
                ]
            },
            {
                "name": "DeleteHsmConfiguration",
                "description": "Grants permission to delete an Amazon Redshift HSM configuration",
                "access level": "Write",
                "resource types": [
                    "hsmconfiguration*"
                ],
                "conditionKeys": "",
                "dependentActions": [
                    ""
                ]
            },
            {
                "name": "DeletePartner",
                "description": "Grants permission to delete a partner integration from a cluster",
                "access level": "Write",
                "resource types": [
                    ""
                ],
                "conditionKeys": "",
                "dependentActions": [
                    ""
                ]
            },
            {
                "name": "DeleteSavedQueries [permission only]",
                "description": "Grants permission to delete saved SQL queries through the Amazon Redshift console",
                "access level": "Write",
                "resource types": [
                    ""
                ],
                "conditionKeys": "",
                "dependentActions": [
                    ""
                ]
            },
            {
                "name": "DeleteScheduledAction",
                "description": "Grants permission to delete an Amazon Redshift scheduled action",
                "access level": "Write",
                "resource types": [
                    ""
                ],
                "conditionKeys": "",
                "dependentActions": [
                    ""
                ]
            },
            {
                "name": "DeleteSnapshotCopyGrant",
                "description": "Grants permission to delete a snapshot copy grant",
                "access level": "Write",
                "resource types": [
                    "snapshotcopygrant*"
                ],
                "conditionKeys": "",
                "dependentActions": [
                    ""
                ]
            },
            {
                "name": "DeleteSnapshotSchedule",
                "description": "Grants permission to delete a snapshot schedule",
                "access level": "Write",
                "resource types": [
                    "snapshotschedule*"
                ],
                "conditionKeys": "",
                "dependentActions": [
                    ""
                ]
            },
            {
                "name": "DeleteTags",
                "description": "Grants permission to delete a tag or tags from a resource",
                "access level": "Tagging",
                "resource types": [
                    "cluster"
                ],
                "conditionKeys": "",
                "dependentActions": [
                    ""
                ]
            },
            {
                "name": "DeleteUsageLimit",
                "description": "Grants permission to delete a usage limit",
                "access level": "Write",
                "resource types": [
                    "usagelimit*"
                ],
                "conditionKeys": "",
                "dependentActions": [
                    ""
                ]
            },
            {
                "name": "DescribeAccountAttributes",
                "description": "Grants permission to describe attributes attached to the specified AWS account",
                "access level": "Read",
                "resource types": [
                    ""
                ],
                "conditionKeys": "",
                "dependentActions": [
                    ""
                ]
            },
            {
                "name": "DescribeAuthenticationProfiles",
                "description": "Grants permission to describe created Amazon Redshift authentication profiles",
                "access level": "Read",
                "resource types": [
                    ""
                ],
                "conditionKeys": "",
                "dependentActions": [
                    ""
                ]
            },
            {
                "name": "DescribeClusterDbRevisions",
                "description": "Grants permission to describe database revisions for a cluster",
                "access level": "List",
                "resource types": [
                    ""
                ],
                "conditionKeys": "",
                "dependentActions": [
                    ""
                ]
            },
            {
                "name": "DescribeClusterParameterGroups",
                "description": "Grants permission to describe Amazon Redshift parameter groups, including parameter groups you created and the default parameter group",
                "access level": "Read",
                "resource types": [
                    ""
                ],
                "conditionKeys": "",
                "dependentActions": [
                    ""
                ]
            },
            {
                "name": "DescribeClusterParameters",
                "description": "Grants permission to describe parameters contained within an Amazon Redshift parameter group",
                "access level": "Read",
                "resource types": [
                    "parametergroup*"
                ],
                "conditionKeys": "",
                "dependentActions": [
                    ""
                ]
            },
            {
                "name": "DescribeClusterSecurityGroups",
                "description": "Grants permission to describe Amazon Redshift security groups",
                "access level": "Read",
                "resource types": [
                    ""
                ],
                "conditionKeys": "",
                "dependentActions": [
                    ""
                ]
            },
            {
                "name": "DescribeClusterSnapshots",
                "description": "Grants permission to describe one or more snapshot objects, which contain metadata about your cluster snapshots",
                "access level": "Read",
                "resource types": [
                    ""
                ],
                "conditionKeys": "",
                "dependentActions": [
                    ""
                ]
            },
            {
                "name": "DescribeClusterSubnetGroups",
                "description": "Grants permission to describe one or more cluster subnet group objects, which contain metadata about your cluster subnet groups",
                "access level": "Read",
                "resource types": [
                    ""
                ],
                "conditionKeys": "",
                "dependentActions": [
                    ""
                ]
            },
            {
                "name": "DescribeClusterTracks",
                "description": "Grants permission to describe available maintenance tracks",
                "access level": "List",
                "resource types": [
                    ""
                ],
                "conditionKeys": "",
                "dependentActions": [
                    ""
                ]
            },
            {
                "name": "DescribeClusterVersions",
                "description": "Grants permission to describe available Amazon Redshift cluster versions",
                "access level": "Read",
                "resource types": [
                    ""
                ],
                "conditionKeys": "",
                "dependentActions": [
                    ""
                ]
            },
            {
                "name": "DescribeClusters",
                "description": "Grants permission to describe properties of provisioned clusters",
                "access level": "List",
                "resource types": [
                    ""
                ],
                "conditionKeys": "",
                "dependentActions": [
                    ""
                ]
            },
            {
                "name": "DescribeDataShares",
                "description": "Grants permission to describe datashares created and consumed by your clusters",
                "access level": "Read",
                "resource types": [
                    ""
                ],
                "conditionKeys": "",
                "dependentActions": [
                    ""
                ]
            },
            {
                "name": "DescribeDataSharesForConsumer",
                "description": "Grants permission to describe only datashares consumed by your clusters",
                "access level": "Read",
                "resource types": [
                    ""
                ],
                "conditionKeys": "",
                "dependentActions": [
                    ""
                ]
            },
            {
                "name": "DescribeDataSharesForProducer",
                "description": "Grants permission to describe only datashares created by your clusters",
                "access level": "Read",
                "resource types": [
                    ""
                ],
                "conditionKeys": "",
                "dependentActions": [
                    ""
                ]
            },
            {
                "name": "DescribeDefaultClusterParameters",
                "description": "Grants permission to describe parameter settings for a parameter group family",
                "access level": "Read",
                "resource types": [
                    ""
                ],
                "conditionKeys": "",
                "dependentActions": [
                    ""
                ]
            },
            {
                "name": "DescribeEndpointAccess",
                "description": "Grants permission to describe redshift-managed vpc endpoints",
                "access level": "Read",
                "resource types": [
                    ""
                ],
                "conditionKeys": "",
                "dependentActions": [
                    ""
                ]
            },
            {
                "name": "DescribeEndpointAuthorization",
                "description": "Grants permission to authorize describe activity for redshift-managed vpc endpoint",
                "access level": "Permissions management",
                "resource types": [
                    ""
                ],
                "conditionKeys": "",
                "dependentActions": [
                    ""
                ]
            },
            {
                "name": "DescribeEventCategories",
                "description": "Grants permission to describe event categories for all event source types, or for a specified source type",
                "access level": "Read",
                "resource types": [
                    ""
                ],
                "conditionKeys": "",
                "dependentActions": [
                    ""
                ]
            },
            {
                "name": "DescribeEventSubscriptions",
                "description": "Grants permission to describe Amazon Redshift event notification subscriptions for the specified AWS account",
                "access level": "Read",
                "resource types": [
                    ""
                ],
                "conditionKeys": "",
                "dependentActions": [
                    ""
                ]
            },
            {
                "name": "DescribeEvents",
                "description": "Grants permission to describe events related to clusters, security groups, snapshots, and parameter groups for the past 14 days",
                "access level": "List",
                "resource types": [
                    ""
                ],
                "conditionKeys": "",
                "dependentActions": [
                    ""
                ]
            },
            {
                "name": "DescribeHsmClientCertificates",
                "description": "Grants permission to describe HSM client certificates",
                "access level": "Read",
                "resource types": [
                    ""
                ],
                "conditionKeys": "",
                "dependentActions": [
                    ""
                ]
            },
            {
                "name": "DescribeHsmConfigurations",
                "description": "Grants permission to describe Amazon Redshift HSM configurations",
                "access level": "Read",
                "resource types": [
                    ""
                ],
                "conditionKeys": "",
                "dependentActions": [
                    ""
                ]
            },
            {
                "name": "DescribeLoggingStatus",
                "description": "Grants permission to describe whether information, such as queries and connection attempts, is being logged for a cluster",
                "access level": "Read",
                "resource types": [
                    "cluster*"
                ],
                "conditionKeys": "",
                "dependentActions": [
                    ""
                ]
            },
            {
                "name": "DescribeNodeConfigurationOptions",
                "description": "Grants permission to describe properties of possible node configurations such as node type, number of nodes, and disk usage for the specified action type",
                "access level": "List",
                "resource types": [
                    ""
                ],
                "conditionKeys": "",
                "dependentActions": [
                    ""
                ]
            },
            {
                "name": "DescribeOrderableClusterOptions",
                "description": "Grants permission to describe orderable cluster options",
                "access level": "Read",
                "resource types": [
                    ""
                ],
                "conditionKeys": "",
                "dependentActions": [
                    ""
                ]
            },
            {
                "name": "DescribePartners",
                "description": "Grants permission to retrieve information about the partner integrations defined for a cluster",
                "access level": "Read",
                "resource types": [
                    ""
                ],
                "conditionKeys": "",
                "dependentActions": [
                    ""
                ]
            },
            {
                "name": "DescribeQuery [permission only]",
                "description": "Grants permission to describe a query through the Amazon Redshift console",
                "access level": "Read",
                "resource types": [
                    ""
                ],
                "conditionKeys": "",
                "dependentActions": [
                    ""
                ]
            },
            {
                "name": "DescribeReservedNodeExchangeStatus",
                "description": "Grants permission to describe exchange status details and associated metadata for a reserved-node exchange. Statuses include such values as in progress and requested",
                "access level": "Read",
                "resource types": [
                    ""
                ],
                "conditionKeys": "",
                "dependentActions": [
                    ""
                ]
            },
            {
                "name": "DescribeReservedNodeOfferings",
                "description": "Grants permission to describe available reserved node offerings by Amazon Redshift",
                "access level": "Read",
                "resource types": [
                    ""
                ],
                "conditionKeys": "",
                "dependentActions": [
                    ""
                ]
            },
            {
                "name": "DescribeReservedNodes",
                "description": "Grants permission to describe the reserved nodes",
                "access level": "Read",
                "resource types": [
                    ""
                ],
                "conditionKeys": "",
                "dependentActions": [
                    ""
                ]
            },
            {
                "name": "DescribeResize",
                "description": "Grants permission to describe the last resize operation for a cluster",
                "access level": "Read",
                "resource types": [
                    "cluster*"
                ],
                "conditionKeys": "",
                "dependentActions": [
                    ""
                ]
            },
            {
                "name": "DescribeSavedQueries [permission only]",
                "description": "Grants permission to describe saved queries through the Amazon Redshift console",
                "access level": "Read",
                "resource types": [
                    ""
                ],
                "conditionKeys": "",
                "dependentActions": [
                    ""
                ]
            },
            {
                "name": "DescribeScheduledActions",
                "description": "Grants permission to describe created Amazon Redshift scheduled actions",
                "access level": "Read",
                "resource types": [
                    ""
                ],
                "conditionKeys": "",
                "dependentActions": [
                    ""
                ]
            },
            {
                "name": "DescribeSnapshotCopyGrants",
                "description": "Grants permission to describe snapshot copy grants owned by the specified AWS account in the destination AWS Region",
                "access level": "Read",
                "resource types": [
                    ""
                ],
                "conditionKeys": "",
                "dependentActions": [
                    ""
                ]
            },
            {
                "name": "DescribeSnapshotSchedules",
                "description": "Grants permission to describe snapshot schedules",
                "access level": "Read",
                "resource types": [
                    "snapshotschedule*"
                ],
                "conditionKeys": "",
                "dependentActions": [
                    ""
                ]
            },
            {
                "name": "DescribeStorage",
                "description": "Grants permission to describe account level backups storage size and provisional storage",
                "access level": "Read",
                "resource types": [
                    ""
                ],
                "conditionKeys": "",
                "dependentActions": [
                    ""
                ]
            },
            {
                "name": "DescribeTable [permission only]",
                "description": "Grants permission to describe a table through the Amazon Redshift console",
                "access level": "Read",
                "resource types": [
                    ""
                ],
                "conditionKeys": "",
                "dependentActions": [
                    ""
                ]
            },
            {
                "name": "DescribeTableRestoreStatus",
                "description": "Grants permission to describe status of one or more table restore requests made using the RestoreTableFromClusterSnapshot API action",
                "access level": "Read",
                "resource types": [
                    ""
                ],
                "conditionKeys": "",
                "dependentActions": [
                    ""
                ]
            },
            {
                "name": "DescribeTags",
                "description": "Grants permission to describe tags",
                "access level": "Read",
                "resource types": [
                    "cluster"
                ],
                "conditionKeys": "",
                "dependentActions": [
                    ""
                ]
            },
            {
                "name": "DescribeUsageLimits",
                "description": "Grants permission to describe usage limits",
                "access level": "Read",
                "resource types": [
                    "usagelimit*"
                ],
                "conditionKeys": "",
                "dependentActions": [
                    ""
                ]
            },
            {
                "name": "DisableLogging",
                "description": "Grants permission to disable logging information, such as queries and connection attempts, for a cluster",
                "access level": "Write",
                "resource types": [
                    "cluster*"
                ],
                "conditionKeys": "",
                "dependentActions": [
                    ""
                ]
            },
            {
                "name": "DisableSnapshotCopy",
                "description": "Grants permission to disable the automatic copy of snapshots for a cluster",
                "access level": "Write",
                "resource types": [
                    "cluster*"
                ],
                "conditionKeys": "",
                "dependentActions": [
                    ""
                ]
            },
            {
                "name": "DisassociateDataShareConsumer",
                "description": "Grants permission to disassociate a consumer from a datashare",
                "access level": "Write",
                "resource types": [
                    "datashare*"
                ],
                "conditionKeys": "",
                "dependentActions": [
                    ""
                ]
            },
            {
                "name": "EnableLogging",
                "description": "Grants permission to enable logging information, such as queries and connection attempts, for a cluster",
                "access level": "Write",
                "resource types": [
                    "cluster*"
                ],
                "conditionKeys": "",
                "dependentActions": [
                    ""
                ]
            },
            {
                "name": "EnableSnapshotCopy",
                "description": "Grants permission to enable the automatic copy of snapshots for a cluster",
                "access level": "Write",
                "resource types": [
                    "cluster*"
                ],
                "conditionKeys": "",
                "dependentActions": [
                    ""
                ]
            },
            {
                "name": "ExecuteQuery [permission only]",
                "description": "Grants permission to execute a query through the Amazon Redshift console",
                "access level": "Write",
                "resource types": [
                    ""
                ],
                "conditionKeys": "",
                "dependentActions": [
                    ""
                ]
            },
            {
                "name": "FetchResults [permission only]",
                "description": "Grants permission to fetch query results through the Amazon Redshift console",
                "access level": "Read",
                "resource types": [
                    ""
                ],
                "conditionKeys": "",
                "dependentActions": [
                    ""
                ]
            },
            {
                "name": "GetClusterCredentials",
                "description": "Grants permission to get temporary credentials to access an Amazon Redshift database by the specified AWS account",
                "access level": "Write",
                "resource types": [
                    "dbuser*"
                ],
                "conditionKeys": "",
                "dependentActions": [
                    ""
                ]
            },
            {
                "name": "GetClusterCredentialsWithIAM",
                "description": "Grants permission to get enhanced temporary credentials to access an Amazon Redshift database by the specified AWS account",
                "access level": "Write",
                "resource types": [
                    "dbname"
                ],
                "conditionKeys": "",
                "dependentActions": [
                    ""
                ]
            },
            {
                "name": "GetReservedNodeExchangeConfigurationOptions",
                "description": "Grants permission to get the configuration options for the reserved-node exchange",
                "access level": "Read",
                "resource types": [
                    ""
                ],
                "conditionKeys": "",
                "dependentActions": [
                    ""
                ]
            },
            {
                "name": "GetReservedNodeExchangeOfferings",
                "description": "Grants permission to get an array of DC2 ReservedNodeOfferings that matches the payment type, term, and usage price of the given DC1 reserved node",
                "access level": "Read",
                "resource types": [
                    ""
                ],
                "conditionKeys": "",
                "dependentActions": [
                    ""
                ]
            },
            {
                "name": "JoinGroup",
                "description": "Grants permission to join the specified Amazon Redshift group",
                "access level": "Permissions management",
                "resource types": [
                    "dbgroup*"
                ],
                "conditionKeys": "",
                "dependentActions": [
                    ""
                ]
            },
            {
                "name": "ListDatabases [permission only]",
                "description": "Grants permission to list databases through the Amazon Redshift console",
                "access level": "List",
                "resource types": [
                    ""
                ],
                "conditionKeys": "",
                "dependentActions": [
                    ""
                ]
            },
            {
                "name": "ListSavedQueries [permission only]",
                "description": "Grants permission to list saved queries through the Amazon Redshift console",
                "access level": "List",
                "resource types": [
                    ""
                ],
                "conditionKeys": "",
                "dependentActions": [
                    ""
                ]
            },
            {
                "name": "ListSchemas [permission only]",
                "description": "Grants permission to list schemas through the Amazon Redshift console",
                "access level": "List",
                "resource types": [
                    ""
                ],
                "conditionKeys": "",
                "dependentActions": [
                    ""
                ]
            },
            {
                "name": "ListTables [permission only]",
                "description": "Grants permission to list tables through the Amazon Redshift console",
                "access level": "List",
                "resource types": [
                    ""
                ],
                "conditionKeys": "",
                "dependentActions": [
                    ""
                ]
            },
            {
                "name": "ModifyAquaConfiguration",
                "description": "Grants permission to modify the AQUA configuration of a cluster",
                "access level": "Write",
                "resource types": [
                    "cluster*"
                ],
                "conditionKeys": "",
                "dependentActions": [
                    ""
                ]
            },
            {
                "name": "ModifyAuthenticationProfile",
                "description": "Grants permission to modify an existing Amazon Redshift authentication profile",
                "access level": "Write",
                "resource types": [
                    ""
                ],
                "conditionKeys": "",
                "dependentActions": [
                    ""
                ]
            },
            {
                "name": "ModifyCluster",
                "description": "Grants permission to modify the settings of a cluster",
                "access level": "Write",
                "resource types": [
                    "cluster*"
                ],
                "conditionKeys": "",
                "dependentActions": [
                    ""
                ]
            },
            {
                "name": "ModifyClusterDbRevision",
                "description": "Grants permission to modify the database revision of a cluster",
                "access level": "Write",
                "resource types": [
                    "cluster*"
                ],
                "conditionKeys": "",
                "dependentActions": [
                    ""
                ]
            },
            {
                "name": "ModifyClusterIamRoles",
                "description": "Grants permission to modify the list of AWS Identity and Access Management (IAM) roles that can be used by a cluster to access other AWS services",
                "access level": "Permissions management",
                "resource types": [
                    "cluster*"
                ],
                "conditionKeys": "",
                "dependentActions": [
                    ""
                ]
            },
            {
                "name": "ModifyClusterMaintenance",
                "description": "Grants permission to modify the maintenance settings of a cluster",
                "access level": "Write",
                "resource types": [
                    ""
                ],
                "conditionKeys": "",
                "dependentActions": [
                    ""
                ]
            },
            {
                "name": "ModifyClusterParameterGroup",
                "description": "Grants permission to modify the parameters of a parameter group",
                "access level": "Write",
                "resource types": [
                    "parametergroup*"
                ],
                "conditionKeys": "",
                "dependentActions": [
                    ""
                ]
            },
            {
                "name": "ModifyClusterSnapshot",
                "description": "Grants permission to modify the settings of a snapshot",
                "access level": "Write",
                "resource types": [
                    "snapshot*"
                ],
                "conditionKeys": "",
                "dependentActions": [
                    ""
                ]
            },
            {
                "name": "ModifyClusterSnapshotSchedule",
                "description": "Grants permission to modify a snapshot schedule for a cluster",
                "access level": "Write",
                "resource types": [
                    "cluster*"
                ],
                "conditionKeys": "",
                "dependentActions": [
                    ""
                ]
            },
            {
                "name": "ModifyClusterSubnetGroup",
                "description": "Grants permission to modify a cluster subnet group to include the specified list of VPC subnets",
                "access level": "Write",
                "resource types": [
                    "subnetgroup*"
                ],
                "conditionKeys": "",
                "dependentActions": [
                    ""
                ]
            },
            {
                "name": "ModifyEndpointAccess",
                "description": "Grants permission to modify a redshift-managed vpc endpoint",
                "access level": "Write",
                "resource types": [
                    ""
                ],
                "conditionKeys": "",
                "dependentActions": [
                    ""
                ]
            },
            {
                "name": "ModifyEventSubscription",
                "description": "Grants permission to modify an existing Amazon Redshift event notification subscription",
                "access level": "Write",
                "resource types": [
                    "eventsubscription*"
                ],
                "conditionKeys": "",
                "dependentActions": [
                    ""
                ]
            },
            {
                "name": "ModifySavedQuery [permission only]",
                "description": "Grants permission to modify an existing saved query through the Amazon Redshift console",
                "access level": "Write",
                "resource types": [
                    ""
                ],
                "conditionKeys": "",
                "dependentActions": [
                    ""
                ]
            },
            {
                "name": "ModifyScheduledAction",
                "description": "Grants permission to modify an existing Amazon Redshift scheduled action",
                "access level": "Write",
                "resource types": [
                    ""
                ],
                "conditionKeys": "",
                "dependentActions": [
                    ""
                ]
            },
            {
                "name": "ModifySnapshotCopyRetentionPeriod",
                "description": "Grants permission to modify the number of days to retain snapshots in the destination AWS Region after they are copied from the source AWS Region",
                "access level": "Write",
                "resource types": [
                    "cluster*"
                ],
                "conditionKeys": "",
                "dependentActions": [
                    ""
                ]
            },
            {
                "name": "ModifySnapshotSchedule",
                "description": "Grants permission to modify a snapshot schedule",
                "access level": "Write",
                "resource types": [
                    "snapshotschedule*"
                ],
                "conditionKeys": "",
                "dependentActions": [
                    ""
                ]
            },
            {
                "name": "ModifyUsageLimit",
                "description": "Grants permission to modify a usage limit",
                "access level": "Write",
                "resource types": [
                    "usagelimit*"
                ],
                "conditionKeys": "",
                "dependentActions": [
                    ""
                ]
            },
            {
                "name": "PauseCluster",
                "description": "Grants permission to pause a cluster",
                "access level": "Write",
                "resource types": [
                    "cluster*"
                ],
                "conditionKeys": "",
                "dependentActions": [
                    ""
                ]
            },
            {
                "name": "PurchaseReservedNodeOffering",
                "description": "Grants permission to purchase a reserved node",
                "access level": "Write",
                "resource types": [
                    ""
                ],
                "conditionKeys": "",
                "dependentActions": [
                    ""
                ]
            },
            {
                "name": "RebootCluster",
                "description": "Grants permission to reboot a cluster",
                "access level": "Write",
                "resource types": [
                    "cluster*"
                ],
                "conditionKeys": "",
                "dependentActions": [
                    ""
                ]
            },
            {
                "name": "RejectDataShare",
                "description": "Grants permission to decline a datashare shared from another account",
                "access level": "Permissions management",
                "resource types": [
                    "datashare*"
                ],
                "conditionKeys": "",
                "dependentActions": [
                    ""
                ]
            },
            {
                "name": "ResetClusterParameterGroup",
                "description": "Grants permission to set one or more parameters of a parameter group to their default values and set the source values of the parameters to \"engine-default\"",
                "access level": "Write",
                "resource types": [
                    "parametergroup*"
                ],
                "conditionKeys": "",
                "dependentActions": [
                    ""
                ]
            },
            {
                "name": "ResizeCluster",
                "description": "Grants permission to change the size of a cluster",
                "access level": "Write",
                "resource types": [
                    "cluster*"
                ],
                "conditionKeys": "",
                "dependentActions": [
                    ""
                ]
            },
            {
                "name": "RestoreFromClusterSnapshot",
                "description": "Grants permission to create a cluster from a snapshot",
                "access level": "Write",
                "resource types": [
                    "cluster*"
                ],
                "conditionKeys": "",
                "dependentActions": [
                    ""
                ]
            },
            {
                "name": "RestoreTableFromClusterSnapshot",
                "description": "Grants permission to create a table from a table in an Amazon Redshift cluster snapshot",
                "access level": "Write",
                "resource types": [
                    "cluster*"
                ],
                "conditionKeys": "",
                "dependentActions": [
                    ""
                ]
            },
            {
                "name": "ResumeCluster",
                "description": "Grants permission to resume a cluster",
                "access level": "Write",
                "resource types": [
                    "cluster*"
                ],
                "conditionKeys": "",
                "dependentActions": [
                    ""
                ]
            },
            {
                "name": "RevokeClusterSecurityGroupIngress",
                "description": "Grants permission to revoke an ingress rule in an Amazon Redshift security group for a previously authorized IP range or Amazon EC2 security group",
                "access level": "Write",
                "resource types": [
                    "securitygroup*"
                ],
                "conditionKeys": "",
                "dependentActions": [
                    ""
                ]
            },
            {
                "name": "RevokeEndpointAccess",
                "description": "Grants permission to revoke access for endpoint related activities for redshift-managed vpc endpoint",
                "access level": "Permissions management",
                "resource types": [
                    ""
                ],
                "conditionKeys": "",
                "dependentActions": [
                    ""
                ]
            },
            {
                "name": "RevokeSnapshotAccess",
                "description": "Grants permission to revoke access from the specified AWS account to restore a snapshot",
                "access level": "Permissions management",
                "resource types": [
                    "snapshot*"
                ],
                "conditionKeys": "",
                "dependentActions": [
                    ""
                ]
            },
            {
                "name": "RotateEncryptionKey",
                "description": "Grants permission to rotate an encryption key for a cluster",
                "access level": "Write",
                "resource types": [
                    "cluster*"
                ],
                "conditionKeys": "",
                "dependentActions": [
                    ""
                ]
            },
            {
                "name": "UpdatePartnerStatus",
                "description": "Grants permission to update the status of a partner integration",
                "access level": "Write",
                "resource types": [
                    ""
                ],
                "conditionKeys": "",
                "dependentActions": [
                    ""
                ]
            },
            {
                "name": "ViewQueriesFromConsole [permission only]",
                "description": "Grants permission to view query results through the Amazon Redshift console",
                "access level": "List",
                "resource types": [
                    ""
                ],
                "conditionKeys": "",
                "dependentActions": [
                    ""
                ]
            },
            {
                "name": "ViewQueriesInConsole [permission only]",
                "description": "Grants permission to terminate running queries and loads through the Amazon Redshift console",
                "access level": "List",
                "resource types": [
                    ""
                ],
                "conditionKeys": "",
                "dependentActions": [
                    ""
                ]
            }
        ]
    },
    {
        "resources": [
            {
                "resource_type": "cluster",
                "ARN": "arn:${Partition}:redshift:${Region}:${Account}:cluster:${ClusterName}",
                "conditionKeys": "aws:ResourceTag/${TagKey}"
            },
            {
                "resource_type": "datashare",
                "ARN": "arn:${Partition}:redshift:${Region}:${Account}:datashare:${ProducerClusterNamespace}/${DataShareName}",
                "conditionKeys": "aws:ResourceTag/${TagKey}"
            },
            {
                "resource_type": "dbgroup",
                "ARN": "arn:${Partition}:redshift:${Region}:${Account}:dbgroup:${ClusterName}/${DbGroup}",
                "conditionKeys": "aws:ResourceTag/${TagKey}"
            },
            {
                "resource_type": "dbname",
                "ARN": "arn:${Partition}:redshift:${Region}:${Account}:dbname:${ClusterName}/${DbName}",
                "conditionKeys": "aws:ResourceTag/${TagKey}"
            },
            {
                "resource_type": "dbuser",
                "ARN": "arn:${Partition}:redshift:${Region}:${Account}:dbuser:${ClusterName}/${DbUser}",
                "conditionKeys": "aws:ResourceTag/${TagKey}"
            },
            {
                "resource_type": "eventsubscription",
                "ARN": "arn:${Partition}:redshift:${Region}:${Account}:eventsubscription:${EventSubscriptionName}",
                "conditionKeys": "aws:ResourceTag/${TagKey}"
            },
            {
                "resource_type": "hsmclientcertificate",
                "ARN": "arn:${Partition}:redshift:${Region}:${Account}:hsmclientcertificate:${HSMClientCertificateId}",
                "conditionKeys": "aws:ResourceTag/${TagKey}"
            },
            {
                "resource_type": "hsmconfiguration",
                "ARN": "arn:${Partition}:redshift:${Region}:${Account}:hsmconfiguration:${HSMConfigurationId}",
                "conditionKeys": "aws:ResourceTag/${TagKey}"
            },
            {
                "resource_type": "namespace",
                "ARN": "arn:${Partition}:redshift:${Region}:${Account}:namespace:${ProducerClusterNamespace}",
                "conditionKeys": "aws:ResourceTag/${TagKey}"
            },
            {
                "resource_type": "parametergroup",
                "ARN": "arn:${Partition}:redshift:${Region}:${Account}:parametergroup:${ParameterGroupName}",
                "conditionKeys": "aws:ResourceTag/${TagKey}"
            },
            {
                "resource_type": "securitygroup",
                "ARN": "arn:${Partition}:redshift:${Region}:${Account}:securitygroup:${SecurityGroupName}/ec2securitygroup/${Owner}/${Ec2SecurityGroupId}",
                "conditionKeys": "aws:ResourceTag/${TagKey}"
            },
            {
                "resource_type": "securitygroupingress-cidr",
                "ARN": "arn:${Partition}:redshift:${Region}:${Account}:securitygroupingress:${SecurityGroupName}/cidrip/${IpRange}",
                "conditionKeys": "aws:ResourceTag/${TagKey}"
            },
            {
                "resource_type": "securitygroupingress-ec2securitygroup",
                "ARN": "arn:${Partition}:redshift:${Region}:${Account}:securitygroupingress:${SecurityGroupName}/ec2securitygroup/${Owner}/${Ece2SecuritygroupId}",
                "conditionKeys": "aws:ResourceTag/${TagKey}"
            },
            {
                "resource_type": "snapshot",
                "ARN": "arn:${Partition}:redshift:${Region}:${Account}:snapshot:${ClusterName}/${SnapshotName}",
                "conditionKeys": "aws:ResourceTag/${TagKey}"
            },
            {
                "resource_type": "snapshotcopygrant",
                "ARN": "arn:${Partition}:redshift:${Region}:${Account}:snapshotcopygrant:${SnapshotCopyGrantName}",
                "conditionKeys": "aws:ResourceTag/${TagKey}"
            },
            {
                "resource_type": "snapshotschedule",
                "ARN": "arn:${Partition}:redshift:${Region}:${Account}:snapshotschedule:${ParameterGroupName}",
                "conditionKeys": "aws:ResourceTag/${TagKey}"
            },
            {
                "resource_type": "subnetgroup",
                "ARN": "arn:${Partition}:redshift:${Region}:${Account}:subnetgroup:${SubnetGroupName}",
                "conditionKeys": "aws:ResourceTag/${TagKey}"
            },
            {
                "resource_type": "usagelimit",
                "ARN": "arn:${Partition}:redshift:${Region}:${Account}:usagelimit:${UsageLimitId}",
                "conditionKeys": "aws:ResourceTag/${TagKey}"
            }
        ]
    },
    {
        "conditions": [
            {
                "Condition keys": "aws:RequestTag/${TagKey}",
                "Description": "Filters access by actions based on the allowed set of values for each of the tags",
                "Type": "String"
            },
            {
                "Condition keys": "aws:ResourceTag/${TagKey}",
                "Description": "Filters access by actions based on tag-value associated with the resource",
                "Type": "String"
            },
            {
                "Condition keys": "aws:TagKeys",
                "Description": "Filters access by actions based on the presence of mandatory tags in the request",
                "Type": "ArrayOfString"
            },
            {
                "Condition keys": "redshift:ConsumerArn",
                "Description": "Filters access by the datashare consumer arn",
                "Type": "String"
            },
            {
                "Condition keys": "redshift:ConsumerIdentifier",
                "Description": "Filters access by the datashare consumer",
                "Type": "String"
            },
            {
                "Condition keys": "redshift:DbName",
                "Description": "Filters access by the database name",
                "Type": "String"
            },
            {
                "Condition keys": "redshift:DbUser",
                "Description": "Filters access by the database user name",
                "Type": "String"
            },
            {
                "Condition keys": "redshift:DurationSeconds",
                "Description": "Filters access by the number of seconds until a temporary credential set expires",
                "Type": "String"
            }
        ]
    }
]