[
    {
        "prefix_item": "redshift-data"
    },
    {
        "link": "https://docs.aws.amazon.com/service-authorization/latest/reference/./list_amazonredshiftdataapi.html"
    },
    {
        "actions": [
            {
                "name": "BatchExecuteStatement",
                "description": "Grants permission to execute multiple queries under a single connection",
                "access level": "Write",
                "resource types": [
                    "cluster*"
                ],
                "conditionKeys": "",
                "dependentActions": [
                    ""
                ]
            },
            {
                "name": "CancelStatement",
                "description": "Grants permission to cancel a running query",
                "access level": "Write",
                "resource types": [
                    ""
                ],
                "conditionKeys": "redshift-data:statement-owner-iam-userid",
                "dependentActions": [
                    ""
                ]
            },
            {
                "name": "DescribeStatement",
                "description": "Grants permission to retrieve detailed information about a statement execution",
                "access level": "Read",
                "resource types": [
                    ""
                ],
                "conditionKeys": "redshift-data:statement-owner-iam-userid",
                "dependentActions": [
                    ""
                ]
            },
            {
                "name": "DescribeTable",
                "description": "Grants permission to retrieve metadata about a particular table",
                "access level": "Read",
                "resource types": [
                    "cluster*"
                ],
                "conditionKeys": "",
                "dependentActions": [
                    ""
                ]
            },
            {
                "name": "ExecuteStatement",
                "description": "Grants permission to execute a query",
                "access level": "Write",
                "resource types": [
                    "cluster*"
                ],
                "conditionKeys": "",
                "dependentActions": [
                    ""
                ]
            },
            {
                "name": "GetStatementResult",
                "description": "Grants permission to fetch the result of a query",
                "access level": "Read",
                "resource types": [
                    ""
                ],
                "conditionKeys": "redshift-data:statement-owner-iam-userid",
                "dependentActions": [
                    ""
                ]
            },
            {
                "name": "ListDatabases",
                "description": "Grants permission to list databases for a given cluster",
                "access level": "Read",
                "resource types": [
                    "cluster*"
                ],
                "conditionKeys": "",
                "dependentActions": [
                    ""
                ]
            },
            {
                "name": "ListSchemas",
                "description": "Grants permission to list schemas for a given cluster",
                "access level": "Read",
                "resource types": [
                    "cluster*"
                ],
                "conditionKeys": "",
                "dependentActions": [
                    ""
                ]
            },
            {
                "name": "ListStatements",
                "description": "Grants permission to list queries for a given principal",
                "access level": "List",
                "resource types": [
                    ""
                ],
                "conditionKeys": "redshift-data:statement-owner-iam-userid",
                "dependentActions": [
                    ""
                ]
            },
            {
                "name": "ListTables",
                "description": "Grants permission to list tables for a given cluster",
                "access level": "List",
                "resource types": [
                    "cluster*"
                ],
                "conditionKeys": "",
                "dependentActions": [
                    ""
                ]
            }
        ]
    },
    {
        "resources": [
            {
                "resource_type": "cluster",
                "ARN": "arn:${Partition}:redshift:${Region}:${Account}:cluster:${ClusterName}",
                "conditionKeys": "aws:ResourceTag/${TagKey}"
            },
            {
                "resource_type": "workgroup",
                "ARN": "arn:${Partition}:redshift-serverless:${Region}:${Account}:workgroup/${WorkgroupId}",
                "conditionKeys": "aws:ResourceTag/${TagKey}"
            }
        ]
    },
    {
        "conditions": [
            {
                "Condition keys": "aws:ResourceTag/${TagKey}",
                "Description": "Filters access by tag-value associated with the resource",
                "Type": "String"
            },
            {
                "Condition keys": "redshift-data:statement-owner-iam-userid",
                "Description": "Filters access by statement owner iam userid",
                "Type": "String"
            }
        ]
    }
]