[
    {
        "prefix_item": "redshift-serverless"
    },
    {
        "link": "https://docs.aws.amazon.com/service-authorization/latest/reference/./list_amazonredshiftserverless.html"
    },
    {
        "actions": [
            {
                "name": "ConvertRecoveryPointToSnapshot",
                "description": "Grants permission to convert a recovery point to a snapshot",
                "access level": "Write",
                "resource types": [
                    "recoveryPoint*"
                ],
                "conditionKeys": "",
                "dependentActions": [
                    ""
                ]
            },
            {
                "name": "CreateEndpointAccess",
                "description": "Grants permission to create an Amazon Redshift Serverless managed VPC endpoint",
                "access level": "Write",
                "resource types": [
                    "endpointAccess*"
                ],
                "conditionKeys": "",
                "dependentActions": [
                    ""
                ]
            },
            {
                "name": "CreateNamespace",
                "description": "Grants permission to create an Amazon Redshift Serverless namespace",
                "access level": "Write",
                "resource types": [
                    "namespace*"
                ],
                "conditionKeys": "",
                "dependentActions": [
                    ""
                ]
            },
            {
                "name": "CreateSnapshot",
                "description": "Grants permission to create a snapshot of all databases in a namespace",
                "access level": "Write",
                "resource types": [
                    "snapshot*"
                ],
                "conditionKeys": "",
                "dependentActions": [
                    ""
                ]
            },
            {
                "name": "CreateUsageLimit",
                "description": "Grants permission to create a usage limit for a specified Amazon Redshift Serverless usage type",
                "access level": "Write",
                "resource types": [
                    ""
                ],
                "conditionKeys": "",
                "dependentActions": [
                    ""
                ]
            },
            {
                "name": "CreateWorkgroup",
                "description": "Grants permission to create a workgroup in Amazon Redshift Serverless",
                "access level": "Write",
                "resource types": [
                    "workgroup*"
                ],
                "conditionKeys": "",
                "dependentActions": [
                    ""
                ]
            },
            {
                "name": "DeleteEndpointAccess",
                "description": "Grants permission to delete an Amazon Redshift Serverless managed VPC endpoint",
                "access level": "Write",
                "resource types": [
                    "endpointAccess*"
                ],
                "conditionKeys": "",
                "dependentActions": [
                    ""
                ]
            },
            {
                "name": "DeleteNamespace",
                "description": "Grants permission to delete a namespace from Amazon Redshift Serverless",
                "access level": "Write",
                "resource types": [
                    "namespace*"
                ],
                "conditionKeys": "",
                "dependentActions": [
                    ""
                ]
            },
            {
                "name": "DeleteResourcePolicy",
                "description": "Grants permission to delete the specified resource policy",
                "access level": "Write",
                "resource types": [
                    ""
                ],
                "conditionKeys": "",
                "dependentActions": [
                    ""
                ]
            },
            {
                "name": "DeleteSnapshot",
                "description": "Grants permission to delete a snapshot from Amazon Redshift Serverless",
                "access level": "Write",
                "resource types": [
                    "snapshot*"
                ],
                "conditionKeys": "",
                "dependentActions": [
                    ""
                ]
            },
            {
                "name": "DeleteUsageLimit",
                "description": "Grants permission to delete a usage limit from Amazon Redshift Serverless",
                "access level": "Write",
                "resource types": [
                    ""
                ],
                "conditionKeys": "",
                "dependentActions": [
                    ""
                ]
            },
            {
                "name": "DeleteWorkgroup",
                "description": "Grants permission to delete a workgroup",
                "access level": "Write",
                "resource types": [
                    "workgroup*"
                ],
                "conditionKeys": "",
                "dependentActions": [
                    ""
                ]
            },
            {
                "name": "GetCredentials",
                "description": "Grants permission to get a database user name and temporary password with temporary authorization to log on to Amazon Redshift Serverless",
                "access level": "Write",
                "resource types": [
                    "workgroup*"
                ],
                "conditionKeys": "",
                "dependentActions": [
                    ""
                ]
            },
            {
                "name": "GetEndpointAccess",
                "description": "Grants permission to create an Amazon Redshift Serverless managed VPC endpoint",
                "access level": "Read",
                "resource types": [
                    "endpointAccess*"
                ],
                "conditionKeys": "",
                "dependentActions": [
                    ""
                ]
            },
            {
                "name": "GetNamespace",
                "description": "Grants permission to get information about a namespace in Amazon Redshift Serverless",
                "access level": "Read",
                "resource types": [
                    "namespace*"
                ],
                "conditionKeys": "",
                "dependentActions": [
                    ""
                ]
            },
            {
                "name": "GetRecoveryPoint",
                "description": "Grants permission to get information about a recovery point",
                "access level": "Read",
                "resource types": [
                    "recoveryPoint*"
                ],
                "conditionKeys": "",
                "dependentActions": [
                    ""
                ]
            },
            {
                "name": "GetResourcePolicy",
                "description": "Grants permission to get a resource policy",
                "access level": "Read",
                "resource types": [
                    ""
                ],
                "conditionKeys": "",
                "dependentActions": [
                    ""
                ]
            },
            {
                "name": "GetSnapshot",
                "description": "Grants permission to get information about a specific snapshot",
                "access level": "Read",
                "resource types": [
                    "snapshot*"
                ],
                "conditionKeys": "",
                "dependentActions": [
                    ""
                ]
            },
            {
                "name": "GetTableRestoreStatus",
                "description": "Grants permission to get table restore status about a specific snapshot",
                "access level": "Read",
                "resource types": [
                    ""
                ],
                "conditionKeys": "",
                "dependentActions": [
                    ""
                ]
            },
            {
                "name": "GetUsageLimit",
                "description": "Grants permission to get information about a usage limit in Amazon Redshift Serverless",
                "access level": "Read",
                "resource types": [
                    ""
                ],
                "conditionKeys": "",
                "dependentActions": [
                    ""
                ]
            },
            {
                "name": "GetWorkgroup",
                "description": "Grants permission to get information about a specific workgroup",
                "access level": "Read",
                "resource types": [
                    "workgroup*"
                ],
                "conditionKeys": "",
                "dependentActions": [
                    ""
                ]
            },
            {
                "name": "ListEndpointAccess",
                "description": "Grants permission to list EndpointAccess objects and relevant information",
                "access level": "List",
                "resource types": [
                    "endpointAccess*"
                ],
                "conditionKeys": "",
                "dependentActions": [
                    ""
                ]
            },
            {
                "name": "ListNamespaces",
                "description": "Grants permission to list namespaces in Amazon Redshift Serverless",
                "access level": "List",
                "resource types": [
                    ""
                ],
                "conditionKeys": "",
                "dependentActions": [
                    ""
                ]
            },
            {
                "name": "ListRecoveryPoints",
                "description": "Grants permission to list an array of recovery points",
                "access level": "List",
                "resource types": [
                    "namespace"
                ],
                "conditionKeys": "",
                "dependentActions": [
                    ""
                ]
            },
            {
                "name": "ListSnapshots",
                "description": "Grants permission to list snapshots",
                "access level": "List",
                "resource types": [
                    "snapshot*"
                ],
                "conditionKeys": "",
                "dependentActions": [
                    ""
                ]
            },
            {
                "name": "ListTableRestoreStatus",
                "description": "Grants permission to list table restore status",
                "access level": "List",
                "resource types": [
                    ""
                ],
                "conditionKeys": "",
                "dependentActions": [
                    ""
                ]
            },
            {
                "name": "ListTagsForResource",
                "description": "Grants permission to list the tags assigned to a resource",
                "access level": "List",
                "resource types": [
                    "namespace"
                ],
                "conditionKeys": "",
                "dependentActions": [
                    ""
                ]
            },
            {
                "name": "ListUsageLimits",
                "description": "Grants permission to list all usage limits within Amazon Redshift Serverless",
                "access level": "List",
                "resource types": [
                    ""
                ],
                "conditionKeys": "",
                "dependentActions": [
                    ""
                ]
            },
            {
                "name": "ListWorkgroups",
                "description": "Grants permission to list workgroups in Amazon Redshift Serverless",
                "access level": "List",
                "resource types": [
                    ""
                ],
                "conditionKeys": "",
                "dependentActions": [
                    ""
                ]
            },
            {
                "name": "PutResourcePolicy",
                "description": "Grants permission to create or update a resource policy",
                "access level": "Write",
                "resource types": [
                    ""
                ],
                "conditionKeys": "",
                "dependentActions": [
                    ""
                ]
            },
            {
                "name": "RestoreFromRecoveryPoint",
                "description": "Grants permission to restore the data from a recovery point",
                "access level": "Write",
                "resource types": [
                    "recoveryPoint*"
                ],
                "conditionKeys": "",
                "dependentActions": [
                    ""
                ]
            },
            {
                "name": "RestoreFromSnapshot",
                "description": "Grants permission to restore a namespace from a snapshot",
                "access level": "Write",
                "resource types": [
                    "snapshot*"
                ],
                "conditionKeys": "",
                "dependentActions": [
                    ""
                ]
            },
            {
                "name": "RestoreTableFromSnapshot",
                "description": "Grants permission to restore a table from a snapshot",
                "access level": "Write",
                "resource types": [
                    "namespace*"
                ],
                "conditionKeys": "",
                "dependentActions": [
                    ""
                ]
            },
            {
                "name": "TagResource",
                "description": "Grants permission to assign one or more tags to a resource",
                "access level": "Tagging",
                "resource types": [
                    "namespace"
                ],
                "conditionKeys": "",
                "dependentActions": [
                    ""
                ]
            },
            {
                "name": "UntagResource",
                "description": "Grants permission to remove a tag or set of tags from a resource",
                "access level": "Tagging",
                "resource types": [
                    "namespace"
                ],
                "conditionKeys": "",
                "dependentActions": [
                    ""
                ]
            },
            {
                "name": "UpdateEndpointAccess",
                "description": "Grants permission to update an Amazon Redshift Serverless managed VPC endpoint",
                "access level": "Write",
                "resource types": [
                    "endpointAccess*"
                ],
                "conditionKeys": "",
                "dependentActions": [
                    ""
                ]
            },
            {
                "name": "UpdateNamespace",
                "description": "Grants permission to update a namespace with the specified configuration settings",
                "access level": "Write",
                "resource types": [
                    "namespace*"
                ],
                "conditionKeys": "",
                "dependentActions": [
                    ""
                ]
            },
            {
                "name": "UpdateSnapshot",
                "description": "Grants permission to update a snapshot",
                "access level": "Write",
                "resource types": [
                    "snapshot*"
                ],
                "conditionKeys": "",
                "dependentActions": [
                    ""
                ]
            },
            {
                "name": "UpdateUsageLimit",
                "description": "Grants permission to update a usage limit in Amazon Redshift Serverless",
                "access level": "Write",
                "resource types": [
                    ""
                ],
                "conditionKeys": "",
                "dependentActions": [
                    ""
                ]
            },
            {
                "name": "UpdateWorkgroup",
                "description": "Grants permission to update an Amazon Redshift Serverless workgroup with the specified configuration settings",
                "access level": "Write",
                "resource types": [
                    "workgroup*"
                ],
                "conditionKeys": "",
                "dependentActions": [
                    ""
                ]
            }
        ]
    },
    {
        "resources": [
            {
                "resource_type": "namespace",
                "ARN": "arn:${Partition}:redshift-serverless:${Region}:${Account}:namespace/${NamespaceId}",
                "conditionKeys": "aws:ResourceTag/${TagKey}"
            },
            {
                "resource_type": "snapshot",
                "ARN": "arn:${Partition}:redshift-serverless:${Region}:${Account}:snapshot/${SnapshotId}",
                "conditionKeys": ""
            },
            {
                "resource_type": "workgroup",
                "ARN": "arn:${Partition}:redshift-serverless:${Region}:${Account}:workgroup/${WorkgroupId}",
                "conditionKeys": "aws:ResourceTag/${TagKey}"
            },
            {
                "resource_type": "recoveryPoint",
                "ARN": "arn:${Partition}:redshift-serverless:${Region}:${Account}:recoverypoint/${RecoveryPointId}",
                "conditionKeys": ""
            },
            {
                "resource_type": "endpointAccess",
                "ARN": "arn:${Partition}:redshift-serverless:${Region}:${Account}:managedvpcendpoint/${EndpointAccessId}",
                "conditionKeys": ""
            }
        ]
    },
    {
        "conditions": [
            {
                "Condition keys": "aws:RequestTag/${TagKey}",
                "Description": "Filters access by the tags that are passed in the request",
                "Type": "String"
            },
            {
                "Condition keys": "aws:ResourceTag/${TagKey}",
                "Description": "Filters access by the tags associated with the resource",
                "Type": "String"
            },
            {
                "Condition keys": "aws:TagKeys",
                "Description": "Filters access by the tag keys that are passed in the request",
                "Type": "ArrayOfString"
            },
            {
                "Condition keys": "redshift-serverless:endpointAccessId",
                "Description": "Filters access by the endpoint access identifier",
                "Type": "String"
            },
            {
                "Condition keys": "redshift-serverless:namespaceId",
                "Description": "Filters access by the namespace identifier",
                "Type": "String"
            },
            {
                "Condition keys": "redshift-serverless:recoveryPointId",
                "Description": "Filters access by the recovery point identifier",
                "Type": "String"
            },
            {
                "Condition keys": "redshift-serverless:snapshotId",
                "Description": "Filters access by the snapshot identifier",
                "Type": "String"
            },
            {
                "Condition keys": "redshift-serverless:tableRestoreRequestId",
                "Description": "Filters access by the table restore request identifier",
                "Type": "String"
            },
            {
                "Condition keys": "redshift-serverless:workgroupId",
                "Description": "Filters access by the workgroup identifier",
                "Type": "String"
            }
        ]
    }
]