[
    {
        "prefix_item": "resource-explorer"
    },
    {
        "link": "https://docs.aws.amazon.com/service-authorization/latest/reference/./list_awstageditor.html"
    },
    {
        "actions": [
            {
                "name": "ListResourceTypes [permission only]",
                "description": "Grants permission to retrieve the resource types currently supported by Tag Editor",
                "access level": "List",
                "resource types": [
                    ""
                ],
                "conditionKeys": "",
                "dependentActions": [
                    ""
                ]
            },
            {
                "name": "ListResources [permission only]",
                "description": "Grants permission to retrieve the identifiers of the resources in the AWS account",
                "access level": "List",
                "resource types": [
                    ""
                ],
                "conditionKeys": "",
                "dependentActions": [
                    ""
                ]
            },
            {
                "name": "ListTags [permission only]",
                "description": "Grants permission to retrieve the tags attached to the specified resource identifiers",
                "access level": "Read",
                "resource types": [
                    ""
                ],
                "conditionKeys": "",
                "dependentActions": [
                    "tag:GetResources"
                ]
            }
        ]
    }
]