[
    {
        "prefix_item": "robomaker"
    },
    {
        "link": "https://docs.aws.amazon.com/service-authorization/latest/reference/./list_awsrobomaker.html"
    },
    {
        "actions": [
            {
                "name": "BatchDeleteWorlds",
                "description": "Delete one or more worlds in a batch operation",
                "access level": "Write",
                "resource types": [
                    ""
                ],
                "conditionKeys": "",
                "dependentActions": [
                    ""
                ]
            },
            {
                "name": "BatchDescribeSimulationJob",
                "description": "Describe multiple simulation jobs",
                "access level": "Read",
                "resource types": [
                    ""
                ],
                "conditionKeys": "",
                "dependentActions": [
                    ""
                ]
            },
            {
                "name": "CancelDeploymentJob",
                "description": "Cancel a deployment job",
                "access level": "Write",
                "resource types": [
                    "deploymentJob*"
                ],
                "conditionKeys": "",
                "dependentActions": [
                    ""
                ]
            },
            {
                "name": "CancelSimulationJob",
                "description": "Cancel a simulation job",
                "access level": "Write",
                "resource types": [
                    "simulationJob*"
                ],
                "conditionKeys": "",
                "dependentActions": [
                    ""
                ]
            },
            {
                "name": "CancelSimulationJobBatch",
                "description": "Cancel a simulation job batch",
                "access level": "Write",
                "resource types": [
                    "simulationJobBatch*"
                ],
                "conditionKeys": "",
                "dependentActions": [
                    ""
                ]
            },
            {
                "name": "CancelWorldExportJob",
                "description": "Cancel a world export job",
                "access level": "Write",
                "resource types": [
                    "worldExportJob*"
                ],
                "conditionKeys": "",
                "dependentActions": [
                    ""
                ]
            },
            {
                "name": "CancelWorldGenerationJob",
                "description": "Cancel a world generation job",
                "access level": "Write",
                "resource types": [
                    "worldGenerationJob*"
                ],
                "conditionKeys": "",
                "dependentActions": [
                    ""
                ]
            },
            {
                "name": "CreateDeploymentJob",
                "description": "Create a deployment job",
                "access level": "Write",
                "resource types": [
                    ""
                ],
                "conditionKeys": "aws:TagKeys\n\n\naws:RequestTag/${TagKey}",
                "dependentActions": [
                    "iam:CreateServiceLinkedRole"
                ]
            },
            {
                "name": "CreateFleet",
                "description": "Create a deployment fleet that represents a logical group of robots running the same robot application",
                "access level": "Write",
                "resource types": [
                    ""
                ],
                "conditionKeys": "aws:TagKeys\n\n\naws:RequestTag/${TagKey}",
                "dependentActions": [
                    ""
                ]
            },
            {
                "name": "CreateRobot",
                "description": "Create a robot that can be registered to a fleet",
                "access level": "Write",
                "resource types": [
                    ""
                ],
                "conditionKeys": "aws:TagKeys\n\n\naws:RequestTag/${TagKey}",
                "dependentActions": [
                    "iam:CreateServiceLinkedRole"
                ]
            },
            {
                "name": "CreateRobotApplication",
                "description": "Create a robot application",
                "access level": "Write",
                "resource types": [
                    ""
                ],
                "conditionKeys": "aws:TagKeys\n\n\naws:RequestTag/${TagKey}",
                "dependentActions": [
                    ""
                ]
            },
            {
                "name": "CreateRobotApplicationVersion",
                "description": "Create a snapshot of a robot application",
                "access level": "Write",
                "resource types": [
                    "robotApplication*"
                ],
                "conditionKeys": "",
                "dependentActions": [
                    "s3:GetObject"
                ]
            },
            {
                "name": "CreateSimulationApplication",
                "description": "Create a simulation application",
                "access level": "Write",
                "resource types": [
                    ""
                ],
                "conditionKeys": "aws:TagKeys\n\n\naws:RequestTag/${TagKey}",
                "dependentActions": [
                    ""
                ]
            },
            {
                "name": "CreateSimulationApplicationVersion",
                "description": "Create a snapshot of a simulation application",
                "access level": "Write",
                "resource types": [
                    "simulationApplication*"
                ],
                "conditionKeys": "",
                "dependentActions": [
                    "s3:GetObject"
                ]
            },
            {
                "name": "CreateSimulationJob",
                "description": "Create a simulation job",
                "access level": "Write",
                "resource types": [
                    ""
                ],
                "conditionKeys": "aws:TagKeys\n\n\naws:RequestTag/${TagKey}",
                "dependentActions": [
                    "iam:CreateServiceLinkedRole"
                ]
            },
            {
                "name": "CreateWorldExportJob",
                "description": "Create a world export job",
                "access level": "Write",
                "resource types": [
                    "world*"
                ],
                "conditionKeys": "",
                "dependentActions": [
                    ""
                ]
            },
            {
                "name": "CreateWorldGenerationJob",
                "description": "Create a world generation job",
                "access level": "Write",
                "resource types": [
                    "worldTemplate*"
                ],
                "conditionKeys": "",
                "dependentActions": [
                    ""
                ]
            },
            {
                "name": "CreateWorldTemplate",
                "description": "Create a world template",
                "access level": "Write",
                "resource types": [
                    ""
                ],
                "conditionKeys": "aws:TagKeys\n\n\naws:RequestTag/${TagKey}",
                "dependentActions": [
                    ""
                ]
            },
            {
                "name": "DeleteFleet",
                "description": "Delete a deployment fleet",
                "access level": "Write",
                "resource types": [
                    "deploymentFleet*"
                ],
                "conditionKeys": "",
                "dependentActions": [
                    ""
                ]
            },
            {
                "name": "DeleteRobot",
                "description": "Delete a robot",
                "access level": "Write",
                "resource types": [
                    "robot*"
                ],
                "conditionKeys": "",
                "dependentActions": [
                    ""
                ]
            },
            {
                "name": "DeleteRobotApplication",
                "description": "Delete a robot application",
                "access level": "Write",
                "resource types": [
                    "robotApplication*"
                ],
                "conditionKeys": "",
                "dependentActions": [
                    ""
                ]
            },
            {
                "name": "DeleteSimulationApplication",
                "description": "Delete a simulation application",
                "access level": "Write",
                "resource types": [
                    "simulationApplication*"
                ],
                "conditionKeys": "",
                "dependentActions": [
                    ""
                ]
            },
            {
                "name": "DeleteWorldTemplate",
                "description": "Delete a world template",
                "access level": "Write",
                "resource types": [
                    "worldTemplate*"
                ],
                "conditionKeys": "",
                "dependentActions": [
                    ""
                ]
            },
            {
                "name": "DeregisterRobot",
                "description": "Deregister a robot from a fleet",
                "access level": "Write",
                "resource types": [
                    "deploymentFleet*"
                ],
                "conditionKeys": "",
                "dependentActions": [
                    ""
                ]
            },
            {
                "name": "DescribeDeploymentJob",
                "description": "Describe a deployment job",
                "access level": "Read",
                "resource types": [
                    "deploymentJob*"
                ],
                "conditionKeys": "",
                "dependentActions": [
                    ""
                ]
            },
            {
                "name": "DescribeFleet",
                "description": "Describe a deployment fleet",
                "access level": "Read",
                "resource types": [
                    "deploymentFleet*"
                ],
                "conditionKeys": "",
                "dependentActions": [
                    ""
                ]
            },
            {
                "name": "DescribeRobot",
                "description": "Describe a robot",
                "access level": "Read",
                "resource types": [
                    "robot*"
                ],
                "conditionKeys": "",
                "dependentActions": [
                    ""
                ]
            },
            {
                "name": "DescribeRobotApplication",
                "description": "Describe a robot application",
                "access level": "Read",
                "resource types": [
                    "robotApplication*"
                ],
                "conditionKeys": "",
                "dependentActions": [
                    ""
                ]
            },
            {
                "name": "DescribeSimulationApplication",
                "description": "Describe a simulation application",
                "access level": "Read",
                "resource types": [
                    "simulationApplication*"
                ],
                "conditionKeys": "",
                "dependentActions": [
                    ""
                ]
            },
            {
                "name": "DescribeSimulationJob",
                "description": "Describe a simulation job",
                "access level": "Read",
                "resource types": [
                    "simulationJob*"
                ],
                "conditionKeys": "",
                "dependentActions": [
                    ""
                ]
            },
            {
                "name": "DescribeSimulationJobBatch",
                "description": "Describe a simulation job batch",
                "access level": "Read",
                "resource types": [
                    "simulationJobBatch*"
                ],
                "conditionKeys": "",
                "dependentActions": [
                    ""
                ]
            },
            {
                "name": "DescribeWorld",
                "description": "Describe a world",
                "access level": "Read",
                "resource types": [
                    "world*"
                ],
                "conditionKeys": "",
                "dependentActions": [
                    ""
                ]
            },
            {
                "name": "DescribeWorldExportJob",
                "description": "Describe a world export job",
                "access level": "Read",
                "resource types": [
                    "worldExportJob*"
                ],
                "conditionKeys": "",
                "dependentActions": [
                    ""
                ]
            },
            {
                "name": "DescribeWorldGenerationJob",
                "description": "Describe a world generation job",
                "access level": "Read",
                "resource types": [
                    "worldGenerationJob*"
                ],
                "conditionKeys": "",
                "dependentActions": [
                    ""
                ]
            },
            {
                "name": "DescribeWorldTemplate",
                "description": "Describe a world template",
                "access level": "Read",
                "resource types": [
                    "worldTemplate*"
                ],
                "conditionKeys": "",
                "dependentActions": [
                    ""
                ]
            },
            {
                "name": "GetWorldTemplateBody",
                "description": "Get the body of a world template",
                "access level": "Read",
                "resource types": [
                    "worldTemplate*"
                ],
                "conditionKeys": "",
                "dependentActions": [
                    ""
                ]
            },
            {
                "name": "ListDeploymentJobs",
                "description": "List deployment jobs",
                "access level": "List",
                "resource types": [
                    ""
                ],
                "conditionKeys": "",
                "dependentActions": [
                    ""
                ]
            },
            {
                "name": "ListFleets",
                "description": "List fleets",
                "access level": "List",
                "resource types": [
                    ""
                ],
                "conditionKeys": "",
                "dependentActions": [
                    ""
                ]
            },
            {
                "name": "ListRobotApplications",
                "description": "List robot applications",
                "access level": "List",
                "resource types": [
                    ""
                ],
                "conditionKeys": "",
                "dependentActions": [
                    ""
                ]
            },
            {
                "name": "ListRobots",
                "description": "List robots",
                "access level": "List",
                "resource types": [
                    ""
                ],
                "conditionKeys": "",
                "dependentActions": [
                    ""
                ]
            },
            {
                "name": "ListSimulationApplications",
                "description": "List simulation applications",
                "access level": "List",
                "resource types": [
                    ""
                ],
                "conditionKeys": "",
                "dependentActions": [
                    ""
                ]
            },
            {
                "name": "ListSimulationJobBatches",
                "description": "List simulation job batches",
                "access level": "List",
                "resource types": [
                    ""
                ],
                "conditionKeys": "",
                "dependentActions": [
                    ""
                ]
            },
            {
                "name": "ListSimulationJobs",
                "description": "List simulation jobs",
                "access level": "List",
                "resource types": [
                    ""
                ],
                "conditionKeys": "",
                "dependentActions": [
                    ""
                ]
            },
            {
                "name": "ListSupportedAvailabilityZones [permission only]",
                "description": "Lists supported availability zones",
                "access level": "List",
                "resource types": [
                    ""
                ],
                "conditionKeys": "",
                "dependentActions": [
                    ""
                ]
            },
            {
                "name": "ListTagsForResource",
                "description": "List tags for a RoboMaker resource",
                "access level": "List",
                "resource types": [
                    "deploymentFleet"
                ],
                "conditionKeys": "",
                "dependentActions": [
                    ""
                ]
            },
            {
                "name": "ListWorldExportJobs",
                "description": "List world export jobs",
                "access level": "List",
                "resource types": [
                    ""
                ],
                "conditionKeys": "",
                "dependentActions": [
                    ""
                ]
            },
            {
                "name": "ListWorldGenerationJobs",
                "description": "List world generation jobs",
                "access level": "List",
                "resource types": [
                    ""
                ],
                "conditionKeys": "",
                "dependentActions": [
                    ""
                ]
            },
            {
                "name": "ListWorldTemplates",
                "description": "List world templates",
                "access level": "List",
                "resource types": [
                    ""
                ],
                "conditionKeys": "",
                "dependentActions": [
                    ""
                ]
            },
            {
                "name": "ListWorlds",
                "description": "List worlds",
                "access level": "List",
                "resource types": [
                    ""
                ],
                "conditionKeys": "",
                "dependentActions": [
                    ""
                ]
            },
            {
                "name": "RegisterRobot",
                "description": "Register a robot to a fleet",
                "access level": "Write",
                "resource types": [
                    "deploymentFleet*"
                ],
                "conditionKeys": "",
                "dependentActions": [
                    ""
                ]
            },
            {
                "name": "RestartSimulationJob",
                "description": "Restart a running simulation job",
                "access level": "Write",
                "resource types": [
                    "simulationJob*"
                ],
                "conditionKeys": "",
                "dependentActions": [
                    ""
                ]
            },
            {
                "name": "StartSimulationJobBatch",
                "description": "Create a simulation job batch",
                "access level": "Write",
                "resource types": [
                    ""
                ],
                "conditionKeys": "aws:TagKeys\n\n\naws:RequestTag/${TagKey}",
                "dependentActions": [
                    "iam:CreateServiceLinkedRole"
                ]
            },
            {
                "name": "SyncDeploymentJob",
                "description": "Ensures the most recently deployed robot application is deployed to all robots in the fleet",
                "access level": "Write",
                "resource types": [
                    "deploymentFleet*"
                ],
                "conditionKeys": "",
                "dependentActions": [
                    "iam:CreateServiceLinkedRole"
                ]
            },
            {
                "name": "TagResource",
                "description": "Add tags to a RoboMaker resource",
                "access level": "Tagging",
                "resource types": [
                    "deploymentFleet"
                ],
                "conditionKeys": "",
                "dependentActions": [
                    ""
                ]
            },
            {
                "name": "UntagResource",
                "description": "Remove tags from a RoboMaker resource",
                "access level": "Tagging",
                "resource types": [
                    "deploymentFleet"
                ],
                "conditionKeys": "",
                "dependentActions": [
                    ""
                ]
            },
            {
                "name": "UpdateRobotApplication",
                "description": "Update a robot application",
                "access level": "Write",
                "resource types": [
                    "robotApplication*"
                ],
                "conditionKeys": "",
                "dependentActions": [
                    ""
                ]
            },
            {
                "name": "UpdateRobotDeployment [permission only]",
                "description": "Report the deployment status for an individual robot",
                "access level": "Write",
                "resource types": [
                    ""
                ],
                "conditionKeys": "",
                "dependentActions": [
                    ""
                ]
            },
            {
                "name": "UpdateSimulationApplication",
                "description": "Update a simulation application",
                "access level": "Write",
                "resource types": [
                    "simulationApplication*"
                ],
                "conditionKeys": "",
                "dependentActions": [
                    ""
                ]
            },
            {
                "name": "UpdateWorldTemplate",
                "description": "Update a world template",
                "access level": "Write",
                "resource types": [
                    "worldTemplate*"
                ],
                "conditionKeys": "",
                "dependentActions": [
                    ""
                ]
            }
        ]
    },
    {
        "resources": [
            {
                "resource_type": "robotApplication",
                "ARN": "arn:${Partition}:robomaker:${Region}:${Account}:robot-application/${ApplicationName}/${CreatedOnEpoch}",
                "conditionKeys": "aws:ResourceTag/${TagKey}"
            },
            {
                "resource_type": "simulationApplication",
                "ARN": "arn:${Partition}:robomaker:${Region}:${Account}:simulation-application/${ApplicationName}/${CreatedOnEpoch}",
                "conditionKeys": "aws:ResourceTag/${TagKey}"
            },
            {
                "resource_type": "simulationJob",
                "ARN": "arn:${Partition}:robomaker:${Region}:${Account}:simulation-job/${SimulationJobId}",
                "conditionKeys": "aws:ResourceTag/${TagKey}"
            },
            {
                "resource_type": "simulationJobBatch",
                "ARN": "arn:${Partition}:robomaker:${Region}:${Account}:simulation-job-batch/${SimulationJobBatchId}",
                "conditionKeys": "aws:ResourceTag/${TagKey}"
            },
            {
                "resource_type": "deploymentJob",
                "ARN": "arn:${Partition}:robomaker:${Region}:${Account}:deployment-job/${DeploymentJobId}",
                "conditionKeys": "aws:ResourceTag/${TagKey}"
            },
            {
                "resource_type": "robot",
                "ARN": "arn:${Partition}:robomaker:${Region}:${Account}:robot/${RobotName}/${CreatedOnEpoch}",
                "conditionKeys": "aws:ResourceTag/${TagKey}"
            },
            {
                "resource_type": "deploymentFleet",
                "ARN": "arn:${Partition}:robomaker:${Region}:${Account}:deployment-fleet/${FleetName}/${CreatedOnEpoch}",
                "conditionKeys": "aws:ResourceTag/${TagKey}"
            },
            {
                "resource_type": "worldGenerationJob",
                "ARN": "arn:${Partition}:robomaker:${Region}:${Account}:world-generation-job/${WorldGenerationJobId}",
                "conditionKeys": "aws:ResourceTag/${TagKey}"
            },
            {
                "resource_type": "worldExportJob",
                "ARN": "arn:${Partition}:robomaker:${Region}:${Account}:world-export-job/${WorldExportJobId}",
                "conditionKeys": "aws:ResourceTag/${TagKey}"
            },
            {
                "resource_type": "worldTemplate",
                "ARN": "arn:${Partition}:robomaker:${Region}:${Account}:world-template/${WorldTemplateJobId}",
                "conditionKeys": "aws:ResourceTag/${TagKey}"
            },
            {
                "resource_type": "world",
                "ARN": "arn:${Partition}:robomaker:${Region}:${Account}:world/${WorldId}",
                "conditionKeys": "aws:ResourceTag/${TagKey}"
            }
        ]
    },
    {
        "conditions": [
            {
                "Condition keys": "aws:RequestTag/${TagKey}",
                "Description": "Filters access based on the tags that are passed in the request",
                "Type": "String"
            },
            {
                "Condition keys": "aws:ResourceTag/${TagKey}",
                "Description": "Filters access based on the tags associated with the resource",
                "Type": "String"
            },
            {
                "Condition keys": "aws:TagKeys",
                "Description": "Filters access based on the tag keys that are passed in the request",
                "Type": "ArrayOfString"
            }
        ]
    }
]