[
    {
        "prefix_item": "route53domains"
    },
    {
        "link": "https://docs.aws.amazon.com/service-authorization/latest/reference/./list_amazonroute53domains.html"
    },
    {
        "actions": [
            {
                "name": "AcceptDomainTransferFromAnotherAwsAccount",
                "description": "Grants permission to accept the transfer of a domain from another AWS account to the current AWS account",
                "access level": "Write",
                "resource types": [
                    ""
                ],
                "conditionKeys": "",
                "dependentActions": [
                    ""
                ]
            },
            {
                "name": "AssociateDelegationSignerToDomain",
                "description": "Grants permission to associate a new delegation signer to a domain",
                "access level": "Write",
                "resource types": [
                    ""
                ],
                "conditionKeys": "",
                "dependentActions": [
                    ""
                ]
            },
            {
                "name": "CancelDomainTransferToAnotherAwsAccount",
                "description": "Grants permission to cancel the transfer of a domain from the current AWS account to another AWS account",
                "access level": "Write",
                "resource types": [
                    ""
                ],
                "conditionKeys": "",
                "dependentActions": [
                    ""
                ]
            },
            {
                "name": "CheckDomainAvailability",
                "description": "Grants permission to check the availability of one domain name",
                "access level": "Read",
                "resource types": [
                    ""
                ],
                "conditionKeys": "",
                "dependentActions": [
                    ""
                ]
            },
            {
                "name": "CheckDomainTransferability",
                "description": "Grants permission to check whether a domain name can be transferred to Amazon Route 53",
                "access level": "Read",
                "resource types": [
                    ""
                ],
                "conditionKeys": "",
                "dependentActions": [
                    ""
                ]
            },
            {
                "name": "DeleteDomain",
                "description": "Grants permission to delete domains",
                "access level": "Write",
                "resource types": [
                    ""
                ],
                "conditionKeys": "",
                "dependentActions": [
                    ""
                ]
            },
            {
                "name": "DeleteTagsForDomain",
                "description": "Grants permission to delete the specified tags for a domain",
                "access level": "Tagging",
                "resource types": [
                    ""
                ],
                "conditionKeys": "",
                "dependentActions": [
                    ""
                ]
            },
            {
                "name": "DisableDomainAutoRenew",
                "description": "Grants permission to configure Amazon Route 53 to automatically renew the specified domain before the domain registration expires",
                "access level": "Write",
                "resource types": [
                    ""
                ],
                "conditionKeys": "",
                "dependentActions": [
                    ""
                ]
            },
            {
                "name": "DisableDomainTransferLock",
                "description": "Grants permission to remove the transfer lock on the domain (specifically the clientTransferProhibited status) to allow domain transfers",
                "access level": "Write",
                "resource types": [
                    ""
                ],
                "conditionKeys": "",
                "dependentActions": [
                    ""
                ]
            },
            {
                "name": "DisassociateDelegationSignerFromDomain",
                "description": "Grants permission to disassociate an existing delegation signer from a domain",
                "access level": "Write",
                "resource types": [
                    ""
                ],
                "conditionKeys": "",
                "dependentActions": [
                    ""
                ]
            },
            {
                "name": "EnableDomainAutoRenew",
                "description": "Grants permission to configure Amazon Route 53 to automatically renew the specified domain before the domain registration expires",
                "access level": "Write",
                "resource types": [
                    ""
                ],
                "conditionKeys": "",
                "dependentActions": [
                    ""
                ]
            },
            {
                "name": "EnableDomainTransferLock",
                "description": "Grants permission to set the transfer lock on the domain (specifically the clientTransferProhibited status) to prevent domain transfers",
                "access level": "Write",
                "resource types": [
                    ""
                ],
                "conditionKeys": "",
                "dependentActions": [
                    ""
                ]
            },
            {
                "name": "GetContactReachabilityStatus",
                "description": "Grants permission to get information about whether the registrant contact has responded for operations that require confirmation that the email address for the registrant contact is valid, such as registering a new domain",
                "access level": "Read",
                "resource types": [
                    ""
                ],
                "conditionKeys": "",
                "dependentActions": [
                    ""
                ]
            },
            {
                "name": "GetDomainDetail",
                "description": "Grants permission to get detailed information about a domain",
                "access level": "Read",
                "resource types": [
                    ""
                ],
                "conditionKeys": "",
                "dependentActions": [
                    ""
                ]
            },
            {
                "name": "GetDomainSuggestions",
                "description": "Grants permission to get a list of suggested domain names given a string, which can either be a domain name or simply a word or phrase (without spaces)",
                "access level": "Read",
                "resource types": [
                    ""
                ],
                "conditionKeys": "",
                "dependentActions": [
                    ""
                ]
            },
            {
                "name": "GetOperationDetail",
                "description": "Grants permission to get the current status of an operation that is not completed",
                "access level": "Read",
                "resource types": [
                    ""
                ],
                "conditionKeys": "",
                "dependentActions": [
                    ""
                ]
            },
            {
                "name": "ListDomains",
                "description": "Grants permission to list all the domain names registered with Amazon Route 53 for the current AWS account",
                "access level": "List",
                "resource types": [
                    ""
                ],
                "conditionKeys": "",
                "dependentActions": [
                    ""
                ]
            },
            {
                "name": "ListOperations",
                "description": "Grants permission to list the operation IDs of operations that are not yet complete",
                "access level": "List",
                "resource types": [
                    ""
                ],
                "conditionKeys": "",
                "dependentActions": [
                    ""
                ]
            },
            {
                "name": "ListPrices",
                "description": "Grants permission to list the prices of operations for TLDs",
                "access level": "List",
                "resource types": [
                    ""
                ],
                "conditionKeys": "",
                "dependentActions": [
                    ""
                ]
            },
            {
                "name": "ListTagsForDomain",
                "description": "Grants permission to list all the tags that are associated with the specified domain",
                "access level": "Read",
                "resource types": [
                    ""
                ],
                "conditionKeys": "",
                "dependentActions": [
                    ""
                ]
            },
            {
                "name": "PushDomain",
                "description": "Grants permission to change the IPS tag of .uk domain to initiate a transfer process from Route 53 to another registrar",
                "access level": "Write",
                "resource types": [
                    ""
                ],
                "conditionKeys": "",
                "dependentActions": [
                    ""
                ]
            },
            {
                "name": "RegisterDomain",
                "description": "Grants permission to register domains",
                "access level": "Write",
                "resource types": [
                    ""
                ],
                "conditionKeys": "",
                "dependentActions": [
                    ""
                ]
            },
            {
                "name": "RejectDomainTransferFromAnotherAwsAccount",
                "description": "Grants permission to reject the transfer of a domain from another AWS account to the current AWS account",
                "access level": "Write",
                "resource types": [
                    ""
                ],
                "conditionKeys": "",
                "dependentActions": [
                    ""
                ]
            },
            {
                "name": "RenewDomain",
                "description": "Grants permission to renew domains for the specified number of years",
                "access level": "Write",
                "resource types": [
                    ""
                ],
                "conditionKeys": "",
                "dependentActions": [
                    ""
                ]
            },
            {
                "name": "ResendContactReachabilityEmail",
                "description": "Grants permission to resend the confirmation email to the current email address for the registrant contact for operations that require confirmation that the email address for the registrant contact is valid, such as registering a new domain",
                "access level": "Write",
                "resource types": [
                    ""
                ],
                "conditionKeys": "",
                "dependentActions": [
                    ""
                ]
            },
            {
                "name": "ResendOperationAuthorization",
                "description": "Grants permission to resend the operation authorization",
                "access level": "Write",
                "resource types": [
                    ""
                ],
                "conditionKeys": "",
                "dependentActions": [
                    ""
                ]
            },
            {
                "name": "RetrieveDomainAuthCode",
                "description": "Grants permission to get the AuthCode for the domain",
                "access level": "Write",
                "resource types": [
                    ""
                ],
                "conditionKeys": "",
                "dependentActions": [
                    ""
                ]
            },
            {
                "name": "TransferDomain",
                "description": "Grants permission to transfer a domain from another registrar to Amazon Route 53",
                "access level": "Write",
                "resource types": [
                    ""
                ],
                "conditionKeys": "",
                "dependentActions": [
                    ""
                ]
            },
            {
                "name": "TransferDomainToAnotherAwsAccount",
                "description": "Grants permission to transfer a domain from the current AWS account to another AWS account",
                "access level": "Write",
                "resource types": [
                    ""
                ],
                "conditionKeys": "",
                "dependentActions": [
                    ""
                ]
            },
            {
                "name": "UpdateDomainContact",
                "description": "Grants permission to update the contact information for domain",
                "access level": "Write",
                "resource types": [
                    ""
                ],
                "conditionKeys": "",
                "dependentActions": [
                    ""
                ]
            },
            {
                "name": "UpdateDomainContactPrivacy",
                "description": "Grants permission to update the domain contact privacy setting",
                "access level": "Write",
                "resource types": [
                    ""
                ],
                "conditionKeys": "",
                "dependentActions": [
                    ""
                ]
            },
            {
                "name": "UpdateDomainNameservers",
                "description": "Grants permission to replace the current set of name servers for a domain with the specified set of name servers",
                "access level": "Write",
                "resource types": [
                    ""
                ],
                "conditionKeys": "",
                "dependentActions": [
                    ""
                ]
            },
            {
                "name": "UpdateTagsForDomain",
                "description": "Grants permission to add or update tags for a specified domain",
                "access level": "Tagging",
                "resource types": [
                    ""
                ],
                "conditionKeys": "",
                "dependentActions": [
                    ""
                ]
            },
            {
                "name": "ViewBilling",
                "description": "Grants permission to get all the domain-related billing records for the current AWS account for a specified period",
                "access level": "Read",
                "resource types": [
                    ""
                ],
                "conditionKeys": "",
                "dependentActions": [
                    ""
                ]
            }
        ]
    }
]