[
    {
        "prefix_item": "route53resolver"
    },
    {
        "link": "https://docs.aws.amazon.com/service-authorization/latest/reference/./list_amazonroute53resolver.html"
    },
    {
        "actions": [
            {
                "name": "AssociateFirewallRuleGroup",
                "description": "Grants permission to associate an Amazon VPC with a specified firewall rule group",
                "access level": "Write",
                "resource types": [
                    "firewall-rule-group-association*"
                ],
                "conditionKeys": "",
                "dependentActions": [
                    "ec2:DescribeVpcs"
                ]
            },
            {
                "name": "AssociateResolverEndpointIpAddress",
                "description": "Grants permission to associate a specified IP address with a Resolver endpoint. This is an IP address that DNS queries pass through on the way to your network (outbound) or your VPCs (inbound)",
                "access level": "Write",
                "resource types": [
                    "resolver-endpoint*"
                ],
                "conditionKeys": "",
                "dependentActions": [
                    "ec2:CreateNetworkInterface\n                            \n\n                                ec2:DescribeNetworkInterfaces\n                            \n\n                                ec2:DescribeSubnets"
                ]
            },
            {
                "name": "AssociateResolverQueryLogConfig",
                "description": "Grants permission to associate an Amazon VPC with a specified query logging configuration",
                "access level": "Write",
                "resource types": [
                    "resolver-query-log-config*"
                ],
                "conditionKeys": "",
                "dependentActions": [
                    "ec2:DescribeVpcs"
                ]
            },
            {
                "name": "AssociateResolverRule",
                "description": "Grants permission to associate a specified Resolver rule with a specified VPC",
                "access level": "Write",
                "resource types": [
                    "resolver-rule*"
                ],
                "conditionKeys": "",
                "dependentActions": [
                    "ec2:DescribeVpcs"
                ]
            },
            {
                "name": "CreateFirewallDomainList",
                "description": "Grants permission to create a Firewall domain list",
                "access level": "Write",
                "resource types": [
                    "firewall-domain-list*"
                ],
                "conditionKeys": "",
                "dependentActions": [
                    ""
                ]
            },
            {
                "name": "CreateFirewallRule",
                "description": "Grants permission to create a Firewall rule within a Firewall rule group",
                "access level": "Write",
                "resource types": [
                    "firewall-rule-group*"
                ],
                "conditionKeys": "",
                "dependentActions": [
                    ""
                ]
            },
            {
                "name": "CreateFirewallRuleGroup",
                "description": "Grants permission to create a Firewall rule group",
                "access level": "Write",
                "resource types": [
                    "firewall-rule-group*"
                ],
                "conditionKeys": "",
                "dependentActions": [
                    ""
                ]
            },
            {
                "name": "CreateResolverEndpoint",
                "description": "Grants permission to create a Resolver endpoint. There are two types of Resolver endpoints, inbound and outbound",
                "access level": "Write",
                "resource types": [
                    "resolver-endpoint*"
                ],
                "conditionKeys": "",
                "dependentActions": [
                    "ec2:CreateNetworkInterface\n                            \n\n                                ec2:DescribeNetworkInterfaces\n                            \n\n                                ec2:DescribeSecurityGroups\n                            \n\n                                ec2:DescribeSubnets\n                            \n\n                                ec2:DescribeVpcs"
                ]
            },
            {
                "name": "CreateResolverQueryLogConfig",
                "description": "Grants permission to create a Resolver query logging configuration, which defines where you want Resolver to save DNS query logs that originate in your VPCs",
                "access level": "Write",
                "resource types": [
                    ""
                ],
                "conditionKeys": "aws:RequestTag/${TagKey}\n\n\naws:TagKeys",
                "dependentActions": [
                    ""
                ]
            },
            {
                "name": "CreateResolverRule",
                "description": "Grants permission to define how to route queries originating from your VPC out of the VPC",
                "access level": "Write",
                "resource types": [
                    "resolver-rule*"
                ],
                "conditionKeys": "",
                "dependentActions": [
                    ""
                ]
            },
            {
                "name": "DeleteFirewallDomainList",
                "description": "Grants permission to delete a Firewall domain list",
                "access level": "Write",
                "resource types": [
                    "firewall-domain-list*"
                ],
                "conditionKeys": "",
                "dependentActions": [
                    ""
                ]
            },
            {
                "name": "DeleteFirewallRule",
                "description": "Grants permission to delete a Firewall rule within a Firewall rule group",
                "access level": "Write",
                "resource types": [
                    "firewall-rule-group*"
                ],
                "conditionKeys": "",
                "dependentActions": [
                    ""
                ]
            },
            {
                "name": "DeleteFirewallRuleGroup",
                "description": "Grants permission to delete a Firewall rule group",
                "access level": "Write",
                "resource types": [
                    "firewall-rule-group*"
                ],
                "conditionKeys": "",
                "dependentActions": [
                    ""
                ]
            },
            {
                "name": "DeleteResolverEndpoint",
                "description": "Grants permission to delete a Resolver endpoint. The effect of deleting a Resolver endpoint depends on whether it's an inbound or an outbound endpoint",
                "access level": "Write",
                "resource types": [
                    "resolver-endpoint*"
                ],
                "conditionKeys": "",
                "dependentActions": [
                    "ec2:DeleteNetworkInterface\n                            \n\n                                ec2:DescribeNetworkInterfaces"
                ]
            },
            {
                "name": "DeleteResolverQueryLogConfig",
                "description": "Grants permission to delete a Resolver query logging configuration",
                "access level": "Write",
                "resource types": [
                    "resolver-query-log-config*"
                ],
                "conditionKeys": "",
                "dependentActions": [
                    ""
                ]
            },
            {
                "name": "DeleteResolverRule",
                "description": "Grants permission to delete a Resolver rule",
                "access level": "Write",
                "resource types": [
                    "resolver-rule*"
                ],
                "conditionKeys": "",
                "dependentActions": [
                    ""
                ]
            },
            {
                "name": "DisassociateFirewallRuleGroup",
                "description": "Grants permission to remove the association between a specified Firewall rule group and a specified VPC",
                "access level": "Write",
                "resource types": [
                    "firewall-rule-group-association*"
                ],
                "conditionKeys": "",
                "dependentActions": [
                    ""
                ]
            },
            {
                "name": "DisassociateResolverEndpointIpAddress",
                "description": "Grants permission to remove a specified IP address from a Resolver endpoint. This is an IP address that DNS queries pass through on the way to your network (outbound) or your VPCs (inbound)",
                "access level": "Write",
                "resource types": [
                    "resolver-endpoint*"
                ],
                "conditionKeys": "",
                "dependentActions": [
                    "ec2:DeleteNetworkInterface\n                            \n\n                                ec2:DescribeNetworkInterfaces"
                ]
            },
            {
                "name": "DisassociateResolverQueryLogConfig",
                "description": "Grants permission to remove the association between a specified Resolver query logging configuration and a specified VPC",
                "access level": "Write",
                "resource types": [
                    "resolver-query-log-config*"
                ],
                "conditionKeys": "",
                "dependentActions": [
                    ""
                ]
            },
            {
                "name": "DisassociateResolverRule",
                "description": "Grants permission to remove the association between a specified Resolver rule and a specified VPC",
                "access level": "Write",
                "resource types": [
                    "resolver-rule*"
                ],
                "conditionKeys": "",
                "dependentActions": [
                    ""
                ]
            },
            {
                "name": "GetFirewallConfig",
                "description": "Grants permission to get information about a specified Firewall config",
                "access level": "Read",
                "resource types": [
                    "firewall-config*"
                ],
                "conditionKeys": "",
                "dependentActions": [
                    "ec2:DescribeVpcs"
                ]
            },
            {
                "name": "GetFirewallDomainList",
                "description": "Grants permission to get information about a specified Firewall domain list",
                "access level": "Read",
                "resource types": [
                    "firewall-domain-list*"
                ],
                "conditionKeys": "",
                "dependentActions": [
                    ""
                ]
            },
            {
                "name": "GetFirewallRuleGroup",
                "description": "Grants permission to get information about a specified Firewall rule group",
                "access level": "Read",
                "resource types": [
                    "firewall-rule-group*"
                ],
                "conditionKeys": "",
                "dependentActions": [
                    ""
                ]
            },
            {
                "name": "GetFirewallRuleGroupAssociation",
                "description": "Grants permission to get information about an association between a specified Firewall rule group and a VPC",
                "access level": "Read",
                "resource types": [
                    "firewall-rule-group-association*"
                ],
                "conditionKeys": "",
                "dependentActions": [
                    ""
                ]
            },
            {
                "name": "GetFirewallRuleGroupPolicy",
                "description": "Grants permission to get information about a specified Firewall rule group policy, which specifies the Firewall rule group operations and resources that you want to allow another AWS account to use",
                "access level": "Read",
                "resource types": [
                    "firewall-rule-group*"
                ],
                "conditionKeys": "",
                "dependentActions": [
                    ""
                ]
            },
            {
                "name": "GetResolverConfig",
                "description": "Grants permission to get the Resolver Config status within the specified resource",
                "access level": "Read",
                "resource types": [
                    "resolver-config*"
                ],
                "conditionKeys": "",
                "dependentActions": [
                    "ec2:DescribeVpcs"
                ]
            },
            {
                "name": "GetResolverDnssecConfig",
                "description": "Grants permission to get the DNSSEC validation support status for DNS queries within the specified resource",
                "access level": "Read",
                "resource types": [
                    "resolver-dnssec-config*"
                ],
                "conditionKeys": "",
                "dependentActions": [
                    ""
                ]
            },
            {
                "name": "GetResolverEndpoint",
                "description": "Grants permission to get information about a specified Resolver endpoint, such as whether it's an inbound or an outbound endpoint, and the IP addresses in your VPC that DNS queries are forwarded to on the way into or out of your VPC",
                "access level": "Read",
                "resource types": [
                    "resolver-endpoint*"
                ],
                "conditionKeys": "",
                "dependentActions": [
                    ""
                ]
            },
            {
                "name": "GetResolverQueryLogConfig",
                "description": "Grants permission to get information about a specified Resolver query logging configuration, such as the number of VPCs that the configuration is logging queries for and the location that logs are sent to",
                "access level": "Read",
                "resource types": [
                    "resolver-query-log-config*"
                ],
                "conditionKeys": "",
                "dependentActions": [
                    "ec2:DescribeVpcs"
                ]
            },
            {
                "name": "GetResolverQueryLogConfigAssociation",
                "description": "Grants permission to get information about a specified association between a Resolver query logging configuration and an Amazon VPC. When you associate a VPC with a query logging configuration, Resolver logs DNS queries that originate in that VPC",
                "access level": "Read",
                "resource types": [
                    ""
                ],
                "conditionKeys": "",
                "dependentActions": [
                    ""
                ]
            },
            {
                "name": "GetResolverQueryLogConfigPolicy",
                "description": "Grants permission to get information about a specified Resolver query logging policy, which specifies the Resolver query logging operations and resources that you want to allow another AWS account to use",
                "access level": "Read",
                "resource types": [
                    "resolver-query-log-config*"
                ],
                "conditionKeys": "",
                "dependentActions": [
                    ""
                ]
            },
            {
                "name": "GetResolverRule",
                "description": "Grants permission to get information about a specified Resolver rule, such as the domain name that the rule forwards DNS queries for and the IP address that queries are forwarded to",
                "access level": "Read",
                "resource types": [
                    "resolver-rule*"
                ],
                "conditionKeys": "",
                "dependentActions": [
                    ""
                ]
            },
            {
                "name": "GetResolverRuleAssociation",
                "description": "Grants permission to get information about an association between a specified Resolver rule and a VPC",
                "access level": "Read",
                "resource types": [
                    "resolver-rule*"
                ],
                "conditionKeys": "",
                "dependentActions": [
                    ""
                ]
            },
            {
                "name": "GetResolverRulePolicy",
                "description": "Grants permission to get information about a Resolver rule policy, which specifies the Resolver operations and resources that you want to allow another AWS account to use",
                "access level": "Read",
                "resource types": [
                    "resolver-rule*"
                ],
                "conditionKeys": "",
                "dependentActions": [
                    ""
                ]
            },
            {
                "name": "ImportFirewallDomains",
                "description": "Grants permission to add, remove or replace Firewall domains in a Firewall domain list",
                "access level": "Write",
                "resource types": [
                    "firewall-domain-list*"
                ],
                "conditionKeys": "",
                "dependentActions": [
                    ""
                ]
            },
            {
                "name": "ListFirewallConfigs",
                "description": "Grants permission to list all the Firewall config that current AWS account is able to check",
                "access level": "List",
                "resource types": [
                    "firewall-config*"
                ],
                "conditionKeys": "",
                "dependentActions": [
                    "ec2:DescribeVpcs"
                ]
            },
            {
                "name": "ListFirewallDomainLists",
                "description": "Grants permission to list all the Firewall domain list that current AWS account is able to use",
                "access level": "List",
                "resource types": [
                    ""
                ],
                "conditionKeys": "",
                "dependentActions": [
                    ""
                ]
            },
            {
                "name": "ListFirewallDomains",
                "description": "Grants permission to list all the Firewall domain under a speicfied Firewall domain list",
                "access level": "List",
                "resource types": [
                    "firewall-domain-list*"
                ],
                "conditionKeys": "",
                "dependentActions": [
                    ""
                ]
            },
            {
                "name": "ListFirewallRuleGroupAssociations",
                "description": "Grants permission to list information about associations between Amazon VPCs and Firewall rule group",
                "access level": "List",
                "resource types": [
                    ""
                ],
                "conditionKeys": "",
                "dependentActions": [
                    ""
                ]
            },
            {
                "name": "ListFirewallRuleGroups",
                "description": "Grants permission to list all the Firewall rule group that current AWS account is able to use",
                "access level": "List",
                "resource types": [
                    ""
                ],
                "conditionKeys": "",
                "dependentActions": [
                    ""
                ]
            },
            {
                "name": "ListFirewallRules",
                "description": "Grants permission to list all the Firewall rule under a speicfied Firewall rule group",
                "access level": "List",
                "resource types": [
                    "firewall-rule-group*"
                ],
                "conditionKeys": "",
                "dependentActions": [
                    ""
                ]
            },
            {
                "name": "ListResolverConfigs",
                "description": "Grants permission to list Resolver Config statuses",
                "access level": "List",
                "resource types": [
                    "resolver-config*"
                ],
                "conditionKeys": "",
                "dependentActions": [
                    "ec2:DescribeVpcs"
                ]
            },
            {
                "name": "ListResolverDnssecConfigs",
                "description": "Grants permission to list the DNSSEC validation support status for DNS queries",
                "access level": "List",
                "resource types": [
                    "resolver-dnssec-config*"
                ],
                "conditionKeys": "",
                "dependentActions": [
                    ""
                ]
            },
            {
                "name": "ListResolverEndpointIpAddresses",
                "description": "Grants permission to list the IP addresses that DNS queries pass through on the way to your network (outbound) or your VPCs (inbound) for a specified Resolver endpoint",
                "access level": "List",
                "resource types": [
                    "resolver-endpoint*"
                ],
                "conditionKeys": "",
                "dependentActions": [
                    ""
                ]
            },
            {
                "name": "ListResolverEndpoints",
                "description": "Grants permission to list all the Resolver endpoints that were created using the current AWS account",
                "access level": "List",
                "resource types": [
                    ""
                ],
                "conditionKeys": "",
                "dependentActions": [
                    ""
                ]
            },
            {
                "name": "ListResolverQueryLogConfigAssociations",
                "description": "Grants permission to list information about associations between Amazon VPCs and query logging configurations",
                "access level": "List",
                "resource types": [
                    ""
                ],
                "conditionKeys": "",
                "dependentActions": [
                    "ec2:DescribeVpcs"
                ]
            },
            {
                "name": "ListResolverQueryLogConfigs",
                "description": "Grants permission to list information about the specified query logging configurations, which define where you want Resolver to save DNS query logs and specify the VPCs that you want to log queries for",
                "access level": "List",
                "resource types": [
                    ""
                ],
                "conditionKeys": "",
                "dependentActions": [
                    "ec2:DescribeVpcs"
                ]
            },
            {
                "name": "ListResolverRuleAssociations",
                "description": "Grants permission to list the associations that were created between Resolver rules and VPCs using the current AWS account",
                "access level": "List",
                "resource types": [
                    ""
                ],
                "conditionKeys": "",
                "dependentActions": [
                    "ec2:DescribeVpcs"
                ]
            },
            {
                "name": "ListResolverRules",
                "description": "Grants permission to list the Resolver rules that were created using the current AWS account",
                "access level": "List",
                "resource types": [
                    ""
                ],
                "conditionKeys": "",
                "dependentActions": [
                    ""
                ]
            },
            {
                "name": "ListTagsForResource",
                "description": "Grants permission to list the tags that you associated with the specified resource",
                "access level": "Read",
                "resource types": [
                    "firewall-domain-list"
                ],
                "conditionKeys": "",
                "dependentActions": [
                    ""
                ]
            },
            {
                "name": "PutFirewallRuleGroupPolicy",
                "description": "Grants permission to specify an AWS account that you want to share a Firewall rule group with, the Firewall rule group that you want to share, and the operations that you want the account to be able to perform on the configuration",
                "access level": "Permissions management",
                "resource types": [
                    "firewall-rule-group*"
                ],
                "conditionKeys": "",
                "dependentActions": [
                    ""
                ]
            },
            {
                "name": "PutResolverQueryLogConfigPolicy",
                "description": "Grants permission to specify an AWS account that you want to share a query logging configuration with, the query logging configuration that you want to share, and the operations that you want the account to be able to perform on the configuration",
                "access level": "Permissions management",
                "resource types": [
                    "resolver-query-log-config*"
                ],
                "conditionKeys": "",
                "dependentActions": [
                    ""
                ]
            },
            {
                "name": "PutResolverRulePolicy",
                "description": "Grants permission to specify an AWS account that you want to share rules with, the Resolver rules that you want to share, and the operations that you want the account to be able to perform on those rules",
                "access level": "Permissions management",
                "resource types": [
                    "resolver-rule*"
                ],
                "conditionKeys": "",
                "dependentActions": [
                    ""
                ]
            },
            {
                "name": "TagResource",
                "description": "Grants permission to add one or more tags to a specified resource",
                "access level": "Tagging",
                "resource types": [
                    "firewall-config"
                ],
                "conditionKeys": "",
                "dependentActions": [
                    ""
                ]
            },
            {
                "name": "UntagResource",
                "description": "Grants permission to remove one or more tags from a specified resource",
                "access level": "Tagging",
                "resource types": [
                    "firewall-config"
                ],
                "conditionKeys": "",
                "dependentActions": [
                    ""
                ]
            },
            {
                "name": "UpdateFirewallConfig",
                "description": "Grants permission to update selected settings for an Firewall config",
                "access level": "Write",
                "resource types": [
                    "firewall-config*"
                ],
                "conditionKeys": "",
                "dependentActions": [
                    "ec2:DescribeVpcs"
                ]
            },
            {
                "name": "UpdateFirewallDomains",
                "description": "Grants permission to add, remove or replace Firewall domains in a Firewall domain list",
                "access level": "Write",
                "resource types": [
                    "firewall-domain-list*"
                ],
                "conditionKeys": "",
                "dependentActions": [
                    ""
                ]
            },
            {
                "name": "UpdateFirewallRule",
                "description": "Grants permission to update selected settings for an Firewall rule in a Firewall rule group",
                "access level": "Write",
                "resource types": [
                    "firewall-rule-group*"
                ],
                "conditionKeys": "",
                "dependentActions": [
                    ""
                ]
            },
            {
                "name": "UpdateFirewallRuleGroupAssociation",
                "description": "Grants permission to update selected settings for an Firewall rule group association",
                "access level": "Write",
                "resource types": [
                    "firewall-rule-group-association*"
                ],
                "conditionKeys": "",
                "dependentActions": [
                    ""
                ]
            },
            {
                "name": "UpdateResolverConfig",
                "description": "Grants permission to update the Resolver Config status within the specified resource",
                "access level": "Write",
                "resource types": [
                    "resolver-config*"
                ],
                "conditionKeys": "",
                "dependentActions": [
                    "ec2:DescribeVpcs"
                ]
            },
            {
                "name": "UpdateResolverDnssecConfig",
                "description": "Grants permission to update the DNSSEC validation support status for DNS queries within the specified resource",
                "access level": "Write",
                "resource types": [
                    "resolver-dnssec-config*"
                ],
                "conditionKeys": "",
                "dependentActions": [
                    ""
                ]
            },
            {
                "name": "UpdateResolverEndpoint",
                "description": "Grants permission to update selected settings for an inbound or an outbound Resolver endpoint",
                "access level": "Write",
                "resource types": [
                    "resolver-endpoint*"
                ],
                "conditionKeys": "",
                "dependentActions": [
                    "ec2:AssignIpv6Addresses\n                            \n\n                                ec2:DescribeNetworkInterfaces\n                            \n\n                                ec2:DescribeSubnets\n                            \n\n                                ec2:ModifyNetworkInterfaceAttribute\n                            \n\n                                ec2:UnassignIpv6Addresses"
                ]
            },
            {
                "name": "UpdateResolverRule",
                "description": "Grants permission to update settings for a specified Resolver rule",
                "access level": "Write",
                "resource types": [
                    "resolver-rule*"
                ],
                "conditionKeys": "",
                "dependentActions": [
                    ""
                ]
            }
        ]
    },
    {
        "resources": [
            {
                "resource_type": "resolver-dnssec-config",
                "ARN": "arn:${Partition}:route53resolver:${Region}:${Account}:resolver-dnssec-config/${ResourceId}",
                "conditionKeys": "aws:ResourceTag/${TagKey}"
            },
            {
                "resource_type": "resolver-query-log-config",
                "ARN": "arn:${Partition}:route53resolver:${Region}:${Account}:resolver-query-log-config/${ResourceId}",
                "conditionKeys": "aws:ResourceTag/${TagKey}"
            },
            {
                "resource_type": "resolver-rule",
                "ARN": "arn:${Partition}:route53resolver:${Region}:${Account}:resolver-rule/${ResourceId}",
                "conditionKeys": "aws:ResourceTag/${TagKey}"
            },
            {
                "resource_type": "resolver-endpoint",
                "ARN": "arn:${Partition}:route53resolver:${Region}:${Account}:resolver-endpoint/${ResourceId}",
                "conditionKeys": "aws:ResourceTag/${TagKey}"
            },
            {
                "resource_type": "firewall-rule-group",
                "ARN": "arn:${Partition}:route53resolver:${Region}:${Account}:firewall-rule-group/${ResourceId}",
                "conditionKeys": "aws:ResourceTag/${TagKey}"
            },
            {
                "resource_type": "firewall-rule-group-association",
                "ARN": "arn:${Partition}:route53resolver:${Region}:${Account}:firewall-rule-group-association/${ResourceId}",
                "conditionKeys": "aws:ResourceTag/${TagKey}"
            },
            {
                "resource_type": "firewall-domain-list",
                "ARN": "arn:${Partition}:route53resolver:${Region}:${Account}:firewall-domain-list/${ResourceId}",
                "conditionKeys": "aws:ResourceTag/${TagKey}"
            },
            {
                "resource_type": "firewall-config",
                "ARN": "arn:${Partition}:route53resolver:${Region}:${Account}:firewall-config/${ResourceId}",
                "conditionKeys": "aws:ResourceTag/${TagKey}"
            },
            {
                "resource_type": "resolver-config",
                "ARN": "arn:${Partition}:route53resolver:${Region}:${Account}:resolver-config/${ResourceId}",
                "conditionKeys": ""
            }
        ]
    },
    {
        "conditions": [
            {
                "Condition keys": "aws:RequestTag/${TagKey}",
                "Description": "Filters access by the presence of tag key-value pairs in the request",
                "Type": "String"
            },
            {
                "Condition keys": "aws:ResourceTag/${TagKey}",
                "Description": "Filters access by the presence of tag key-value pairs attached to the resource",
                "Type": "String"
            },
            {
                "Condition keys": "aws:TagKeys",
                "Description": "Filters access by the presence of tag keys in the request",
                "Type": "ArrayOfString"
            }
        ]
    }
]