[
    {
        "prefix_item": "route53-recovery-readiness"
    },
    {
        "link": "https://docs.aws.amazon.com/service-authorization/latest/reference/./list_amazonroute53recoveryreadiness.html"
    },
    {
        "actions": [
            {
                "name": "CreateCell",
                "description": "Grants permission to create a new cell",
                "access level": "Write",
                "resource types": [
                    "cell*"
                ],
                "conditionKeys": "",
                "dependentActions": [
                    ""
                ]
            },
            {
                "name": "CreateCrossAccountAuthorization",
                "description": "Grants permission to create a cross account authorization",
                "access level": "Write",
                "resource types": [
                    ""
                ],
                "conditionKeys": "",
                "dependentActions": [
                    ""
                ]
            },
            {
                "name": "CreateReadinessCheck",
                "description": "Grants permission to create a readiness check",
                "access level": "Write",
                "resource types": [
                    "readinesscheck*"
                ],
                "conditionKeys": "",
                "dependentActions": [
                    ""
                ]
            },
            {
                "name": "CreateRecoveryGroup",
                "description": "Grants permission to create a recovery group",
                "access level": "Write",
                "resource types": [
                    "recoverygroup*"
                ],
                "conditionKeys": "",
                "dependentActions": [
                    ""
                ]
            },
            {
                "name": "CreateResourceSet",
                "description": "Grants permission to create a resource set",
                "access level": "Write",
                "resource types": [
                    "resourceset*"
                ],
                "conditionKeys": "",
                "dependentActions": [
                    ""
                ]
            },
            {
                "name": "DeleteCell",
                "description": "Grants permission to delete a cell",
                "access level": "Write",
                "resource types": [
                    "cell*"
                ],
                "conditionKeys": "",
                "dependentActions": [
                    ""
                ]
            },
            {
                "name": "DeleteCrossAccountAuthorization",
                "description": "Grants permission to delete a cross account authorization",
                "access level": "Write",
                "resource types": [
                    ""
                ],
                "conditionKeys": "",
                "dependentActions": [
                    ""
                ]
            },
            {
                "name": "DeleteReadinessCheck",
                "description": "Grants permission to delete a readiness check",
                "access level": "Write",
                "resource types": [
                    "readinesscheck*"
                ],
                "conditionKeys": "",
                "dependentActions": [
                    ""
                ]
            },
            {
                "name": "DeleteRecoveryGroup",
                "description": "Grants permission to delete a recovery group",
                "access level": "Write",
                "resource types": [
                    "recoverygroup*"
                ],
                "conditionKeys": "",
                "dependentActions": [
                    ""
                ]
            },
            {
                "name": "DeleteResourceSet",
                "description": "Grants permission to delete a resource set",
                "access level": "Write",
                "resource types": [
                    "resourceset*"
                ],
                "conditionKeys": "",
                "dependentActions": [
                    ""
                ]
            },
            {
                "name": "GetArchitectureRecommendations",
                "description": "Grants permission to get architecture recommendations for a recovery group",
                "access level": "Read",
                "resource types": [
                    "recoverygroup*"
                ],
                "conditionKeys": "",
                "dependentActions": [
                    ""
                ]
            },
            {
                "name": "GetCell",
                "description": "Grants permission to get information about a cell",
                "access level": "Read",
                "resource types": [
                    "cell*"
                ],
                "conditionKeys": "",
                "dependentActions": [
                    ""
                ]
            },
            {
                "name": "GetCellReadinessSummary",
                "description": "Grants permission to get a readiness summary for a cell",
                "access level": "Read",
                "resource types": [
                    "cell*"
                ],
                "conditionKeys": "",
                "dependentActions": [
                    ""
                ]
            },
            {
                "name": "GetReadinessCheck",
                "description": "Grants permission to get information about a readiness check",
                "access level": "Read",
                "resource types": [
                    "readinesscheck*"
                ],
                "conditionKeys": "",
                "dependentActions": [
                    ""
                ]
            },
            {
                "name": "GetReadinessCheckResourceStatus",
                "description": "Grants permission to get the readiness status for an individual resource",
                "access level": "Read",
                "resource types": [
                    "readinesscheck*"
                ],
                "conditionKeys": "",
                "dependentActions": [
                    ""
                ]
            },
            {
                "name": "GetReadinessCheckStatus",
                "description": "Grants permission to get the status of a readiness check (for a resource set)",
                "access level": "Read",
                "resource types": [
                    "readinesscheck*"
                ],
                "conditionKeys": "",
                "dependentActions": [
                    ""
                ]
            },
            {
                "name": "GetRecoveryGroup",
                "description": "Grants permission to get information about a recovery group",
                "access level": "Read",
                "resource types": [
                    "recoverygroup*"
                ],
                "conditionKeys": "",
                "dependentActions": [
                    ""
                ]
            },
            {
                "name": "GetRecoveryGroupReadinessSummary",
                "description": "Grants permission to get a readiness summary for a recovery group",
                "access level": "Read",
                "resource types": [
                    "recoverygroup*"
                ],
                "conditionKeys": "",
                "dependentActions": [
                    ""
                ]
            },
            {
                "name": "GetResourceSet",
                "description": "Grants permission to get information about a resource set",
                "access level": "Read",
                "resource types": [
                    "resourceset*"
                ],
                "conditionKeys": "",
                "dependentActions": [
                    ""
                ]
            },
            {
                "name": "ListCells",
                "description": "Grants permission to list cells",
                "access level": "Read",
                "resource types": [
                    ""
                ],
                "conditionKeys": "",
                "dependentActions": [
                    ""
                ]
            },
            {
                "name": "ListCrossAccountAuthorizations",
                "description": "Grants permission to list cross account authorizations",
                "access level": "Read",
                "resource types": [
                    ""
                ],
                "conditionKeys": "",
                "dependentActions": [
                    ""
                ]
            },
            {
                "name": "ListReadinessChecks",
                "description": "Grants permission to list readiness checks",
                "access level": "Read",
                "resource types": [
                    ""
                ],
                "conditionKeys": "",
                "dependentActions": [
                    ""
                ]
            },
            {
                "name": "ListRecoveryGroups",
                "description": "Grants permission to list recovery groups",
                "access level": "Read",
                "resource types": [
                    ""
                ],
                "conditionKeys": "",
                "dependentActions": [
                    ""
                ]
            },
            {
                "name": "ListResourceSets",
                "description": "Grants permission to list resource sets",
                "access level": "Read",
                "resource types": [
                    ""
                ],
                "conditionKeys": "",
                "dependentActions": [
                    ""
                ]
            },
            {
                "name": "ListRules",
                "description": "Grants permission to list readiness rules",
                "access level": "Read",
                "resource types": [
                    ""
                ],
                "conditionKeys": "",
                "dependentActions": [
                    ""
                ]
            },
            {
                "name": "ListTagsForResources",
                "description": "Grants permission to list tags for a resource",
                "access level": "Read",
                "resource types": [
                    ""
                ],
                "conditionKeys": "",
                "dependentActions": [
                    ""
                ]
            },
            {
                "name": "TagResource",
                "description": "Grants permission to add a tag to a resource",
                "access level": "Tagging",
                "resource types": [
                    "cell"
                ],
                "conditionKeys": "",
                "dependentActions": [
                    ""
                ]
            },
            {
                "name": "UntagResource",
                "description": "Grants permission to remove a tag from a resource",
                "access level": "Tagging",
                "resource types": [
                    "cell"
                ],
                "conditionKeys": "",
                "dependentActions": [
                    ""
                ]
            },
            {
                "name": "UpdateCell",
                "description": "Grants permission to update a cell",
                "access level": "Write",
                "resource types": [
                    "cell*"
                ],
                "conditionKeys": "",
                "dependentActions": [
                    ""
                ]
            },
            {
                "name": "UpdateReadinessCheck",
                "description": "Grants permission to update a readiness check",
                "access level": "Write",
                "resource types": [
                    "readinesscheck*"
                ],
                "conditionKeys": "",
                "dependentActions": [
                    ""
                ]
            },
            {
                "name": "UpdateRecoveryGroup",
                "description": "Grants permission to update a recovery group",
                "access level": "Write",
                "resource types": [
                    "recoverygroup*"
                ],
                "conditionKeys": "",
                "dependentActions": [
                    ""
                ]
            },
            {
                "name": "UpdateResourceSet",
                "description": "Grants permission to update a resource set",
                "access level": "Write",
                "resource types": [
                    "resourceset*"
                ],
                "conditionKeys": "",
                "dependentActions": [
                    ""
                ]
            }
        ]
    },
    {
        "resources": [
            {
                "resource_type": "readinesscheck",
                "ARN": "arn:${Partition}:route53-recovery-readiness::${Account}:readiness-check/${ResourceId}",
                "conditionKeys": "aws:ResourceTag/${TagKey}"
            },
            {
                "resource_type": "resourceset",
                "ARN": "arn:${Partition}:route53-recovery-readiness::${Account}:resource-set/${ResourceId}",
                "conditionKeys": "aws:ResourceTag/${TagKey}"
            },
            {
                "resource_type": "cell",
                "ARN": "arn:${Partition}:route53-recovery-readiness::${Account}:cell/${ResourceId}",
                "conditionKeys": "aws:ResourceTag/${TagKey}"
            },
            {
                "resource_type": "recoverygroup",
                "ARN": "arn:${Partition}:route53-recovery-readiness::${Account}:recovery-group/${ResourceId}",
                "conditionKeys": "aws:ResourceTag/${TagKey}"
            }
        ]
    },
    {
        "conditions": [
            {
                "Condition keys": "aws:RequestTag/${TagKey}",
                "Description": "Filters access by the tags that are passed in the request",
                "Type": "String"
            },
            {
                "Condition keys": "aws:ResourceTag/${TagKey}",
                "Description": "Filters access by the tags associated with the resource",
                "Type": "String"
            },
            {
                "Condition keys": "aws:TagKeys",
                "Description": "Filters access by the tag keys that are passed in the request",
                "Type": "ArrayOfString"
            }
        ]
    }
]