[
    {
        "prefix_item": "route53-recovery-control-config"
    },
    {
        "link": "https://docs.aws.amazon.com/service-authorization/latest/reference/./list_amazonroute53recoverycontrols.html"
    },
    {
        "actions": [
            {
                "name": "CreateCluster",
                "description": "Grants permission to create a cluster",
                "access level": "Write",
                "resource types": [
                    "cluster*"
                ],
                "conditionKeys": "",
                "dependentActions": [
                    ""
                ]
            },
            {
                "name": "CreateControlPanel",
                "description": "Grants permission to create a control panel",
                "access level": "Write",
                "resource types": [
                    "controlpanel*"
                ],
                "conditionKeys": "",
                "dependentActions": [
                    ""
                ]
            },
            {
                "name": "CreateRoutingControl",
                "description": "Grants permission to create a routing control",
                "access level": "Write",
                "resource types": [
                    "routingcontrol*"
                ],
                "conditionKeys": "",
                "dependentActions": [
                    ""
                ]
            },
            {
                "name": "CreateSafetyRule",
                "description": "Grants permission to create a safety rule",
                "access level": "Write",
                "resource types": [
                    "safetyrule*"
                ],
                "conditionKeys": "",
                "dependentActions": [
                    ""
                ]
            },
            {
                "name": "DeleteCluster",
                "description": "Grants permission to delete a cluster",
                "access level": "Write",
                "resource types": [
                    "cluster*"
                ],
                "conditionKeys": "",
                "dependentActions": [
                    ""
                ]
            },
            {
                "name": "DeleteControlPanel",
                "description": "Grants permission to delete a control panel",
                "access level": "Write",
                "resource types": [
                    "controlpanel*"
                ],
                "conditionKeys": "",
                "dependentActions": [
                    ""
                ]
            },
            {
                "name": "DeleteRoutingControl",
                "description": "Grants permission to delete a routing control",
                "access level": "Write",
                "resource types": [
                    "routingcontrol*"
                ],
                "conditionKeys": "",
                "dependentActions": [
                    ""
                ]
            },
            {
                "name": "DeleteSafetyRule",
                "description": "Grants permission to delete a safety rule",
                "access level": "Write",
                "resource types": [
                    "safetyrule*"
                ],
                "conditionKeys": "",
                "dependentActions": [
                    ""
                ]
            },
            {
                "name": "DescribeCluster",
                "description": "Grants permission to describe a cluster",
                "access level": "Read",
                "resource types": [
                    "cluster*"
                ],
                "conditionKeys": "",
                "dependentActions": [
                    ""
                ]
            },
            {
                "name": "DescribeControlPanel",
                "description": "Grants permission to describe a control panel",
                "access level": "Read",
                "resource types": [
                    "controlpanel*"
                ],
                "conditionKeys": "",
                "dependentActions": [
                    ""
                ]
            },
            {
                "name": "DescribeRoutingControl",
                "description": "Grants permission to describe a routing control",
                "access level": "Read",
                "resource types": [
                    "routingcontrol*"
                ],
                "conditionKeys": "",
                "dependentActions": [
                    ""
                ]
            },
            {
                "name": "DescribeRoutingControlByName",
                "description": "Grants permission to describe a routing control",
                "access level": "Read",
                "resource types": [
                    "routingcontrol*"
                ],
                "conditionKeys": "",
                "dependentActions": [
                    ""
                ]
            },
            {
                "name": "DescribeSafetyRule",
                "description": "Grants permission to describe a safety rule",
                "access level": "Read",
                "resource types": [
                    "safetyrule*"
                ],
                "conditionKeys": "",
                "dependentActions": [
                    ""
                ]
            },
            {
                "name": "ListAssociatedRoute53HealthChecks",
                "description": "Grants permission to list associated Route 53 health checks",
                "access level": "List",
                "resource types": [
                    ""
                ],
                "conditionKeys": "",
                "dependentActions": [
                    ""
                ]
            },
            {
                "name": "ListClusters",
                "description": "Grants permission to list clusters",
                "access level": "Read",
                "resource types": [
                    ""
                ],
                "conditionKeys": "",
                "dependentActions": [
                    ""
                ]
            },
            {
                "name": "ListControlPanels",
                "description": "Grants permission to list control panels",
                "access level": "Read",
                "resource types": [
                    ""
                ],
                "conditionKeys": "",
                "dependentActions": [
                    ""
                ]
            },
            {
                "name": "ListRoutingControls",
                "description": "Grants permission to list routing controls",
                "access level": "Read",
                "resource types": [
                    ""
                ],
                "conditionKeys": "",
                "dependentActions": [
                    ""
                ]
            },
            {
                "name": "ListSafetyRules",
                "description": "Grants permission to list safety rules",
                "access level": "Read",
                "resource types": [
                    "controlpanel*"
                ],
                "conditionKeys": "",
                "dependentActions": [
                    ""
                ]
            },
            {
                "name": "ListTagsForResource",
                "description": "Grants permission to list tags for a resource",
                "access level": "Read",
                "resource types": [
                    ""
                ],
                "conditionKeys": "",
                "dependentActions": [
                    ""
                ]
            },
            {
                "name": "TagResource",
                "description": "Grants permission to tag a resource",
                "access level": "Tagging",
                "resource types": [
                    "cluster"
                ],
                "conditionKeys": "",
                "dependentActions": [
                    ""
                ]
            },
            {
                "name": "UntagResource",
                "description": "Grants permission to remove tags from a resource",
                "access level": "Tagging",
                "resource types": [
                    "cluster"
                ],
                "conditionKeys": "",
                "dependentActions": [
                    ""
                ]
            },
            {
                "name": "UpdateControlPanel",
                "description": "Grants permission to update a cluster",
                "access level": "Write",
                "resource types": [
                    "controlpanel*"
                ],
                "conditionKeys": "",
                "dependentActions": [
                    ""
                ]
            },
            {
                "name": "UpdateRoutingControl",
                "description": "Grants permission to update a routing control",
                "access level": "Write",
                "resource types": [
                    "routingcontrol*"
                ],
                "conditionKeys": "",
                "dependentActions": [
                    ""
                ]
            },
            {
                "name": "UpdateSafetyRule",
                "description": "Grants permission to update a safety rule",
                "access level": "Write",
                "resource types": [
                    "safetyrule*"
                ],
                "conditionKeys": "",
                "dependentActions": [
                    ""
                ]
            }
        ]
    },
    {
        "resources": [
            {
                "resource_type": "cluster",
                "ARN": "arn:${Partition}:route53-recovery-control::${Account}:cluster/${ResourceId}",
                "conditionKeys": "aws:ResourceTag/${TagKey}"
            },
            {
                "resource_type": "controlpanel",
                "ARN": "arn:${Partition}:route53-recovery-control::${Account}:controlpanel/${ControlPanelId}",
                "conditionKeys": "aws:ResourceTag/${TagKey}"
            },
            {
                "resource_type": "routingcontrol",
                "ARN": "arn:${Partition}:route53-recovery-control::${Account}:controlpanel/${ControlPanelId}/routingcontrol/${RoutingControlId}",
                "conditionKeys": ""
            },
            {
                "resource_type": "safetyrule",
                "ARN": "arn:${Partition}:route53-recovery-control::${Account}:controlpanel/${ControlPanelId}/safetyrule/${SafetyRuleId}",
                "conditionKeys": "aws:ResourceTag/${TagKey}"
            }
        ]
    },
    {
        "conditions": [
            {
                "Condition keys": "aws:RequestTag/${TagKey}",
                "Description": "Filters access by a tag's key and value in a request",
                "Type": "String"
            },
            {
                "Condition keys": "aws:ResourceTag/${TagKey}",
                "Description": "Filters access based on tag key-value pairs attached to the resource",
                "Type": "String"
            },
            {
                "Condition keys": "aws:TagKeys",
                "Description": "Filters access based on the presence of tag keys in the request",
                "Type": "String"
            }
        ]
    }
]