[
    {
        "prefix_item": "schemas"
    },
    {
        "link": "https://docs.aws.amazon.com/service-authorization/latest/reference/./list_amazoneventbridgeschemas.html"
    },
    {
        "actions": [
            {
                "name": "CreateDiscoverer",
                "description": "Grants permission to create an event schema discoverer. Once created, your events will be automatically map into corresponding schema documents",
                "access level": "Write",
                "resource types": [
                    ""
                ],
                "conditionKeys": "aws:RequestTag/${TagKey}\n\n\naws:TagKeys",
                "dependentActions": [
                    ""
                ]
            },
            {
                "name": "CreateRegistry",
                "description": "Grants permission to create a new schema registry in your account",
                "access level": "Write",
                "resource types": [
                    "registry*"
                ],
                "conditionKeys": "",
                "dependentActions": [
                    ""
                ]
            },
            {
                "name": "CreateSchema",
                "description": "Grants permission to create a new schema in your account",
                "access level": "Write",
                "resource types": [
                    "schema*"
                ],
                "conditionKeys": "",
                "dependentActions": [
                    ""
                ]
            },
            {
                "name": "DeleteDiscoverer",
                "description": "Grants permission to delete discoverer in your account",
                "access level": "Write",
                "resource types": [
                    "discoverer*"
                ],
                "conditionKeys": "",
                "dependentActions": [
                    ""
                ]
            },
            {
                "name": "DeleteRegistry",
                "description": "Grants permission to delete an existing registry in your account",
                "access level": "Write",
                "resource types": [
                    "registry*"
                ],
                "conditionKeys": "",
                "dependentActions": [
                    ""
                ]
            },
            {
                "name": "DeleteResourcePolicy",
                "description": "Grants permission to delete the resource-based policy attached to a given registry",
                "access level": "Write",
                "resource types": [
                    "registry*"
                ],
                "conditionKeys": "",
                "dependentActions": [
                    ""
                ]
            },
            {
                "name": "DeleteSchema",
                "description": "Grants permission to delete an existing schema in your account",
                "access level": "Write",
                "resource types": [
                    "schema*"
                ],
                "conditionKeys": "",
                "dependentActions": [
                    ""
                ]
            },
            {
                "name": "DeleteSchemaVersion",
                "description": "Grants permission to delete a specific version of schema in your account",
                "access level": "Write",
                "resource types": [
                    "schema*"
                ],
                "conditionKeys": "",
                "dependentActions": [
                    ""
                ]
            },
            {
                "name": "DescribeCodeBinding",
                "description": "Grants permission to retrieve metadata for generated code for specific schema in your account",
                "access level": "Read",
                "resource types": [
                    "schema*"
                ],
                "conditionKeys": "",
                "dependentActions": [
                    ""
                ]
            },
            {
                "name": "DescribeDiscoverer",
                "description": "Grants permission to retrieve discoverer metadata in your account",
                "access level": "Read",
                "resource types": [
                    "discoverer*"
                ],
                "conditionKeys": "",
                "dependentActions": [
                    ""
                ]
            },
            {
                "name": "DescribeRegistry",
                "description": "Grants permission to describe an existing registry metadata in your account",
                "access level": "Read",
                "resource types": [
                    "registry*"
                ],
                "conditionKeys": "",
                "dependentActions": [
                    ""
                ]
            },
            {
                "name": "DescribeSchema",
                "description": "Grants permission to retrieve an existing schema in your account",
                "access level": "Read",
                "resource types": [
                    "schema*"
                ],
                "conditionKeys": "",
                "dependentActions": [
                    ""
                ]
            },
            {
                "name": "ExportSchema",
                "description": "Grants permission to export the AWS registry or discovered schemas in OpenAPI 3 format to JSONSchema format",
                "access level": "Read",
                "resource types": [
                    "registry*"
                ],
                "conditionKeys": "",
                "dependentActions": [
                    ""
                ]
            },
            {
                "name": "GetCodeBindingSource",
                "description": "Grants permission to retrieve metadata for generated code for specific schema in your account",
                "access level": "Read",
                "resource types": [
                    "schema*"
                ],
                "conditionKeys": "",
                "dependentActions": [
                    ""
                ]
            },
            {
                "name": "GetDiscoveredSchema",
                "description": "Grants permission to retrieve a schema for the provided list of sample events",
                "access level": "Read",
                "resource types": [
                    ""
                ],
                "conditionKeys": "",
                "dependentActions": [
                    ""
                ]
            },
            {
                "name": "GetResourcePolicy",
                "description": "Grants permission to retrieve the resource-based policy attached to a given registry",
                "access level": "Read",
                "resource types": [
                    "registry*"
                ],
                "conditionKeys": "",
                "dependentActions": [
                    ""
                ]
            },
            {
                "name": "ListDiscoverers",
                "description": "Grants permission to list all discoverers in your account",
                "access level": "List",
                "resource types": [
                    "discoverer*"
                ],
                "conditionKeys": "",
                "dependentActions": [
                    ""
                ]
            },
            {
                "name": "ListRegistries",
                "description": "Grants permission to list all registries in your account",
                "access level": "List",
                "resource types": [
                    "registry*"
                ],
                "conditionKeys": "",
                "dependentActions": [
                    ""
                ]
            },
            {
                "name": "ListSchemaVersions",
                "description": "Grants permission to list all versions of a schema",
                "access level": "List",
                "resource types": [
                    "schema*"
                ],
                "conditionKeys": "",
                "dependentActions": [
                    ""
                ]
            },
            {
                "name": "ListSchemas",
                "description": "Grants permission to list all schemas",
                "access level": "List",
                "resource types": [
                    "schema*"
                ],
                "conditionKeys": "",
                "dependentActions": [
                    ""
                ]
            },
            {
                "name": "ListTagsForResource",
                "description": "Grants permission to lists tags for a resource",
                "access level": "Read",
                "resource types": [
                    "discoverer"
                ],
                "conditionKeys": "",
                "dependentActions": [
                    ""
                ]
            },
            {
                "name": "PutCodeBinding",
                "description": "Grants permission to generate code for specific schema in your account",
                "access level": "Write",
                "resource types": [
                    "schema*"
                ],
                "conditionKeys": "",
                "dependentActions": [
                    ""
                ]
            },
            {
                "name": "PutResourcePolicy",
                "description": "Grants permission to attach a resource-based policy to a given registry",
                "access level": "Write",
                "resource types": [
                    "registry*"
                ],
                "conditionKeys": "",
                "dependentActions": [
                    ""
                ]
            },
            {
                "name": "SearchSchemas",
                "description": "Grants permission to search schemas based on specified keywords in your account",
                "access level": "List",
                "resource types": [
                    "schema*"
                ],
                "conditionKeys": "",
                "dependentActions": [
                    ""
                ]
            },
            {
                "name": "StartDiscoverer",
                "description": "Grants permission to start the specified discoverer. Once started the discoverer will automatically register schemas for published events to configured source in your account",
                "access level": "Write",
                "resource types": [
                    "discoverer*"
                ],
                "conditionKeys": "",
                "dependentActions": [
                    ""
                ]
            },
            {
                "name": "StopDiscoverer",
                "description": "Grants permission to stop the specified discoverer. Once stopped the discoverer will no longer register schemas for published events to configured source in your account",
                "access level": "Write",
                "resource types": [
                    "discoverer*"
                ],
                "conditionKeys": "",
                "dependentActions": [
                    ""
                ]
            },
            {
                "name": "TagResource",
                "description": "Grants permission to tag a resource",
                "access level": "Tagging",
                "resource types": [
                    "discoverer"
                ],
                "conditionKeys": "",
                "dependentActions": [
                    ""
                ]
            },
            {
                "name": "UntagResource",
                "description": "Grants permission to remove a tag from a resource",
                "access level": "Tagging",
                "resource types": [
                    "discoverer"
                ],
                "conditionKeys": "",
                "dependentActions": [
                    ""
                ]
            },
            {
                "name": "UpdateDiscoverer",
                "description": "Grants permission to update an existing discoverer in your account",
                "access level": "Write",
                "resource types": [
                    "discoverer*"
                ],
                "conditionKeys": "",
                "dependentActions": [
                    ""
                ]
            },
            {
                "name": "UpdateRegistry",
                "description": "Grants permission to update an existing registry metadata in your account",
                "access level": "Write",
                "resource types": [
                    "registry*"
                ],
                "conditionKeys": "",
                "dependentActions": [
                    ""
                ]
            },
            {
                "name": "UpdateSchema",
                "description": "Grants permission to update an existing schema in your account",
                "access level": "Write",
                "resource types": [
                    "schema*"
                ],
                "conditionKeys": "",
                "dependentActions": [
                    ""
                ]
            }
        ]
    },
    {
        "resources": [
            {
                "resource_type": "discoverer",
                "ARN": "arn:${Partition}:schemas:${Region}:${Account}:discoverer/${DiscovererId}",
                "conditionKeys": "aws:ResourceTag/${TagKey}"
            },
            {
                "resource_type": "registry",
                "ARN": "arn:${Partition}:schemas:${Region}:${Account}:registry/${RegistryName}",
                "conditionKeys": "aws:ResourceTag/${TagKey}"
            },
            {
                "resource_type": "schema",
                "ARN": "arn:${Partition}:schemas:${Region}:${Account}:schema/${RegistryName}/${SchemaName}",
                "conditionKeys": "aws:ResourceTag/${TagKey}"
            }
        ]
    },
    {
        "conditions": [
            {
                "Condition keys": "aws:RequestTag/${TagKey}",
                "Description": "Filters access by allowed set of values for each of the tags",
                "Type": "String"
            },
            {
                "Condition keys": "aws:ResourceTag/${TagKey}",
                "Description": "Filters access by tag-value associated with the resource",
                "Type": "String"
            },
            {
                "Condition keys": "aws:TagKeys",
                "Description": "Filters access by the presence of mandatory tags in the request",
                "Type": "ArrayOfString"
            }
        ]
    }
]