[
    {
        "prefix_item": "secretsmanager"
    },
    {
        "link": "https://docs.aws.amazon.com/service-authorization/latest/reference/./list_awssecretsmanager.html"
    },
    {
        "actions": [
            {
                "name": "CancelRotateSecret",
                "description": "Grants permission to cancel an in-progress secret rotation",
                "access level": "Write",
                "resource types": [
                    "Secret*"
                ],
                "conditionKeys": "",
                "dependentActions": [
                    ""
                ]
            },
            {
                "name": "CreateSecret",
                "description": "Grants permission to create a secret that stores encrypted data that can be queried and rotated",
                "access level": "Write",
                "resource types": [
                    "Secret*"
                ],
                "conditionKeys": "",
                "dependentActions": [
                    ""
                ]
            },
            {
                "name": "DeleteResourcePolicy",
                "description": "Grants permission to delete the resource policy attached to a secret",
                "access level": "Permissions management",
                "resource types": [
                    "Secret*"
                ],
                "conditionKeys": "",
                "dependentActions": [
                    ""
                ]
            },
            {
                "name": "DeleteSecret",
                "description": "Grants permission to delete a secret",
                "access level": "Write",
                "resource types": [
                    "Secret*"
                ],
                "conditionKeys": "",
                "dependentActions": [
                    ""
                ]
            },
            {
                "name": "DescribeSecret",
                "description": "Grants permission to retrieve the metadata about a secret, but not the encrypted data",
                "access level": "Read",
                "resource types": [
                    "Secret*"
                ],
                "conditionKeys": "",
                "dependentActions": [
                    ""
                ]
            },
            {
                "name": "GetRandomPassword",
                "description": "Grants permission to generate a random string for use in password creation",
                "access level": "Read",
                "resource types": [
                    ""
                ],
                "conditionKeys": "",
                "dependentActions": [
                    ""
                ]
            },
            {
                "name": "GetResourcePolicy",
                "description": "Grants permission to get the resource policy attached to a secret",
                "access level": "Read",
                "resource types": [
                    "Secret*"
                ],
                "conditionKeys": "",
                "dependentActions": [
                    ""
                ]
            },
            {
                "name": "GetSecretValue",
                "description": "Grants permission to retrieve and decrypt the encrypted data",
                "access level": "Read",
                "resource types": [
                    "Secret*"
                ],
                "conditionKeys": "",
                "dependentActions": [
                    ""
                ]
            },
            {
                "name": "ListSecretVersionIds",
                "description": "Grants permission to list the available versions of a secret",
                "access level": "Read",
                "resource types": [
                    "Secret*"
                ],
                "conditionKeys": "",
                "dependentActions": [
                    ""
                ]
            },
            {
                "name": "ListSecrets",
                "description": "Grants permission to list the available secrets",
                "access level": "List",
                "resource types": [
                    ""
                ],
                "conditionKeys": "",
                "dependentActions": [
                    ""
                ]
            },
            {
                "name": "PutResourcePolicy",
                "description": "Grants permission to attach a resource policy to a secret",
                "access level": "Permissions management",
                "resource types": [
                    "Secret*"
                ],
                "conditionKeys": "",
                "dependentActions": [
                    ""
                ]
            },
            {
                "name": "PutSecretValue",
                "description": "Grants permission to create a new version of the secret with new encrypted data",
                "access level": "Write",
                "resource types": [
                    "Secret*"
                ],
                "conditionKeys": "",
                "dependentActions": [
                    ""
                ]
            },
            {
                "name": "RemoveRegionsFromReplication",
                "description": "Grants permission to remove regions from replication",
                "access level": "Write",
                "resource types": [
                    "Secret*"
                ],
                "conditionKeys": "",
                "dependentActions": [
                    ""
                ]
            },
            {
                "name": "ReplicateSecretToRegions",
                "description": "Grants permission to convert an existing secret to a multi-Region secret and begin replicating the secret to a list of new regions",
                "access level": "Write",
                "resource types": [
                    "Secret*"
                ],
                "conditionKeys": "",
                "dependentActions": [
                    ""
                ]
            },
            {
                "name": "RestoreSecret",
                "description": "Grants permission to cancel deletion of a secret",
                "access level": "Write",
                "resource types": [
                    "Secret*"
                ],
                "conditionKeys": "",
                "dependentActions": [
                    ""
                ]
            },
            {
                "name": "RotateSecret",
                "description": "Grants permission to start rotation of a secret",
                "access level": "Write",
                "resource types": [
                    "Secret*"
                ],
                "conditionKeys": "",
                "dependentActions": [
                    ""
                ]
            },
            {
                "name": "StopReplicationToReplica",
                "description": "Grants permission to remove the secret from replication and promote the secret to a regional secret in the replica Region",
                "access level": "Write",
                "resource types": [
                    "Secret*"
                ],
                "conditionKeys": "",
                "dependentActions": [
                    ""
                ]
            },
            {
                "name": "TagResource",
                "description": "Grants permission to add tags to a secret",
                "access level": "Tagging",
                "resource types": [
                    "Secret*"
                ],
                "conditionKeys": "",
                "dependentActions": [
                    ""
                ]
            },
            {
                "name": "UntagResource",
                "description": "Grants permission to remove tags from a secret",
                "access level": "Tagging",
                "resource types": [
                    "Secret*"
                ],
                "conditionKeys": "",
                "dependentActions": [
                    ""
                ]
            },
            {
                "name": "UpdateSecret",
                "description": "Grants permission to update a secret with new metadata or with a new version of the encrypted data",
                "access level": "Write",
                "resource types": [
                    "Secret*"
                ],
                "conditionKeys": "",
                "dependentActions": [
                    ""
                ]
            },
            {
                "name": "UpdateSecretVersionStage",
                "description": "Grants permission to move a stage from one secret to another",
                "access level": "Write",
                "resource types": [
                    "Secret*"
                ],
                "conditionKeys": "",
                "dependentActions": [
                    ""
                ]
            },
            {
                "name": "ValidateResourcePolicy",
                "description": "Grants permission to validate a resource policy before attaching policy",
                "access level": "Permissions management",
                "resource types": [
                    "Secret*"
                ],
                "conditionKeys": "",
                "dependentActions": [
                    ""
                ]
            }
        ]
    },
    {
        "resources": [
            {
                "resource_type": "Secret",
                "ARN": "arn:${Partition}:secretsmanager:${Region}:${Account}:secret:${SecretId}",
                "conditionKeys": "aws:RequestTag/${TagKey}\n\n\naws:ResourceTag/${TagKey}\n\n\naws:TagKeys\n\n\nsecretsmanager:ResourceTag/tag-key\n\n\nsecretsmanager:resource/AllowRotationLambdaArn"
            }
        ]
    },
    {
        "conditions": [
            {
                "Condition keys": "aws:RequestTag/${TagKey}",
                "Description": "Filters access by a key that is present in the request the user makes to the Secrets Manager service",
                "Type": "String"
            },
            {
                "Condition keys": "aws:ResourceTag/${TagKey}",
                "Description": "Filters access by the tags associated with the resource",
                "Type": "String"
            },
            {
                "Condition keys": "aws:TagKeys",
                "Description": "Filters access by the list of all the tag key names present in the request the user makes to the Secrets Manager service",
                "Type": "ArrayOfString"
            },
            {
                "Condition keys": "secretsmanager:AddReplicaRegions",
                "Description": "Filters access by the list of Regions in which to replicate the secret",
                "Type": "ArrayOfString"
            },
            {
                "Condition keys": "secretsmanager:BlockPublicPolicy",
                "Description": "Filters access by whether the resource policy blocks broad AWS account access",
                "Type": "Bool"
            },
            {
                "Condition keys": "secretsmanager:Description",
                "Description": "Filters access by the description text in the request",
                "Type": "String"
            },
            {
                "Condition keys": "secretsmanager:ForceDeleteWithoutRecovery",
                "Description": "Filters access by whether the secret is to be deleted immediately without any recovery window",
                "Type": "Bool"
            },
            {
                "Condition keys": "secretsmanager:ForceOverwriteReplicaSecret",
                "Description": "Filters access by whether to overwrite a secret with the same name in the destination Region",
                "Type": "Bool"
            },
            {
                "Condition keys": "secretsmanager:KmsKeyId",
                "Description": "Filters access by the ARN of the KMS key in the request",
                "Type": "String"
            },
            {
                "Condition keys": "secretsmanager:ModifyRotationRules",
                "Description": "Filters access by whether the rotation rules of the secret are to be modified",
                "Type": "Bool"
            },
            {
                "Condition keys": "secretsmanager:Name",
                "Description": "Filters access by the friendly name of the secret in the request",
                "Type": "String"
            },
            {
                "Condition keys": "secretsmanager:RecoveryWindowInDays",
                "Description": "Filters access by the number of days that Secrets Manager waits before it can delete the secret",
                "Type": "Numeric"
            },
            {
                "Condition keys": "secretsmanager:ResourceTag/tag-key",
                "Description": "Filters access by a tag key and value pair",
                "Type": "String"
            },
            {
                "Condition keys": "secretsmanager:RotateImmediately",
                "Description": "Filters access by whether the secret is to be rotated immediately",
                "Type": "Bool"
            },
            {
                "Condition keys": "secretsmanager:RotationLambdaARN",
                "Description": "Filters access by the ARN of the rotation Lambda function in the request",
                "Type": "ARN"
            },
            {
                "Condition keys": "secretsmanager:SecretId",
                "Description": "Filters access by the SecretID value in the request",
                "Type": "ARN"
            },
            {
                "Condition keys": "secretsmanager:SecretPrimaryRegion",
                "Description": "Filters access by primary region in which the secret is created",
                "Type": "String"
            },
            {
                "Condition keys": "secretsmanager:VersionId",
                "Description": "Filters access by the unique identifier of the version of the secret in the request",
                "Type": "String"
            },
            {
                "Condition keys": "secretsmanager:VersionStage",
                "Description": "Filters access by the list of version stages in the request",
                "Type": "String"
            },
            {
                "Condition keys": "secretsmanager:resource/AllowRotationLambdaArn",
                "Description": "Filters access by the ARN of the rotation Lambda function associated with the secret",
                "Type": "ARN"
            }
        ]
    }
]