[
    {
        "prefix_item": "servicediscovery"
    },
    {
        "link": "https://docs.aws.amazon.com/service-authorization/latest/reference/./list_awscloudmap.html"
    },
    {
        "actions": [
            {
                "name": "CreateHttpNamespace",
                "description": "Grants permission to create an HTTP namespace",
                "access level": "Write",
                "resource types": [
                    ""
                ],
                "conditionKeys": "aws:TagKeys\n\n\naws:RequestTag/${TagKey}",
                "dependentActions": [
                    ""
                ]
            },
            {
                "name": "CreatePrivateDnsNamespace",
                "description": "Grants permission to create a private namespace based on DNS, which will be visible only inside a specified Amazon VPC",
                "access level": "Write",
                "resource types": [
                    ""
                ],
                "conditionKeys": "aws:TagKeys\n\n\naws:RequestTag/${TagKey}",
                "dependentActions": [
                    ""
                ]
            },
            {
                "name": "CreatePublicDnsNamespace",
                "description": "Grants permission to create a public namespace based on DNS, which will be visible on the internet",
                "access level": "Write",
                "resource types": [
                    ""
                ],
                "conditionKeys": "aws:TagKeys\n\n\naws:RequestTag/${TagKey}",
                "dependentActions": [
                    ""
                ]
            },
            {
                "name": "CreateService",
                "description": "Grants permission to create a service",
                "access level": "Write",
                "resource types": [
                    "namespace*"
                ],
                "conditionKeys": "",
                "dependentActions": [
                    ""
                ]
            },
            {
                "name": "DeleteNamespace",
                "description": "Grants permission to delete a specified namespace",
                "access level": "Write",
                "resource types": [
                    "namespace*"
                ],
                "conditionKeys": "",
                "dependentActions": [
                    ""
                ]
            },
            {
                "name": "DeleteService",
                "description": "Grants permission to delete a specified service",
                "access level": "Write",
                "resource types": [
                    "service*"
                ],
                "conditionKeys": "",
                "dependentActions": [
                    ""
                ]
            },
            {
                "name": "DeregisterInstance",
                "description": "Grants permission to delete the records and the health check, if any, that Amazon Route 53 created for the specified instance",
                "access level": "Write",
                "resource types": [
                    "service*"
                ],
                "conditionKeys": "",
                "dependentActions": [
                    ""
                ]
            },
            {
                "name": "DiscoverInstances",
                "description": "Grants permission to discover registered instances for a specified namespace and service",
                "access level": "Read",
                "resource types": [
                    ""
                ],
                "conditionKeys": "servicediscovery:NamespaceName\n\n\nservicediscovery:ServiceName",
                "dependentActions": [
                    ""
                ]
            },
            {
                "name": "GetInstance",
                "description": "Grants permission to get information about a specified instance",
                "access level": "Read",
                "resource types": [
                    ""
                ],
                "conditionKeys": "servicediscovery:ServiceArn",
                "dependentActions": [
                    ""
                ]
            },
            {
                "name": "GetInstancesHealthStatus",
                "description": "Grants permission to get the current health status (Healthy, Unhealthy, or Unknown) of one or more instances",
                "access level": "Read",
                "resource types": [
                    ""
                ],
                "conditionKeys": "servicediscovery:ServiceArn",
                "dependentActions": [
                    ""
                ]
            },
            {
                "name": "GetNamespace",
                "description": "Grants permission to get information about a namespace",
                "access level": "Read",
                "resource types": [
                    "namespace*"
                ],
                "conditionKeys": "",
                "dependentActions": [
                    ""
                ]
            },
            {
                "name": "GetOperation",
                "description": "Grants permission to get information about a specific operation",
                "access level": "Read",
                "resource types": [
                    ""
                ],
                "conditionKeys": "",
                "dependentActions": [
                    ""
                ]
            },
            {
                "name": "GetService",
                "description": "Grants permission to get the settings for a specified service",
                "access level": "Read",
                "resource types": [
                    "service*"
                ],
                "conditionKeys": "",
                "dependentActions": [
                    ""
                ]
            },
            {
                "name": "ListInstances",
                "description": "Grants permission to get summary information about the instances that were registered with a specified service",
                "access level": "Read",
                "resource types": [
                    ""
                ],
                "conditionKeys": "servicediscovery:ServiceArn",
                "dependentActions": [
                    ""
                ]
            },
            {
                "name": "ListNamespaces",
                "description": "Grants permission to get information about the namespaces",
                "access level": "Read",
                "resource types": [
                    ""
                ],
                "conditionKeys": "",
                "dependentActions": [
                    ""
                ]
            },
            {
                "name": "ListOperations",
                "description": "Grants permission to list operations that match the criteria that you specify",
                "access level": "List",
                "resource types": [
                    ""
                ],
                "conditionKeys": "",
                "dependentActions": [
                    ""
                ]
            },
            {
                "name": "ListServices",
                "description": "Grants permission to get settings for all the services that match specified filters",
                "access level": "Read",
                "resource types": [
                    ""
                ],
                "conditionKeys": "",
                "dependentActions": [
                    ""
                ]
            },
            {
                "name": "ListTagsForResource",
                "description": "Grants permission to lists tags for the specified resource",
                "access level": "Read",
                "resource types": [
                    ""
                ],
                "conditionKeys": "",
                "dependentActions": [
                    ""
                ]
            },
            {
                "name": "RegisterInstance",
                "description": "Grants permission to register an instance based on the settings in a specified service",
                "access level": "Write",
                "resource types": [
                    "service*"
                ],
                "conditionKeys": "",
                "dependentActions": [
                    ""
                ]
            },
            {
                "name": "TagResource",
                "description": "Grants permission to add one or more tags to the specified resource",
                "access level": "Tagging",
                "resource types": [
                    ""
                ],
                "conditionKeys": "aws:TagKeys\n\n\naws:RequestTag/${TagKey}",
                "dependentActions": [
                    ""
                ]
            },
            {
                "name": "UntagResource",
                "description": "Grants permission to remove one or more tags from the specified resource",
                "access level": "Tagging",
                "resource types": [
                    ""
                ],
                "conditionKeys": "aws:TagKeys\n\n\naws:RequestTag/${TagKey}",
                "dependentActions": [
                    ""
                ]
            },
            {
                "name": "UpdateHttpNamespace",
                "description": "Grants permission to update the settings for a HTTP namespace",
                "access level": "Write",
                "resource types": [
                    "namespace*"
                ],
                "conditionKeys": "",
                "dependentActions": [
                    ""
                ]
            },
            {
                "name": "UpdateInstanceCustomHealthStatus",
                "description": "Grants permission to update the current health status for an instance that has a custom health check",
                "access level": "Write",
                "resource types": [
                    ""
                ],
                "conditionKeys": "servicediscovery:ServiceArn",
                "dependentActions": [
                    ""
                ]
            },
            {
                "name": "UpdatePrivateDnsNamespace",
                "description": "Grants permission to update the settings for a private DNS namespace",
                "access level": "Write",
                "resource types": [
                    "namespace*"
                ],
                "conditionKeys": "",
                "dependentActions": [
                    ""
                ]
            },
            {
                "name": "UpdatePublicDnsNamespace",
                "description": "Grants permission to update the settings for a public DNS namespace",
                "access level": "Write",
                "resource types": [
                    "namespace*"
                ],
                "conditionKeys": "",
                "dependentActions": [
                    ""
                ]
            },
            {
                "name": "UpdateService",
                "description": "Grants permission to update the settings in a specified service",
                "access level": "Write",
                "resource types": [
                    "service*"
                ],
                "conditionKeys": "",
                "dependentActions": [
                    ""
                ]
            }
        ]
    },
    {
        "resources": [
            {
                "resource_type": "namespace",
                "ARN": "arn:${Partition}:servicediscovery:${Region}:${Account}:namespace/${NamespaceId}",
                "conditionKeys": "aws:ResourceTag/${TagKey}"
            },
            {
                "resource_type": "service",
                "ARN": "arn:${Partition}:servicediscovery:${Region}:${Account}:service/${ServiceId}",
                "conditionKeys": "aws:ResourceTag/${TagKey}"
            }
        ]
    },
    {
        "conditions": [
            {
                "Condition keys": "aws:RequestTag/${TagKey}",
                "Description": "Filters actions based on the tags that are passed in the request",
                "Type": "String"
            },
            {
                "Condition keys": "aws:ResourceTag/${TagKey}",
                "Description": "Filters actions based on the tags associated with the resource",
                "Type": "String"
            },
            {
                "Condition keys": "aws:TagKeys",
                "Description": "Filters actions based on the tag keys that are passed in the request",
                "Type": "ArrayOfString"
            },
            {
                "Condition keys": "servicediscovery:NamespaceArn",
                "Description": "Filters access by specifying the Amazon Resource Name (ARN) for the related namespace",
                "Type": "String"
            },
            {
                "Condition keys": "servicediscovery:NamespaceName",
                "Description": "Filters access by specifying the name of the related namespace",
                "Type": "String"
            },
            {
                "Condition keys": "servicediscovery:ServiceArn",
                "Description": "Filters access by specifying the Amazon Resource Name (ARN) for the related service",
                "Type": "String"
            },
            {
                "Condition keys": "servicediscovery:ServiceName",
                "Description": "Filters access by specifying the name of the related service",
                "Type": "String"
            }
        ]
    }
]