[
    {
        "prefix_item": "sqlworkbench"
    },
    {
        "link": "https://docs.aws.amazon.com/service-authorization/latest/reference/./list_awssqlworkbench.html"
    },
    {
        "actions": [
            {
                "name": "AssociateConnectionWithChart [permission only]",
                "description": "Grants permission to associate connection to a chart",
                "access level": "Write",
                "resource types": [
                    "chart*"
                ],
                "conditionKeys": "",
                "dependentActions": [
                    ""
                ]
            },
            {
                "name": "AssociateConnectionWithTab [permission only]",
                "description": "Grants permission to associate connection to a tab",
                "access level": "Write",
                "resource types": [
                    "connection*"
                ],
                "conditionKeys": "",
                "dependentActions": [
                    ""
                ]
            },
            {
                "name": "AssociateNotebookWithTab [permission only]",
                "description": "Grants permission to associate notebook to a tab",
                "access level": "Write",
                "resource types": [
                    "notebook*"
                ],
                "conditionKeys": "",
                "dependentActions": [
                    ""
                ]
            },
            {
                "name": "AssociateQueryWithTab [permission only]",
                "description": "Grants permission to associate query to a tab",
                "access level": "Write",
                "resource types": [
                    "query*"
                ],
                "conditionKeys": "",
                "dependentActions": [
                    ""
                ]
            },
            {
                "name": "BatchDeleteFolder [permission only]",
                "description": "Grants permission to delete folders on your account",
                "access level": "Write",
                "resource types": [
                    ""
                ],
                "conditionKeys": "",
                "dependentActions": [
                    ""
                ]
            },
            {
                "name": "BatchGetNotebookCell [permission only]",
                "description": "Grants permission to get notebook cells content on your account",
                "access level": "Read",
                "resource types": [
                    "notebook*"
                ],
                "conditionKeys": "",
                "dependentActions": [
                    ""
                ]
            },
            {
                "name": "CreateAccount [permission only]",
                "description": "Grants permission to create SQLWorkbench account",
                "access level": "Write",
                "resource types": [
                    ""
                ],
                "conditionKeys": "",
                "dependentActions": [
                    ""
                ]
            },
            {
                "name": "CreateChart [permission only]",
                "description": "Grants permission to create new saved chart on your account",
                "access level": "Write",
                "resource types": [
                    "chart*"
                ],
                "conditionKeys": "",
                "dependentActions": [
                    ""
                ]
            },
            {
                "name": "CreateConnection [permission only]",
                "description": "Grants permission to create a new connection on your account",
                "access level": "Write",
                "resource types": [
                    "connection*"
                ],
                "conditionKeys": "",
                "dependentActions": [
                    ""
                ]
            },
            {
                "name": "CreateFolder [permission only]",
                "description": "Grants permission to create folder on your account",
                "access level": "Write",
                "resource types": [
                    ""
                ],
                "conditionKeys": "",
                "dependentActions": [
                    ""
                ]
            },
            {
                "name": "CreateNotebook [permission only]",
                "description": "Grants permission to create a new notebook on your account",
                "access level": "Write",
                "resource types": [
                    "notebook*"
                ],
                "conditionKeys": "",
                "dependentActions": [
                    ""
                ]
            },
            {
                "name": "CreateNotebookCell [permission only]",
                "description": "Grants permission to create a notebook cell on your account",
                "access level": "Write",
                "resource types": [
                    "notebook*"
                ],
                "conditionKeys": "",
                "dependentActions": [
                    ""
                ]
            },
            {
                "name": "CreateNotebookFromVersion [permission only]",
                "description": "Grants permission to create a new notebook from a notebook version on your account",
                "access level": "Write",
                "resource types": [
                    "notebook*"
                ],
                "conditionKeys": "",
                "dependentActions": [
                    ""
                ]
            },
            {
                "name": "CreateNotebookVersion [permission only]",
                "description": "Grants permission to create a notebook version on your account",
                "access level": "Write",
                "resource types": [
                    "notebook*"
                ],
                "conditionKeys": "",
                "dependentActions": [
                    ""
                ]
            },
            {
                "name": "CreateSavedQuery [permission only]",
                "description": "Grants permission to create a new saved query on your account",
                "access level": "Write",
                "resource types": [
                    "query*"
                ],
                "conditionKeys": "",
                "dependentActions": [
                    ""
                ]
            },
            {
                "name": "DeleteChart [permission only]",
                "description": "Grants permission to remove charts on your account",
                "access level": "Write",
                "resource types": [
                    "chart*"
                ],
                "conditionKeys": "",
                "dependentActions": [
                    ""
                ]
            },
            {
                "name": "DeleteConnection [permission only]",
                "description": "Grants permission to remove connections on your account",
                "access level": "Write",
                "resource types": [
                    "connection*"
                ],
                "conditionKeys": "",
                "dependentActions": [
                    ""
                ]
            },
            {
                "name": "DeleteNotebook [permission only]",
                "description": "Grants permission to remove notebooks on your account",
                "access level": "Write",
                "resource types": [
                    "notebook*"
                ],
                "conditionKeys": "",
                "dependentActions": [
                    ""
                ]
            },
            {
                "name": "DeleteNotebookCell [permission only]",
                "description": "Grants permission to remove notebooks cells on your account",
                "access level": "Write",
                "resource types": [
                    "notebook*"
                ],
                "conditionKeys": "",
                "dependentActions": [
                    ""
                ]
            },
            {
                "name": "DeleteNotebookVersion [permission only]",
                "description": "Grants permission to remove notebooks cells on your account",
                "access level": "Write",
                "resource types": [
                    "notebook*"
                ],
                "conditionKeys": "",
                "dependentActions": [
                    ""
                ]
            },
            {
                "name": "DeleteSavedQuery [permission only]",
                "description": "Grants permission to remove saved queries on your account",
                "access level": "Write",
                "resource types": [
                    "query*"
                ],
                "conditionKeys": "",
                "dependentActions": [
                    ""
                ]
            },
            {
                "name": "DeleteTab [permission only]",
                "description": "Grants permission to remove a tab on your account",
                "access level": "Write",
                "resource types": [
                    ""
                ],
                "conditionKeys": "",
                "dependentActions": [
                    ""
                ]
            },
            {
                "name": "DriverExecute [permission only]",
                "description": "Grants permission to execute a query in your redshift cluster",
                "access level": "Write",
                "resource types": [
                    "connection*"
                ],
                "conditionKeys": "",
                "dependentActions": [
                    ""
                ]
            },
            {
                "name": "DuplicateNotebook [permission only]",
                "description": "Grants permission to create a new notebook by duplicating an existing one on your account",
                "access level": "Write",
                "resource types": [
                    "notebook*"
                ],
                "conditionKeys": "",
                "dependentActions": [
                    ""
                ]
            },
            {
                "name": "ExportNotebook [permission only]",
                "description": "Grants permission to export a notebook on your account",
                "access level": "Read",
                "resource types": [
                    "notebook*"
                ],
                "conditionKeys": "",
                "dependentActions": [
                    ""
                ]
            },
            {
                "name": "GenerateSession [permission only]",
                "description": "Grants permission to generate a new session on your account",
                "access level": "Write",
                "resource types": [
                    ""
                ],
                "conditionKeys": "",
                "dependentActions": [
                    ""
                ]
            },
            {
                "name": "GetAccountInfo [permission only]",
                "description": "Grants permission to get account info",
                "access level": "Read",
                "resource types": [
                    ""
                ],
                "conditionKeys": "",
                "dependentActions": [
                    ""
                ]
            },
            {
                "name": "GetAccountSettings [permission only]",
                "description": "Grants permission to get account settings",
                "access level": "Read",
                "resource types": [
                    ""
                ],
                "conditionKeys": "",
                "dependentActions": [
                    ""
                ]
            },
            {
                "name": "GetChart [permission only]",
                "description": "Grants permission to get charts on your account",
                "access level": "Read",
                "resource types": [
                    "chart*"
                ],
                "conditionKeys": "",
                "dependentActions": [
                    ""
                ]
            },
            {
                "name": "GetConnection [permission only]",
                "description": "Grants permission to get connections on your account",
                "access level": "Read",
                "resource types": [
                    "connection*"
                ],
                "conditionKeys": "",
                "dependentActions": [
                    ""
                ]
            },
            {
                "name": "GetNotebook [permission only]",
                "description": "Grants permission to get notebook metadata on your account",
                "access level": "Read",
                "resource types": [
                    "notebook*"
                ],
                "conditionKeys": "",
                "dependentActions": [
                    ""
                ]
            },
            {
                "name": "GetNotebookVersion [permission only]",
                "description": "Grants permission to get the content of a notebook version on your account",
                "access level": "Read",
                "resource types": [
                    "notebook*"
                ],
                "conditionKeys": "",
                "dependentActions": [
                    ""
                ]
            },
            {
                "name": "GetQueryExecutionHistory [permission only]",
                "description": "Grants permission to get the query execution history on your account",
                "access level": "Read",
                "resource types": [
                    ""
                ],
                "conditionKeys": "",
                "dependentActions": [
                    ""
                ]
            },
            {
                "name": "GetSavedQuery [permission only]",
                "description": "Grants permission to get saved query on your account",
                "access level": "Read",
                "resource types": [
                    "query*"
                ],
                "conditionKeys": "",
                "dependentActions": [
                    ""
                ]
            },
            {
                "name": "GetSchemaInference [permission only]",
                "description": "Grants permission to get the columns and data types inferred from a file",
                "access level": "Read",
                "resource types": [
                    ""
                ],
                "conditionKeys": "",
                "dependentActions": [
                    ""
                ]
            },
            {
                "name": "GetUserInfo [permission only]",
                "description": "Grants permission to get user info",
                "access level": "Read",
                "resource types": [
                    ""
                ],
                "conditionKeys": "",
                "dependentActions": [
                    ""
                ]
            },
            {
                "name": "GetUserWorkspaceSettings [permission only]",
                "description": "Grants permission to get workspace settings on your account",
                "access level": "Read",
                "resource types": [
                    ""
                ],
                "conditionKeys": "",
                "dependentActions": [
                    ""
                ]
            },
            {
                "name": "ImportNotebook [permission only]",
                "description": "Grants permission to import a notebook on your account",
                "access level": "Write",
                "resource types": [
                    "notebook*"
                ],
                "conditionKeys": "",
                "dependentActions": [
                    ""
                ]
            },
            {
                "name": "ListConnections [permission only]",
                "description": "Grants permission to list the connections on your account",
                "access level": "List",
                "resource types": [
                    ""
                ],
                "conditionKeys": "",
                "dependentActions": [
                    ""
                ]
            },
            {
                "name": "ListDatabases [permission only]",
                "description": "Grants permission to list databases of your redshift cluster",
                "access level": "List",
                "resource types": [
                    ""
                ],
                "conditionKeys": "",
                "dependentActions": [
                    ""
                ]
            },
            {
                "name": "ListFiles [permission only]",
                "description": "Grants permission to list files and folders",
                "access level": "List",
                "resource types": [
                    ""
                ],
                "conditionKeys": "",
                "dependentActions": [
                    ""
                ]
            },
            {
                "name": "ListNotebookVersions [permission only]",
                "description": "Grants permission to get notebook versions metadata on your account",
                "access level": "List",
                "resource types": [
                    "notebook*"
                ],
                "conditionKeys": "",
                "dependentActions": [
                    ""
                ]
            },
            {
                "name": "ListNotebooks [permission only]",
                "description": "Grants permission to list the notebooks on your account",
                "access level": "List",
                "resource types": [
                    ""
                ],
                "conditionKeys": "",
                "dependentActions": [
                    ""
                ]
            },
            {
                "name": "ListQueryExecutionHistory [permission only]",
                "description": "Grants permission to list the query execution history on your account",
                "access level": "List",
                "resource types": [
                    ""
                ],
                "conditionKeys": "",
                "dependentActions": [
                    ""
                ]
            },
            {
                "name": "ListRedshiftClusters [permission only]",
                "description": "Grants permission to list redshift clusters on your account",
                "access level": "List",
                "resource types": [
                    ""
                ],
                "conditionKeys": "",
                "dependentActions": [
                    ""
                ]
            },
            {
                "name": "ListSampleDatabases [permission only]",
                "description": "Grants permission to list sample databases",
                "access level": "Read",
                "resource types": [
                    ""
                ],
                "conditionKeys": "",
                "dependentActions": [
                    ""
                ]
            },
            {
                "name": "ListSavedQueryVersions [permission only]",
                "description": "Grants permission to list versions of saved query on your account",
                "access level": "List",
                "resource types": [
                    "query*"
                ],
                "conditionKeys": "",
                "dependentActions": [
                    ""
                ]
            },
            {
                "name": "ListTabs [permission only]",
                "description": "Grants permission to list tabs on your account",
                "access level": "List",
                "resource types": [
                    ""
                ],
                "conditionKeys": "",
                "dependentActions": [
                    ""
                ]
            },
            {
                "name": "ListTaggedResources [permission only]",
                "description": "Grants permission to list tagged resources",
                "access level": "Read",
                "resource types": [
                    ""
                ],
                "conditionKeys": "",
                "dependentActions": [
                    ""
                ]
            },
            {
                "name": "ListTagsForResource [permission only]",
                "description": "Grants permission to list the tags of an sqlworkbench resource",
                "access level": "Read",
                "resource types": [
                    "chart"
                ],
                "conditionKeys": "",
                "dependentActions": [
                    ""
                ]
            },
            {
                "name": "PutTab [permission only]",
                "description": "Grants permission to create or update a tab on your account",
                "access level": "Write",
                "resource types": [
                    ""
                ],
                "conditionKeys": "",
                "dependentActions": [
                    ""
                ]
            },
            {
                "name": "PutUserWorkspaceSettings [permission only]",
                "description": "Grants permission to update workspace settings on your account",
                "access level": "Write",
                "resource types": [
                    ""
                ],
                "conditionKeys": "",
                "dependentActions": [
                    ""
                ]
            },
            {
                "name": "RestoreNotebookVersion [permission only]",
                "description": "Grants permission to restore a notebook on your account to a version",
                "access level": "Write",
                "resource types": [
                    "notebook*"
                ],
                "conditionKeys": "",
                "dependentActions": [
                    ""
                ]
            },
            {
                "name": "TagResource [permission only]",
                "description": "Grants permission to tag an sqlworkbench resource",
                "access level": "Tagging",
                "resource types": [
                    "chart"
                ],
                "conditionKeys": "",
                "dependentActions": [
                    ""
                ]
            },
            {
                "name": "UntagResource [permission only]",
                "description": "Grants permission to untag an sqlworkbench resource",
                "access level": "Tagging",
                "resource types": [
                    "chart"
                ],
                "conditionKeys": "",
                "dependentActions": [
                    ""
                ]
            },
            {
                "name": "UpdateAccountConnectionSettings [permission only]",
                "description": "Grants permission to update account-wide connection settings",
                "access level": "Write",
                "resource types": [
                    ""
                ],
                "conditionKeys": "",
                "dependentActions": [
                    ""
                ]
            },
            {
                "name": "UpdateAccountExportSettings [permission only]",
                "description": "Grants permission to update account-wide export settings",
                "access level": "Write",
                "resource types": [
                    ""
                ],
                "conditionKeys": "",
                "dependentActions": [
                    ""
                ]
            },
            {
                "name": "UpdateAccountGeneralSettings [permission only]",
                "description": "Grants permission to update account-wide general settings",
                "access level": "Write",
                "resource types": [
                    ""
                ],
                "conditionKeys": "",
                "dependentActions": [
                    ""
                ]
            },
            {
                "name": "UpdateChart [permission only]",
                "description": "Grants permission to update a chart on your account",
                "access level": "Write",
                "resource types": [
                    "chart*"
                ],
                "conditionKeys": "",
                "dependentActions": [
                    ""
                ]
            },
            {
                "name": "UpdateConnection [permission only]",
                "description": "Grants permission to update a connection on your account",
                "access level": "Write",
                "resource types": [
                    "connection*"
                ],
                "conditionKeys": "",
                "dependentActions": [
                    ""
                ]
            },
            {
                "name": "UpdateFileFolder [permission only]",
                "description": "Grants permission to move files on your account",
                "access level": "Write",
                "resource types": [
                    "chart"
                ],
                "conditionKeys": "",
                "dependentActions": [
                    ""
                ]
            },
            {
                "name": "UpdateFolder [permission only]",
                "description": "Grants permission to update a folder's name and details on your account",
                "access level": "Write",
                "resource types": [
                    ""
                ],
                "conditionKeys": "",
                "dependentActions": [
                    ""
                ]
            },
            {
                "name": "UpdateNotebook [permission only]",
                "description": "Grants permission to update a notebook metadata on your account",
                "access level": "Write",
                "resource types": [
                    "notebook*"
                ],
                "conditionKeys": "",
                "dependentActions": [
                    ""
                ]
            },
            {
                "name": "UpdateNotebookCellContent [permission only]",
                "description": "Grants permission to update a notebook cell content on your account",
                "access level": "Write",
                "resource types": [
                    "notebook*"
                ],
                "conditionKeys": "",
                "dependentActions": [
                    ""
                ]
            },
            {
                "name": "UpdateNotebookCellLayout [permission only]",
                "description": "Grants permission to update a notebook cell layout on your account",
                "access level": "Write",
                "resource types": [
                    "notebook*"
                ],
                "conditionKeys": "",
                "dependentActions": [
                    ""
                ]
            },
            {
                "name": "UpdateSavedQuery [permission only]",
                "description": "Grants permission to update a saved query on your account",
                "access level": "Write",
                "resource types": [
                    "query*"
                ],
                "conditionKeys": "",
                "dependentActions": [
                    ""
                ]
            }
        ]
    },
    {
        "resources": [
            {
                "resource_type": "connection",
                "ARN": "arn:${Partition}:sqlworkbench:${Region}:${Account}:connection/${ResourceId}",
                "conditionKeys": "aws:ResourceTag/${TagKey}"
            },
            {
                "resource_type": "query",
                "ARN": "arn:${Partition}:sqlworkbench:${Region}:${Account}:query/${ResourceId}",
                "conditionKeys": "aws:ResourceTag/${TagKey}"
            },
            {
                "resource_type": "chart",
                "ARN": "arn:${Partition}:sqlworkbench:${Region}:${Account}:chart/${ResourceId}",
                "conditionKeys": "aws:ResourceTag/${TagKey}"
            },
            {
                "resource_type": "notebook",
                "ARN": "arn:${Partition}:sqlworkbench:${Region}:${Account}:notebook/${ResourceId}",
                "conditionKeys": "aws:ResourceTag/${TagKey}"
            }
        ]
    },
    {
        "conditions": [
            {
                "Condition keys": "aws:RequestTag/${TagKey}",
                "Description": "Filters access by the tags that are passed in the request",
                "Type": "String"
            },
            {
                "Condition keys": "aws:ResourceTag/${TagKey}",
                "Description": "Filters access by the tags that are associated with the resource",
                "Type": "String"
            },
            {
                "Condition keys": "aws:TagKeys",
                "Description": "Filters access by the tag keys that are passed in the request",
                "Type": "ArrayOfString"
            }
        ]
    }
]