[
    {
        "prefix_item": "ssm-sap"
    },
    {
        "link": "https://docs.aws.amazon.com/service-authorization/latest/reference/./list_awssystemsmanagerforsap.html"
    },
    {
        "actions": [
            {
                "name": "BackupDatabase",
                "description": "Grants permission to perform backup operation on a specified database",
                "access level": "Write",
                "resource types": [
                    ""
                ],
                "conditionKeys": "",
                "dependentActions": [
                    ""
                ]
            },
            {
                "name": "DeleteResourcePermission",
                "description": "Grants permission to delete the SSM for SAP level resource permissions associated with a SSM for SAP database resource",
                "access level": "Write",
                "resource types": [
                    ""
                ],
                "conditionKeys": "",
                "dependentActions": [
                    ""
                ]
            },
            {
                "name": "DeregisterApplication",
                "description": "Grants permission to deregister an SAP application with SSM for SAP",
                "access level": "Write",
                "resource types": [
                    ""
                ],
                "conditionKeys": "",
                "dependentActions": [
                    ""
                ]
            },
            {
                "name": "GetApplication",
                "description": "Grants permission to access information about an application registered with SSM for SAP by providing the application ID or application ARN",
                "access level": "Read",
                "resource types": [
                    ""
                ],
                "conditionKeys": "",
                "dependentActions": [
                    ""
                ]
            },
            {
                "name": "GetComponent",
                "description": "Grants permission to access information about a component registered with SSM for SAP by providing the application ID and component ID",
                "access level": "Read",
                "resource types": [
                    ""
                ],
                "conditionKeys": "",
                "dependentActions": [
                    ""
                ]
            },
            {
                "name": "GetDatabase",
                "description": "Grants permission to access information about a database registered with SSM for SAP by providing the application ID, component ID, and database ID",
                "access level": "Read",
                "resource types": [
                    ""
                ],
                "conditionKeys": "",
                "dependentActions": [
                    ""
                ]
            },
            {
                "name": "GetOperation",
                "description": "Grants permission to access information about an operation by providing its operation ID",
                "access level": "Read",
                "resource types": [
                    ""
                ],
                "conditionKeys": "",
                "dependentActions": [
                    ""
                ]
            },
            {
                "name": "GetResourcePermission",
                "description": "Grants permission to get the SSM for SAP level resource permissions associated with a SSM for SAP database resource",
                "access level": "Read",
                "resource types": [
                    ""
                ],
                "conditionKeys": "",
                "dependentActions": [
                    ""
                ]
            },
            {
                "name": "ListApplications",
                "description": "Grants permission to retrieve a list of all applications registered with SSM for SAP under the customer AWS account",
                "access level": "List",
                "resource types": [
                    ""
                ],
                "conditionKeys": "",
                "dependentActions": [
                    ""
                ]
            },
            {
                "name": "ListComponents",
                "description": "Grants permission to retrieve a list of all components in the account of customer, or a specific application",
                "access level": "List",
                "resource types": [
                    ""
                ],
                "conditionKeys": "",
                "dependentActions": [
                    ""
                ]
            },
            {
                "name": "ListDatabases",
                "description": "Grants permission to retrieve a list of all databases in the account of customer, or a specific application",
                "access level": "List",
                "resource types": [
                    ""
                ],
                "conditionKeys": "",
                "dependentActions": [
                    ""
                ]
            },
            {
                "name": "ListOperations",
                "description": "Grants permission to retrieve a list of all operations in the account of customer, additional filters can be applied",
                "access level": "List",
                "resource types": [
                    ""
                ],
                "conditionKeys": "",
                "dependentActions": [
                    ""
                ]
            },
            {
                "name": "ListTagsForResource",
                "description": "Grants permission to list the tags on a specified resource ARN",
                "access level": "Read",
                "resource types": [
                    ""
                ],
                "conditionKeys": "",
                "dependentActions": [
                    ""
                ]
            },
            {
                "name": "PutResourcePermission",
                "description": "Grants permission to add the SSM for SAP level resource permissions associated with a SSM for SAP database resource",
                "access level": "Write",
                "resource types": [
                    ""
                ],
                "conditionKeys": "",
                "dependentActions": [
                    ""
                ]
            },
            {
                "name": "RegisterApplication",
                "description": "Grants permission to registers an SAP application with SSM for SAP",
                "access level": "Write",
                "resource types": [
                    ""
                ],
                "conditionKeys": "aws:RequestTag/${TagKey}\n\n\naws:TagKeys",
                "dependentActions": [
                    ""
                ]
            },
            {
                "name": "RestoreDatabase",
                "description": "Grants permission to restore a database from another database",
                "access level": "Write",
                "resource types": [
                    ""
                ],
                "conditionKeys": "",
                "dependentActions": [
                    ""
                ]
            },
            {
                "name": "TagResource",
                "description": "Grants permission to tag a specified resource ARN",
                "access level": "Tagging",
                "resource types": [
                    "application"
                ],
                "conditionKeys": "",
                "dependentActions": [
                    ""
                ]
            },
            {
                "name": "UntagResource",
                "description": "Grants permission to remove tags from a specified resource ARN",
                "access level": "Tagging",
                "resource types": [
                    "application"
                ],
                "conditionKeys": "",
                "dependentActions": [
                    ""
                ]
            },
            {
                "name": "UpdateApplicationSettings",
                "description": "Grants permission to update settings of a registered SSM for SAP application",
                "access level": "Write",
                "resource types": [
                    ""
                ],
                "conditionKeys": "",
                "dependentActions": [
                    ""
                ]
            },
            {
                "name": "UpdateHANABackupSettings",
                "description": "Grants permission to update the HANA backup settings of a specified database",
                "access level": "Write",
                "resource types": [
                    ""
                ],
                "conditionKeys": "",
                "dependentActions": [
                    ""
                ]
            }
        ]
    },
    {
        "resources": [
            {
                "resource_type": "application",
                "ARN": "arn:${Partition}:ssm-sap:${Region}:${Account}:${ApplicationType}/${ApplicationId}",
                "conditionKeys": "aws:ResourceTag/${TagKey}"
            },
            {
                "resource_type": "database",
                "ARN": "arn:${Partition}:ssm-sap:${Region}:${Account}:${ApplicationType}/${ApplicationId}/DB/${DatabaseId}",
                "conditionKeys": "aws:ResourceTag/${TagKey}"
            }
        ]
    },
    {
        "conditions": [
            {
                "Condition keys": "aws:RequestTag/${TagKey}",
                "Description": "Filters access by the tags that are passed in the request",
                "Type": "String"
            },
            {
                "Condition keys": "aws:ResourceTag/${TagKey}",
                "Description": "Filters access by the tags associated with the resource",
                "Type": "String"
            },
            {
                "Condition keys": "aws:TagKeys",
                "Description": "Filters access by the tag keys that are passed in the request",
                "Type": "ArrayOfString"
            }
        ]
    }
]