[
    {
        "prefix_item": "ssm"
    },
    {
        "link": "https://docs.aws.amazon.com/service-authorization/latest/reference/./list_awssystemsmanager.html"
    },
    {
        "actions": [
            {
                "name": "AddTagsToResource",
                "description": "Grants permission to add or overwrite one or more tags for a specified AWS resource",
                "access level": "Tagging",
                "resource types": [
                    "association"
                ],
                "conditionKeys": "",
                "dependentActions": [
                    ""
                ]
            },
            {
                "name": "AssociateOpsItemRelatedItem",
                "description": "Grants permission to associate RelatedItem to an OpsItem",
                "access level": "Write",
                "resource types": [
                    "opsitem*"
                ],
                "conditionKeys": "",
                "dependentActions": [
                    ""
                ]
            },
            {
                "name": "CancelCommand",
                "description": "Grants permission to cancel a specified Run Command command",
                "access level": "Write",
                "resource types": [
                    ""
                ],
                "conditionKeys": "",
                "dependentActions": [
                    ""
                ]
            },
            {
                "name": "CancelMaintenanceWindowExecution",
                "description": "Grants permission to cancel an in-progress maintenance window execution",
                "access level": "Write",
                "resource types": [
                    "maintenancewindow*"
                ],
                "conditionKeys": "",
                "dependentActions": [
                    ""
                ]
            },
            {
                "name": "CreateActivation",
                "description": "Grants permission to create an activation that is used to register on-premises servers and virtual machines (VMs) with Systems Manager",
                "access level": "Write",
                "resource types": [
                    ""
                ],
                "conditionKeys": "aws:RequestTag/${TagKey}\n\n\naws:TagKeys",
                "dependentActions": [
                    ""
                ]
            },
            {
                "name": "CreateAssociation",
                "description": "Grants permission to associate a specified Systems Manager document with specified instances or other targets",
                "access level": "Write",
                "resource types": [
                    "document*"
                ],
                "conditionKeys": "",
                "dependentActions": [
                    ""
                ]
            },
            {
                "name": "CreateAssociationBatch",
                "description": "Grants permission to combine entries for multiple CreateAssociation operations in a single command",
                "access level": "Write",
                "resource types": [
                    "document*"
                ],
                "conditionKeys": "",
                "dependentActions": [
                    ""
                ]
            },
            {
                "name": "CreateDocument",
                "description": "Grants permission to create a Systems Manager SSM document",
                "access level": "Write",
                "resource types": [
                    "document*"
                ],
                "conditionKeys": "",
                "dependentActions": [
                    "iam:PassRole"
                ]
            },
            {
                "name": "CreateMaintenanceWindow",
                "description": "Grants permission to create a maintenance window",
                "access level": "Write",
                "resource types": [
                    ""
                ],
                "conditionKeys": "aws:RequestTag/${TagKey}\n\n\naws:TagKeys",
                "dependentActions": [
                    ""
                ]
            },
            {
                "name": "CreateOpsItem",
                "description": "Grants permission to create an OpsItem in OpsCenter",
                "access level": "Write",
                "resource types": [
                    ""
                ],
                "conditionKeys": "aws:RequestTag/${TagKey}\n\n\naws:TagKeys",
                "dependentActions": [
                    ""
                ]
            },
            {
                "name": "CreateOpsMetadata",
                "description": "Grants permission to create an OpsMetadata object for an AWS resource",
                "access level": "Write",
                "resource types": [
                    ""
                ],
                "conditionKeys": "aws:RequestTag/${TagKey}\n\n\naws:TagKeys",
                "dependentActions": [
                    ""
                ]
            },
            {
                "name": "CreatePatchBaseline",
                "description": "Grants permission to create a patch baseline",
                "access level": "Write",
                "resource types": [
                    ""
                ],
                "conditionKeys": "aws:RequestTag/${TagKey}\n\n\naws:TagKeys",
                "dependentActions": [
                    ""
                ]
            },
            {
                "name": "CreateResourceDataSync",
                "description": "Grants permission to create a resource data sync configuration, which regularly collects inventory data from managed instances and updates the data in an Amazon S3 bucket",
                "access level": "Write",
                "resource types": [
                    "resourcedatasync*"
                ],
                "conditionKeys": "",
                "dependentActions": [
                    ""
                ]
            },
            {
                "name": "DeleteActivation",
                "description": "Grants permission to delete a specified activation for managed instances",
                "access level": "Write",
                "resource types": [
                    ""
                ],
                "conditionKeys": "",
                "dependentActions": [
                    ""
                ]
            },
            {
                "name": "DeleteAssociation",
                "description": "Grants permission to disassociate a specified SSM document from a specified instance",
                "access level": "Write",
                "resource types": [
                    "association"
                ],
                "conditionKeys": "",
                "dependentActions": [
                    ""
                ]
            },
            {
                "name": "DeleteDocument",
                "description": "Grants permission to delete a specified SSM document and its instance associations",
                "access level": "Write",
                "resource types": [
                    "document*"
                ],
                "conditionKeys": "",
                "dependentActions": [
                    ""
                ]
            },
            {
                "name": "DeleteInventory",
                "description": "Grants permission to delete a specified custom inventory type, or the data associated with a custom inventory type",
                "access level": "Write",
                "resource types": [
                    ""
                ],
                "conditionKeys": "",
                "dependentActions": [
                    ""
                ]
            },
            {
                "name": "DeleteMaintenanceWindow",
                "description": "Grants permission to delete a specified maintenance window",
                "access level": "Write",
                "resource types": [
                    "maintenancewindow*"
                ],
                "conditionKeys": "",
                "dependentActions": [
                    ""
                ]
            },
            {
                "name": "DeleteOpsMetadata",
                "description": "Grants permission to delete an OpsMetadata object",
                "access level": "Write",
                "resource types": [
                    "opsmetadata*"
                ],
                "conditionKeys": "",
                "dependentActions": [
                    ""
                ]
            },
            {
                "name": "DeleteParameter",
                "description": "Grants permission to delete a specified SSM parameter",
                "access level": "Write",
                "resource types": [
                    "parameter*"
                ],
                "conditionKeys": "",
                "dependentActions": [
                    ""
                ]
            },
            {
                "name": "DeleteParameters",
                "description": "Grants permission to delete multiple specified SSM parameters",
                "access level": "Write",
                "resource types": [
                    "parameter*"
                ],
                "conditionKeys": "",
                "dependentActions": [
                    ""
                ]
            },
            {
                "name": "DeletePatchBaseline",
                "description": "Grants permission to delete a specified patch baseline",
                "access level": "Write",
                "resource types": [
                    "patchbaseline*"
                ],
                "conditionKeys": "",
                "dependentActions": [
                    ""
                ]
            },
            {
                "name": "DeleteResourceDataSync",
                "description": "Grants permission to delete a specified resource data sync",
                "access level": "Write",
                "resource types": [
                    "resourcedatasync*"
                ],
                "conditionKeys": "",
                "dependentActions": [
                    ""
                ]
            },
            {
                "name": "DeleteResourcePolicy",
                "description": "Grants permission to delete a Systems Manager resource policy",
                "access level": "Permissions management",
                "resource types": [
                    "resourcearn*"
                ],
                "conditionKeys": "",
                "dependentActions": [
                    ""
                ]
            },
            {
                "name": "DeregisterManagedInstance",
                "description": "Grants permission to deregister a specified on-premises server or virtual machine (VM) from Systems Manager",
                "access level": "Write",
                "resource types": [
                    "managed-instance*"
                ],
                "conditionKeys": "",
                "dependentActions": [
                    ""
                ]
            },
            {
                "name": "DeregisterPatchBaselineForPatchGroup",
                "description": "Grants permission to deregister a specified patch baseline from being the default patch baseline for a specified patch group",
                "access level": "Write",
                "resource types": [
                    "patchbaseline*"
                ],
                "conditionKeys": "",
                "dependentActions": [
                    ""
                ]
            },
            {
                "name": "DeregisterTargetFromMaintenanceWindow",
                "description": "Grants permission to deregister a specified target from a maintenance window",
                "access level": "Write",
                "resource types": [
                    "maintenancewindow*"
                ],
                "conditionKeys": "",
                "dependentActions": [
                    ""
                ]
            },
            {
                "name": "DeregisterTaskFromMaintenanceWindow",
                "description": "Grants permission to deregister a specified task from a maintenance window",
                "access level": "Write",
                "resource types": [
                    "maintenancewindow*"
                ],
                "conditionKeys": "",
                "dependentActions": [
                    ""
                ]
            },
            {
                "name": "DescribeActivations",
                "description": "Grants permission to view details about a specified managed instance activation, such as when it was created and the number of instances registered using the activation",
                "access level": "Read",
                "resource types": [
                    ""
                ],
                "conditionKeys": "",
                "dependentActions": [
                    ""
                ]
            },
            {
                "name": "DescribeAssociation",
                "description": "Grants permission to view details about the specified association for a specified instance or target",
                "access level": "Read",
                "resource types": [
                    "association"
                ],
                "conditionKeys": "",
                "dependentActions": [
                    ""
                ]
            },
            {
                "name": "DescribeAssociationExecutionTargets",
                "description": "Grants permission to view information about a specified association execution",
                "access level": "Read",
                "resource types": [
                    "association*"
                ],
                "conditionKeys": "",
                "dependentActions": [
                    ""
                ]
            },
            {
                "name": "DescribeAssociationExecutions",
                "description": "Grants permission to view all executions for a specified association",
                "access level": "Read",
                "resource types": [
                    "association*"
                ],
                "conditionKeys": "",
                "dependentActions": [
                    ""
                ]
            },
            {
                "name": "DescribeAutomationExecutions",
                "description": "Grants permission to view details about all active and terminated Automation executions",
                "access level": "Read",
                "resource types": [
                    ""
                ],
                "conditionKeys": "",
                "dependentActions": [
                    ""
                ]
            },
            {
                "name": "DescribeAutomationStepExecutions",
                "description": "Grants permission to view information about all active and terminated step executions in an Automation workflow",
                "access level": "Read",
                "resource types": [
                    "automation-execution*"
                ],
                "conditionKeys": "",
                "dependentActions": [
                    ""
                ]
            },
            {
                "name": "DescribeAvailablePatches",
                "description": "Grants permission to view all patches eligible to include in a patch baseline",
                "access level": "Read",
                "resource types": [
                    ""
                ],
                "conditionKeys": "",
                "dependentActions": [
                    ""
                ]
            },
            {
                "name": "DescribeDocument",
                "description": "Grants permission to view details about a specified SSM document",
                "access level": "Read",
                "resource types": [
                    "document*"
                ],
                "conditionKeys": "",
                "dependentActions": [
                    ""
                ]
            },
            {
                "name": "DescribeDocumentParameters",
                "description": "Grants permission to display information about SSM document parameters in the Systems Manager console (internal Systems Manager action)",
                "access level": "Read",
                "resource types": [
                    "document*"
                ],
                "conditionKeys": "",
                "dependentActions": [
                    ""
                ]
            },
            {
                "name": "DescribeDocumentPermission",
                "description": "Grants permission to view the permissions for a specified SSM document",
                "access level": "Read",
                "resource types": [
                    "document*"
                ],
                "conditionKeys": "",
                "dependentActions": [
                    ""
                ]
            },
            {
                "name": "DescribeEffectiveInstanceAssociations",
                "description": "Grants permission to view all current associations for a specified instance",
                "access level": "Read",
                "resource types": [
                    "instance*"
                ],
                "conditionKeys": "",
                "dependentActions": [
                    ""
                ]
            },
            {
                "name": "DescribeEffectivePatchesForPatchBaseline",
                "description": "Grants permission to view details about the patches currently associated with the specified patch baseline (Windows only)",
                "access level": "Read",
                "resource types": [
                    "patchbaseline*"
                ],
                "conditionKeys": "",
                "dependentActions": [
                    ""
                ]
            },
            {
                "name": "DescribeInstanceAssociationsStatus",
                "description": "Grants permission to view the status of the associations for a specified instance",
                "access level": "Read",
                "resource types": [
                    "instance*"
                ],
                "conditionKeys": "",
                "dependentActions": [
                    ""
                ]
            },
            {
                "name": "DescribeInstanceInformation",
                "description": "Grants permission to view details about a specified instance",
                "access level": "Read",
                "resource types": [
                    ""
                ],
                "conditionKeys": "",
                "dependentActions": [
                    ""
                ]
            },
            {
                "name": "DescribeInstancePatchStates",
                "description": "Grants permission to view status details about patches on a specified instance",
                "access level": "Read",
                "resource types": [
                    ""
                ],
                "conditionKeys": "",
                "dependentActions": [
                    ""
                ]
            },
            {
                "name": "DescribeInstancePatchStatesForPatchGroup",
                "description": "Grants permission to describe the high-level patch state for the instances in the specified patch group",
                "access level": "Read",
                "resource types": [
                    ""
                ],
                "conditionKeys": "",
                "dependentActions": [
                    ""
                ]
            },
            {
                "name": "DescribeInstancePatches",
                "description": "Grants permission to view general details about the patches on a specified instance",
                "access level": "Read",
                "resource types": [
                    ""
                ],
                "conditionKeys": "",
                "dependentActions": [
                    ""
                ]
            },
            {
                "name": "DescribeInstanceProperties",
                "description": "Grants permission to user's Amazon EC2 console to render managed instances' nodes",
                "access level": "Read",
                "resource types": [
                    ""
                ],
                "conditionKeys": "",
                "dependentActions": [
                    ""
                ]
            },
            {
                "name": "DescribeInventoryDeletions",
                "description": "Grants permission to view details about a specified inventory deletion",
                "access level": "Read",
                "resource types": [
                    ""
                ],
                "conditionKeys": "",
                "dependentActions": [
                    ""
                ]
            },
            {
                "name": "DescribeMaintenanceWindowExecutionTaskInvocations",
                "description": "Grants permission to view details of a specified task execution for a maintenance window",
                "access level": "List",
                "resource types": [
                    ""
                ],
                "conditionKeys": "",
                "dependentActions": [
                    ""
                ]
            },
            {
                "name": "DescribeMaintenanceWindowExecutionTasks",
                "description": "Grants permission to view details about the tasks that ran during a specified maintenance window execution",
                "access level": "List",
                "resource types": [
                    "maintenancewindow*"
                ],
                "conditionKeys": "",
                "dependentActions": [
                    ""
                ]
            },
            {
                "name": "DescribeMaintenanceWindowExecutions",
                "description": "Grants permission to view the executions of a specified maintenance window",
                "access level": "List",
                "resource types": [
                    "maintenancewindow*"
                ],
                "conditionKeys": "",
                "dependentActions": [
                    ""
                ]
            },
            {
                "name": "DescribeMaintenanceWindowSchedule",
                "description": "Grants permission to view details about upcoming executions of a specified maintenance window",
                "access level": "List",
                "resource types": [
                    ""
                ],
                "conditionKeys": "",
                "dependentActions": [
                    ""
                ]
            },
            {
                "name": "DescribeMaintenanceWindowTargets",
                "description": "Grants permission to view a list of the targets associated with a specified maintenance window",
                "access level": "List",
                "resource types": [
                    "maintenancewindow*"
                ],
                "conditionKeys": "",
                "dependentActions": [
                    ""
                ]
            },
            {
                "name": "DescribeMaintenanceWindowTasks",
                "description": "Grants permission to view a list of the tasks associated with a specified maintenance window",
                "access level": "List",
                "resource types": [
                    "maintenancewindow*"
                ],
                "conditionKeys": "",
                "dependentActions": [
                    ""
                ]
            },
            {
                "name": "DescribeMaintenanceWindows",
                "description": "Grants permission to view information about all or specified maintenance windows",
                "access level": "List",
                "resource types": [
                    ""
                ],
                "conditionKeys": "",
                "dependentActions": [
                    ""
                ]
            },
            {
                "name": "DescribeMaintenanceWindowsForTarget",
                "description": "Grants permission to view information about the maintenance window targets and tasks associated with a specified instance",
                "access level": "List",
                "resource types": [
                    ""
                ],
                "conditionKeys": "",
                "dependentActions": [
                    ""
                ]
            },
            {
                "name": "DescribeOpsItems",
                "description": "Grants permission to view details about specified OpsItems",
                "access level": "Read",
                "resource types": [
                    ""
                ],
                "conditionKeys": "",
                "dependentActions": [
                    ""
                ]
            },
            {
                "name": "DescribeParameters",
                "description": "Grants permission to view details about a specified SSM parameter",
                "access level": "List",
                "resource types": [
                    ""
                ],
                "conditionKeys": "",
                "dependentActions": [
                    ""
                ]
            },
            {
                "name": "DescribePatchBaselines",
                "description": "Grants permission to view information about patch baselines that meet the specified criteria",
                "access level": "List",
                "resource types": [
                    ""
                ],
                "conditionKeys": "",
                "dependentActions": [
                    ""
                ]
            },
            {
                "name": "DescribePatchGroupState",
                "description": "Grants permission to view aggregated status details for patches for a specified patch group",
                "access level": "List",
                "resource types": [
                    ""
                ],
                "conditionKeys": "",
                "dependentActions": [
                    ""
                ]
            },
            {
                "name": "DescribePatchGroups",
                "description": "Grants permission to view information about the patch baseline for a specified patch group",
                "access level": "List",
                "resource types": [
                    ""
                ],
                "conditionKeys": "",
                "dependentActions": [
                    ""
                ]
            },
            {
                "name": "DescribePatchProperties",
                "description": "Grants permission to view details of available patches for a specified operating system and patch property",
                "access level": "List",
                "resource types": [
                    ""
                ],
                "conditionKeys": "",
                "dependentActions": [
                    ""
                ]
            },
            {
                "name": "DescribeSessions",
                "description": "Grants permission to view a list of recent Session Manager sessions that meet the specified search criteria",
                "access level": "List",
                "resource types": [
                    ""
                ],
                "conditionKeys": "",
                "dependentActions": [
                    ""
                ]
            },
            {
                "name": "DisassociateOpsItemRelatedItem",
                "description": "Grants permission to disassociate RelatedItem from an OpsItem",
                "access level": "Write",
                "resource types": [
                    "opsitem*"
                ],
                "conditionKeys": "",
                "dependentActions": [
                    ""
                ]
            },
            {
                "name": "GetAutomationExecution",
                "description": "Grants permission to view details of a specified Automation execution",
                "access level": "Read",
                "resource types": [
                    "automation-execution*"
                ],
                "conditionKeys": "",
                "dependentActions": [
                    ""
                ]
            },
            {
                "name": "GetCalendar [permission only]",
                "description": "Grants permission to view details of a specific calendar",
                "access level": "Read",
                "resource types": [
                    "document*"
                ],
                "conditionKeys": "",
                "dependentActions": [
                    ""
                ]
            },
            {
                "name": "GetCalendarState",
                "description": "Grants permission to view the calendar state for a change calendar or a list of change calendars",
                "access level": "Read",
                "resource types": [
                    "document*"
                ],
                "conditionKeys": "",
                "dependentActions": [
                    ""
                ]
            },
            {
                "name": "GetCommandInvocation",
                "description": "Grants permission to view details about the command execution of a specified invocation or plugin",
                "access level": "Read",
                "resource types": [
                    ""
                ],
                "conditionKeys": "",
                "dependentActions": [
                    ""
                ]
            },
            {
                "name": "GetConnectionStatus",
                "description": "Grants permission to view the Session Manager connection status for a specified managed instance",
                "access level": "Read",
                "resource types": [
                    "instance"
                ],
                "conditionKeys": "",
                "dependentActions": [
                    ""
                ]
            },
            {
                "name": "GetDefaultPatchBaseline",
                "description": "Grants permission to view the current default patch baseline for a specified operating system type",
                "access level": "Read",
                "resource types": [
                    "patchbaseline*"
                ],
                "conditionKeys": "",
                "dependentActions": [
                    ""
                ]
            },
            {
                "name": "GetDeployablePatchSnapshotForInstance",
                "description": "Grants permission to retrieve the current patch baseline snapshot for a specified instance",
                "access level": "Read",
                "resource types": [
                    ""
                ],
                "conditionKeys": "",
                "dependentActions": [
                    ""
                ]
            },
            {
                "name": "GetDocument",
                "description": "Grants permission to view the contents of a specified SSM document",
                "access level": "Read",
                "resource types": [
                    "document*"
                ],
                "conditionKeys": "",
                "dependentActions": [
                    ""
                ]
            },
            {
                "name": "GetInventory",
                "description": "Grants permission to view instance inventory details per the specified criteria",
                "access level": "Read",
                "resource types": [
                    ""
                ],
                "conditionKeys": "",
                "dependentActions": [
                    ""
                ]
            },
            {
                "name": "GetInventorySchema",
                "description": "Grants permission to view a list of inventory types or attribute names for a specified inventory item type",
                "access level": "Read",
                "resource types": [
                    ""
                ],
                "conditionKeys": "",
                "dependentActions": [
                    ""
                ]
            },
            {
                "name": "GetMaintenanceWindow",
                "description": "Grants permission to view details about a specified maintenance window",
                "access level": "Read",
                "resource types": [
                    "maintenancewindow*"
                ],
                "conditionKeys": "",
                "dependentActions": [
                    ""
                ]
            },
            {
                "name": "GetMaintenanceWindowExecution",
                "description": "Grants permission to view details about a specified maintenance window execution",
                "access level": "Read",
                "resource types": [
                    ""
                ],
                "conditionKeys": "",
                "dependentActions": [
                    ""
                ]
            },
            {
                "name": "GetMaintenanceWindowExecutionTask",
                "description": "Grants permission to view details about a specified maintenance window execution task",
                "access level": "Read",
                "resource types": [
                    ""
                ],
                "conditionKeys": "",
                "dependentActions": [
                    ""
                ]
            },
            {
                "name": "GetMaintenanceWindowExecutionTaskInvocation",
                "description": "Grants permission to view details about a specific maintenance window task running on a specific target",
                "access level": "Read",
                "resource types": [
                    ""
                ],
                "conditionKeys": "",
                "dependentActions": [
                    ""
                ]
            },
            {
                "name": "GetMaintenanceWindowTask",
                "description": "Grants permission to view details about tasks registered with a specified maintenance window",
                "access level": "Read",
                "resource types": [
                    "maintenancewindow*"
                ],
                "conditionKeys": "",
                "dependentActions": [
                    ""
                ]
            },
            {
                "name": "GetManifest [permission only]",
                "description": "Grants permission to Systems Manager and SSM Agent to determine package installation requirements for an instance (internal Systems Manager call)",
                "access level": "Read",
                "resource types": [
                    ""
                ],
                "conditionKeys": "",
                "dependentActions": [
                    ""
                ]
            },
            {
                "name": "GetOpsItem",
                "description": "Grants permission to view information about a specified OpsItem",
                "access level": "Read",
                "resource types": [
                    "opsitem*"
                ],
                "conditionKeys": "",
                "dependentActions": [
                    ""
                ]
            },
            {
                "name": "GetOpsMetadata",
                "description": "Grants permission to retrieve an OpsMetadata object",
                "access level": "Read",
                "resource types": [
                    "opsmetadata*"
                ],
                "conditionKeys": "",
                "dependentActions": [
                    ""
                ]
            },
            {
                "name": "GetOpsSummary",
                "description": "Grants permission to view summary information about OpsItems based on specified filters and aggregators",
                "access level": "Read",
                "resource types": [
                    "resourcedatasync*"
                ],
                "conditionKeys": "",
                "dependentActions": [
                    ""
                ]
            },
            {
                "name": "GetParameter",
                "description": "Grants permission to view information about a specified parameter",
                "access level": "Read",
                "resource types": [
                    "parameter*"
                ],
                "conditionKeys": "",
                "dependentActions": [
                    ""
                ]
            },
            {
                "name": "GetParameterHistory",
                "description": "Grants permission to view details and changes for a specified parameter",
                "access level": "Read",
                "resource types": [
                    "parameter*"
                ],
                "conditionKeys": "",
                "dependentActions": [
                    ""
                ]
            },
            {
                "name": "GetParameters",
                "description": "Grants permission to view information about multiple specified parameters",
                "access level": "Read",
                "resource types": [
                    "parameter*"
                ],
                "conditionKeys": "",
                "dependentActions": [
                    ""
                ]
            },
            {
                "name": "GetParametersByPath",
                "description": "Grants permission to view information about parameters in a specified hierarchy",
                "access level": "Read",
                "resource types": [
                    "parameter*"
                ],
                "conditionKeys": "",
                "dependentActions": [
                    ""
                ]
            },
            {
                "name": "GetPatchBaseline",
                "description": "Grants permission to view information about a specified patch baseline",
                "access level": "Read",
                "resource types": [
                    "patchbaseline*"
                ],
                "conditionKeys": "",
                "dependentActions": [
                    ""
                ]
            },
            {
                "name": "GetPatchBaselineForPatchGroup",
                "description": "Grants permission to view the ID of the current patch baseline for a specified patch group",
                "access level": "Read",
                "resource types": [
                    "patchbaseline*"
                ],
                "conditionKeys": "",
                "dependentActions": [
                    ""
                ]
            },
            {
                "name": "GetResourcePolicies",
                "description": "Grants permission to retrieve lists of Systems Manager resource policies",
                "access level": "List",
                "resource types": [
                    "resourcearn*"
                ],
                "conditionKeys": "",
                "dependentActions": [
                    ""
                ]
            },
            {
                "name": "GetServiceSetting",
                "description": "Grants permission to view the account-level setting for an AWS service",
                "access level": "Read",
                "resource types": [
                    "servicesetting*"
                ],
                "conditionKeys": "",
                "dependentActions": [
                    ""
                ]
            },
            {
                "name": "LabelParameterVersion",
                "description": "Grants permission to apply an identifying label to a specified version of a parameter",
                "access level": "Write",
                "resource types": [
                    "parameter*"
                ],
                "conditionKeys": "",
                "dependentActions": [
                    ""
                ]
            },
            {
                "name": "ListAssociationVersions",
                "description": "Grants permission to list versions of the specified association",
                "access level": "List",
                "resource types": [
                    "association*"
                ],
                "conditionKeys": "",
                "dependentActions": [
                    ""
                ]
            },
            {
                "name": "ListAssociations",
                "description": "Grants permission to list the associations for a specified SSM document or managed instance",
                "access level": "List",
                "resource types": [
                    ""
                ],
                "conditionKeys": "",
                "dependentActions": [
                    ""
                ]
            },
            {
                "name": "ListCommandInvocations",
                "description": "Grants permission to list information about command invocations sent to a specified instance",
                "access level": "List",
                "resource types": [
                    ""
                ],
                "conditionKeys": "",
                "dependentActions": [
                    ""
                ]
            },
            {
                "name": "ListCommands",
                "description": "Grants permission to list the commands sent to a specified instance",
                "access level": "List",
                "resource types": [
                    ""
                ],
                "conditionKeys": "",
                "dependentActions": [
                    ""
                ]
            },
            {
                "name": "ListComplianceItems",
                "description": "Grants permission to list compliance status for specified resource types on a specified resource",
                "access level": "List",
                "resource types": [
                    ""
                ],
                "conditionKeys": "",
                "dependentActions": [
                    ""
                ]
            },
            {
                "name": "ListComplianceSummaries",
                "description": "Grants permission to list a summary count of compliant and noncompliant resources for a specified compliance type",
                "access level": "List",
                "resource types": [
                    ""
                ],
                "conditionKeys": "",
                "dependentActions": [
                    ""
                ]
            },
            {
                "name": "ListDocumentMetadataHistory",
                "description": "Grants permission to view metadata history about a specified SSM document",
                "access level": "List",
                "resource types": [
                    "document*"
                ],
                "conditionKeys": "",
                "dependentActions": [
                    ""
                ]
            },
            {
                "name": "ListDocumentVersions",
                "description": "Grants permission to list all versions of a specified document",
                "access level": "List",
                "resource types": [
                    "document*"
                ],
                "conditionKeys": "",
                "dependentActions": [
                    ""
                ]
            },
            {
                "name": "ListDocuments",
                "description": "Grants permission to view information about a specified SSM document",
                "access level": "List",
                "resource types": [
                    ""
                ],
                "conditionKeys": "",
                "dependentActions": [
                    ""
                ]
            },
            {
                "name": "ListInstanceAssociations",
                "description": "Grants permission to SSM Agent to check for new State Manager associations (internal Systems Manager call)",
                "access level": "List",
                "resource types": [
                    "instance"
                ],
                "conditionKeys": "",
                "dependentActions": [
                    ""
                ]
            },
            {
                "name": "ListInventoryEntries",
                "description": "Grants permission to view a list of specified inventory types for a specified instance",
                "access level": "List",
                "resource types": [
                    ""
                ],
                "conditionKeys": "",
                "dependentActions": [
                    ""
                ]
            },
            {
                "name": "ListOpsItemEvents",
                "description": "Grants permission to view details about OpsItemEvents",
                "access level": "List",
                "resource types": [
                    ""
                ],
                "conditionKeys": "",
                "dependentActions": [
                    ""
                ]
            },
            {
                "name": "ListOpsItemRelatedItems",
                "description": "Grants permission to view details about OpsItem RelatedItems",
                "access level": "List",
                "resource types": [
                    ""
                ],
                "conditionKeys": "",
                "dependentActions": [
                    ""
                ]
            },
            {
                "name": "ListOpsMetadata",
                "description": "Grants permission to view a list of OpsMetadata objects",
                "access level": "List",
                "resource types": [
                    ""
                ],
                "conditionKeys": "",
                "dependentActions": [
                    ""
                ]
            },
            {
                "name": "ListResourceComplianceSummaries",
                "description": "Grants permission to list resource-level summary count",
                "access level": "List",
                "resource types": [
                    ""
                ],
                "conditionKeys": "",
                "dependentActions": [
                    ""
                ]
            },
            {
                "name": "ListResourceDataSync",
                "description": "Grants permission to list information about resource data sync configurations in an account",
                "access level": "List",
                "resource types": [
                    ""
                ],
                "conditionKeys": "ssm:SyncType",
                "dependentActions": [
                    ""
                ]
            },
            {
                "name": "ListTagsForResource",
                "description": "Grants permission to view a list of resource tags for a specified resource",
                "access level": "List",
                "resource types": [
                    "association"
                ],
                "conditionKeys": "",
                "dependentActions": [
                    ""
                ]
            },
            {
                "name": "ModifyDocumentPermission",
                "description": "Grants permission to share a custom SSM document publicly or privately with specified AWS accounts",
                "access level": "Permissions management",
                "resource types": [
                    "document*"
                ],
                "conditionKeys": "",
                "dependentActions": [
                    ""
                ]
            },
            {
                "name": "PutCalendar [permission only]",
                "description": "Grants permission to create/edit a specific calendar",
                "access level": "Write",
                "resource types": [
                    "document*"
                ],
                "conditionKeys": "",
                "dependentActions": [
                    ""
                ]
            },
            {
                "name": "PutComplianceItems",
                "description": "Grants permission to register a compliance type and other compliance details on a specified resource",
                "access level": "Write",
                "resource types": [
                    "instance"
                ],
                "conditionKeys": "",
                "dependentActions": [
                    ""
                ]
            },
            {
                "name": "PutConfigurePackageResult [permission only]",
                "description": "Grants permission to SSM Agent to generate a report of the results of specific agent requests (internal Systems Manager call)",
                "access level": "Read",
                "resource types": [
                    ""
                ],
                "conditionKeys": "",
                "dependentActions": [
                    ""
                ]
            },
            {
                "name": "PutInventory",
                "description": "Grants permission to add or update inventory items on multiple specified managed instances",
                "access level": "Write",
                "resource types": [
                    ""
                ],
                "conditionKeys": "",
                "dependentActions": [
                    ""
                ]
            },
            {
                "name": "PutParameter",
                "description": "Grants permission to create an SSM parameter",
                "access level": "Write",
                "resource types": [
                    "parameter*"
                ],
                "conditionKeys": "",
                "dependentActions": [
                    ""
                ]
            },
            {
                "name": "PutResourcePolicy",
                "description": "Grants permission to create or update a Systems Manager resource policy",
                "access level": "Permissions management",
                "resource types": [
                    "resourcearn*"
                ],
                "conditionKeys": "",
                "dependentActions": [
                    ""
                ]
            },
            {
                "name": "RegisterDefaultPatchBaseline",
                "description": "Grants permission to specify the default patch baseline for an operating system type",
                "access level": "Write",
                "resource types": [
                    "patchbaseline*"
                ],
                "conditionKeys": "",
                "dependentActions": [
                    ""
                ]
            },
            {
                "name": "RegisterManagedInstance",
                "description": "Grants permission to register a Systems Manager Agent",
                "access level": "Write",
                "resource types": [
                    ""
                ],
                "conditionKeys": "aws:RequestTag/${TagKey}\n\n\naws:TagKeys",
                "dependentActions": [
                    ""
                ]
            },
            {
                "name": "RegisterPatchBaselineForPatchGroup",
                "description": "Grants permission to specify the default patch baseline for a specified patch group",
                "access level": "Write",
                "resource types": [
                    "patchbaseline*"
                ],
                "conditionKeys": "",
                "dependentActions": [
                    ""
                ]
            },
            {
                "name": "RegisterTargetWithMaintenanceWindow",
                "description": "Grants permission to register a target with a specified maintenance window",
                "access level": "Write",
                "resource types": [
                    "maintenancewindow*"
                ],
                "conditionKeys": "",
                "dependentActions": [
                    ""
                ]
            },
            {
                "name": "RegisterTaskWithMaintenanceWindow",
                "description": "Grants permission to register a task with a specified maintenance window",
                "access level": "Write",
                "resource types": [
                    "maintenancewindow*"
                ],
                "conditionKeys": "",
                "dependentActions": [
                    ""
                ]
            },
            {
                "name": "RemoveTagsFromResource",
                "description": "Grants permission to remove a specified tag key from a specified resource",
                "access level": "Tagging",
                "resource types": [
                    "association"
                ],
                "conditionKeys": "",
                "dependentActions": [
                    ""
                ]
            },
            {
                "name": "ResetServiceSetting",
                "description": "Grants permission to reset the service setting for an AWS account to the default value",
                "access level": "Write",
                "resource types": [
                    "servicesetting*"
                ],
                "conditionKeys": "",
                "dependentActions": [
                    ""
                ]
            },
            {
                "name": "ResumeSession",
                "description": "Grants permission to reconnect a Session Manager session to a managed instance",
                "access level": "Write",
                "resource types": [
                    "session*"
                ],
                "conditionKeys": "",
                "dependentActions": [
                    ""
                ]
            },
            {
                "name": "SendAutomationSignal",
                "description": "Grants permission to send a signal to change the current behavior or status of a specified Automation execution",
                "access level": "Write",
                "resource types": [
                    "automation-execution*"
                ],
                "conditionKeys": "",
                "dependentActions": [
                    ""
                ]
            },
            {
                "name": "SendCommand",
                "description": "Grants permission to run commands on one or more specified managed instances",
                "access level": "Write",
                "resource types": [
                    "document*"
                ],
                "conditionKeys": "",
                "dependentActions": [
                    ""
                ]
            },
            {
                "name": "StartAssociationsOnce",
                "description": "Grants permission to run a specified association manually",
                "access level": "Write",
                "resource types": [
                    "association*"
                ],
                "conditionKeys": "",
                "dependentActions": [
                    ""
                ]
            },
            {
                "name": "StartAutomationExecution",
                "description": "Grants permission to initiate the execution of an Automation document",
                "access level": "Write",
                "resource types": [
                    "automation-definition*"
                ],
                "conditionKeys": "",
                "dependentActions": [
                    ""
                ]
            },
            {
                "name": "StartChangeRequestExecution",
                "description": "Grants permission to initiate the execution of an Automation Change Template document",
                "access level": "Write",
                "resource types": [
                    "automation-definition*"
                ],
                "conditionKeys": "",
                "dependentActions": [
                    ""
                ]
            },
            {
                "name": "StartSession",
                "description": "Grants permission to initiate a connection to a specified target for a Session Manager session",
                "access level": "Write",
                "resource types": [
                    "document"
                ],
                "conditionKeys": "",
                "dependentActions": [
                    ""
                ]
            },
            {
                "name": "StopAutomationExecution",
                "description": "Grants permission to stop a specified Automation execution that is already in progress",
                "access level": "Write",
                "resource types": [
                    "automation-execution*"
                ],
                "conditionKeys": "",
                "dependentActions": [
                    ""
                ]
            },
            {
                "name": "TerminateSession",
                "description": "Grants permission to permanently end a Session Manager connection to an instance",
                "access level": "Write",
                "resource types": [
                    "session*"
                ],
                "conditionKeys": "",
                "dependentActions": [
                    ""
                ]
            },
            {
                "name": "UnlabelParameterVersion",
                "description": "Grants permission to remove an identifying label from a specified version of a parameter",
                "access level": "Write",
                "resource types": [
                    "parameter*"
                ],
                "conditionKeys": "",
                "dependentActions": [
                    ""
                ]
            },
            {
                "name": "UpdateAssociation",
                "description": "Grants permission to update an association and immediately run the association on the specified targets",
                "access level": "Write",
                "resource types": [
                    "association*"
                ],
                "conditionKeys": "",
                "dependentActions": [
                    ""
                ]
            },
            {
                "name": "UpdateAssociationStatus",
                "description": "Grants permission to update the status of the SSM document associated with a specified instance",
                "access level": "Write",
                "resource types": [
                    "document*"
                ],
                "conditionKeys": "",
                "dependentActions": [
                    ""
                ]
            },
            {
                "name": "UpdateDocument",
                "description": "Grants permission to update one or more values for an SSM document",
                "access level": "Write",
                "resource types": [
                    "document*"
                ],
                "conditionKeys": "",
                "dependentActions": [
                    ""
                ]
            },
            {
                "name": "UpdateDocumentDefaultVersion",
                "description": "Grants permission to change the default version of an SSM document",
                "access level": "Write",
                "resource types": [
                    "document*"
                ],
                "conditionKeys": "",
                "dependentActions": [
                    ""
                ]
            },
            {
                "name": "UpdateDocumentMetadata",
                "description": "Grants permission to update the metadata of an SSM document",
                "access level": "Write",
                "resource types": [
                    "document*"
                ],
                "conditionKeys": "",
                "dependentActions": [
                    ""
                ]
            },
            {
                "name": "UpdateInstanceAssociationStatus [permission only]",
                "description": "Grants permission to SSM Agent to update the status of the association that it is currently running (internal Systems Manager call)",
                "access level": "Write",
                "resource types": [
                    "association*"
                ],
                "conditionKeys": "",
                "dependentActions": [
                    ""
                ]
            },
            {
                "name": "UpdateInstanceInformation",
                "description": "Grants permission to SSM Agent to send a heartbeat signal to the Systems Manager service in the cloud",
                "access level": "Write",
                "resource types": [
                    "instance"
                ],
                "conditionKeys": "",
                "dependentActions": [
                    ""
                ]
            },
            {
                "name": "UpdateMaintenanceWindow",
                "description": "Grants permission to update a specified maintenance window",
                "access level": "Write",
                "resource types": [
                    "maintenancewindow*"
                ],
                "conditionKeys": "",
                "dependentActions": [
                    ""
                ]
            },
            {
                "name": "UpdateMaintenanceWindowTarget",
                "description": "Grants permission to update a specified maintenance window target",
                "access level": "Write",
                "resource types": [
                    "maintenancewindow*"
                ],
                "conditionKeys": "",
                "dependentActions": [
                    ""
                ]
            },
            {
                "name": "UpdateMaintenanceWindowTask",
                "description": "Grants permission to update a specified maintenance window task",
                "access level": "Write",
                "resource types": [
                    "maintenancewindow*"
                ],
                "conditionKeys": "",
                "dependentActions": [
                    ""
                ]
            },
            {
                "name": "UpdateManagedInstanceRole",
                "description": "Grants permission to assign or change the IAM role assigned to a specified managed instance",
                "access level": "Write",
                "resource types": [
                    "managed-instance*"
                ],
                "conditionKeys": "",
                "dependentActions": [
                    ""
                ]
            },
            {
                "name": "UpdateOpsItem",
                "description": "Grants permission to edit or change an OpsItem",
                "access level": "Write",
                "resource types": [
                    "opsitem*"
                ],
                "conditionKeys": "",
                "dependentActions": [
                    ""
                ]
            },
            {
                "name": "UpdateOpsMetadata",
                "description": "Grants permission to update an OpsMetadata object",
                "access level": "Write",
                "resource types": [
                    "opsmetadata*"
                ],
                "conditionKeys": "",
                "dependentActions": [
                    ""
                ]
            },
            {
                "name": "UpdatePatchBaseline",
                "description": "Grants permission to update a specified patch baseline",
                "access level": "Write",
                "resource types": [
                    "patchbaseline*"
                ],
                "conditionKeys": "",
                "dependentActions": [
                    ""
                ]
            },
            {
                "name": "UpdateResourceDataSync",
                "description": "Grants permission to update a resource data sync",
                "access level": "Write",
                "resource types": [
                    "resourcedatasync*"
                ],
                "conditionKeys": "",
                "dependentActions": [
                    ""
                ]
            },
            {
                "name": "UpdateServiceSetting",
                "description": "Grants permission to update the service setting for an AWS account",
                "access level": "Write",
                "resource types": [
                    "servicesetting*"
                ],
                "conditionKeys": "",
                "dependentActions": [
                    ""
                ]
            }
        ]
    },
    {
        "resources": [
            {
                "resource_type": "association",
                "ARN": "arn:${Partition}:ssm:${Region}:${Account}:association/${AssociationId}",
                "conditionKeys": "aws:ResourceTag/${TagKey}"
            },
            {
                "resource_type": "automation-execution",
                "ARN": "arn:${Partition}:ssm:${Region}:${Account}:automation-execution/${AutomationExecutionId}",
                "conditionKeys": "aws:ResourceTag/${TagKey}\n\n\nssm:resourceTag/tag-key"
            },
            {
                "resource_type": "automation-definition",
                "ARN": "arn:${Partition}:ssm:${Region}:${Account}:automation-definition/${AutomationDefinitionName}:${VersionId}",
                "conditionKeys": ""
            },
            {
                "resource_type": "bucket",
                "ARN": "arn:${Partition}:s3:::${BucketName}",
                "conditionKeys": ""
            },
            {
                "resource_type": "document",
                "ARN": "arn:${Partition}:ssm:${Region}:${Account}:document/${DocumentName}",
                "conditionKeys": "aws:ResourceTag/${TagKey}\n\n\nssm:DocumentCategories"
            },
            {
                "resource_type": "instance",
                "ARN": "arn:${Partition}:ec2:${Region}:${Account}:instance/${InstanceId}",
                "conditionKeys": "aws:ResourceTag/${TagKey}\n\n\nssm:resourceTag/${TagKey}"
            },
            {
                "resource_type": "maintenancewindow",
                "ARN": "arn:${Partition}:ssm:${Region}:${Account}:maintenancewindow/${ResourceId}",
                "conditionKeys": "aws:ResourceTag/${TagKey}\n\n\nssm:resourceTag/tag-key"
            },
            {
                "resource_type": "managed-instance",
                "ARN": "arn:${Partition}:ssm:${Region}:${Account}:managed-instance/${InstanceId}",
                "conditionKeys": "aws:ResourceTag/${TagKey}\n\n\nssm:resourceTag/tag-key"
            },
            {
                "resource_type": "managed-instance-inventory",
                "ARN": "arn:${Partition}:ssm:${Region}:${Account}:managed-instance-inventory/${InstanceId}",
                "conditionKeys": ""
            },
            {
                "resource_type": "opsitem",
                "ARN": "arn:${Partition}:ssm:${Region}:${Account}:opsitem/${ResourceId}",
                "conditionKeys": "aws:ResourceTag/${TagKey}"
            },
            {
                "resource_type": "opsmetadata",
                "ARN": "arn:${Partition}:ssm:${Region}:${Account}:opsmetadata/${ResourceId}",
                "conditionKeys": "aws:ResourceTag/${TagKey}\n\n\nssm:resourceTag/${TagKey}"
            },
            {
                "resource_type": "parameter",
                "ARN": "arn:${Partition}:ssm:${Region}:${Account}:parameter/${ParameterNameWithoutLeadingSlash}",
                "conditionKeys": "aws:ResourceTag/${TagKey}\n\n\nssm:resourceTag/tag-key"
            },
            {
                "resource_type": "patchbaseline",
                "ARN": "arn:${Partition}:ssm:${Region}:${Account}:patchbaseline/${PatchBaselineIdResourceId}",
                "conditionKeys": "aws:ResourceTag/${TagKey}\n\n\nssm:resourceTag/tag-key"
            },
            {
                "resource_type": "resourcearn",
                "ARN": "arn:${Partition}:ssm:${Region}:${Account}:opsitemgroup/default",
                "conditionKeys": ""
            },
            {
                "resource_type": "session",
                "ARN": "arn:${Partition}:ssm:${Region}:${Account}:session/${SessionId}",
                "conditionKeys": ""
            },
            {
                "resource_type": "resourcedatasync",
                "ARN": "arn:${Partition}:ssm:${Region}:${Account}:resource-data-sync/${SyncName}",
                "conditionKeys": ""
            },
            {
                "resource_type": "servicesetting",
                "ARN": "arn:${Partition}:ssm:${Region}:${Account}:servicesetting/${ResourceId}",
                "conditionKeys": ""
            },
            {
                "resource_type": "windowtarget",
                "ARN": "arn:${Partition}:ssm:${Region}:${Account}:windowtarget/${WindowTargetId}",
                "conditionKeys": ""
            },
            {
                "resource_type": "windowtask",
                "ARN": "arn:${Partition}:ssm:${Region}:${Account}:windowtask/${WindowTaskId}",
                "conditionKeys": ""
            },
            {
                "resource_type": "task",
                "ARN": "arn:${Partition}:ecs:${Region}:${Account}:task/${TaskId}",
                "conditionKeys": "aws:ResourceTag/${TagKey}"
            }
        ]
    },
    {
        "conditions": [
            {
                "Condition keys": "aws:RequestTag/${TagKey}",
                "Description": "Filters access by 'Create' requests based on the allowed set of values for a specified tags",
                "Type": "String"
            },
            {
                "Condition keys": "aws:ResourceTag/${TagKey}",
                "Description": "Filters access by based on a tag key-value pair assigned to the AWS resource",
                "Type": "String"
            },
            {
                "Condition keys": "aws:TagKeys",
                "Description": "Filters access by 'Create' requests based on whether mandatory tags are included in the request",
                "Type": "ArrayOfString"
            },
            {
                "Condition keys": "ssm:AutoApprove",
                "Description": "Filters access by verifying that a user has permission to start Change Manager workflows without a review step (with the exception of change freeze events)",
                "Type": "Bool"
            },
            {
                "Condition keys": "ssm:DocumentCategories",
                "Description": "Filters access by verifying that a user has permission to access a document belonging to a specific category enum",
                "Type": "ArrayOfString"
            },
            {
                "Condition keys": "ssm:Overwrite",
                "Description": "Controls whether Systems Manager parameters can be overwritten",
                "Type": "String"
            },
            {
                "Condition keys": "ssm:Recursive",
                "Description": "Filters access to Systems Manager parameters created in a hierarchical structure",
                "Type": "String"
            },
            {
                "Condition keys": "ssm:SessionDocumentAccessCheck",
                "Description": "Filters access by verifying that a user has permission to access either the default Session Manager configuration document or the custom configuration document specified in a request",
                "Type": "Bool"
            },
            {
                "Condition keys": "ssm:SyncType",
                "Description": "Filters access by verifying that a user also has access to the ResourceDataSync SyncType specified in the request",
                "Type": "String"
            },
            {
                "Condition keys": "ssm:resourceTag/${TagKey}",
                "Description": "Filters access based on a tag key-value pair assigned to the Systems Manager resource",
                "Type": "String"
            },
            {
                "Condition keys": "ssm:resourceTag/tag-key",
                "Description": "Filters access by based on a tag key-value pair assigned to the Systems Manager resource",
                "Type": "String"
            }
        ]
    }
]