[
    {
        "prefix_item": "sso-directory"
    },
    {
        "link": "https://docs.aws.amazon.com/service-authorization/latest/reference/./list_awsiamidentitycentersuccessortoawssinglesign-ondirectory.html"
    },
    {
        "actions": [
            {
                "name": "AddMemberToGroup",
                "description": "Grants permission to add a member to a group in the directory that AWS IAM Identity Center provides by default",
                "access level": "Write",
                "resource types": [
                    ""
                ],
                "conditionKeys": "",
                "dependentActions": [
                    ""
                ]
            },
            {
                "name": "CompleteVirtualMfaDeviceRegistration",
                "description": "Grants permission to complete the creation process of a virtual MFA device",
                "access level": "Write",
                "resource types": [
                    ""
                ],
                "conditionKeys": "",
                "dependentActions": [
                    ""
                ]
            },
            {
                "name": "CompleteWebAuthnDeviceRegistration",
                "description": "Grants permission to complete the registration process of a WebAuthn device",
                "access level": "Write",
                "resource types": [
                    ""
                ],
                "conditionKeys": "",
                "dependentActions": [
                    ""
                ]
            },
            {
                "name": "CreateAlias",
                "description": "Grants permission to create an alias for the directory that AWS IAM Identity Center provides by default",
                "access level": "Write",
                "resource types": [
                    ""
                ],
                "conditionKeys": "",
                "dependentActions": [
                    ""
                ]
            },
            {
                "name": "CreateBearerToken",
                "description": "Grants permission to create a bearer token for a given provisioning tenant",
                "access level": "Write",
                "resource types": [
                    ""
                ],
                "conditionKeys": "",
                "dependentActions": [
                    ""
                ]
            },
            {
                "name": "CreateExternalIdPConfigurationForDirectory",
                "description": "Grants permission to create an External Identity Provider configuration for the directory",
                "access level": "Write",
                "resource types": [
                    ""
                ],
                "conditionKeys": "",
                "dependentActions": [
                    ""
                ]
            },
            {
                "name": "CreateGroup",
                "description": "Grants permission to create a group in the directory that AWS IAM Identity Center provides by default",
                "access level": "Write",
                "resource types": [
                    ""
                ],
                "conditionKeys": "",
                "dependentActions": [
                    ""
                ]
            },
            {
                "name": "CreateProvisioningTenant",
                "description": "Grants permission to create a provisioning tenant for a given directory",
                "access level": "Write",
                "resource types": [
                    ""
                ],
                "conditionKeys": "",
                "dependentActions": [
                    ""
                ]
            },
            {
                "name": "CreateUser",
                "description": "Grants permission to create a user in the directory that AWS IAM Identity Center provides by default",
                "access level": "Write",
                "resource types": [
                    ""
                ],
                "conditionKeys": "",
                "dependentActions": [
                    ""
                ]
            },
            {
                "name": "DeleteBearerToken",
                "description": "Grants permission to delete a bearer token",
                "access level": "Write",
                "resource types": [
                    ""
                ],
                "conditionKeys": "",
                "dependentActions": [
                    ""
                ]
            },
            {
                "name": "DeleteExternalIdPCertificate",
                "description": "Grants permission to delete the given external IdP certificate",
                "access level": "Write",
                "resource types": [
                    ""
                ],
                "conditionKeys": "",
                "dependentActions": [
                    ""
                ]
            },
            {
                "name": "DeleteExternalIdPConfigurationForDirectory",
                "description": "Grants permission to delete an External Identity Provider configuration associated with the directory",
                "access level": "Write",
                "resource types": [
                    ""
                ],
                "conditionKeys": "",
                "dependentActions": [
                    ""
                ]
            },
            {
                "name": "DeleteGroup",
                "description": "Grants permission to delete a group from the directory that AWS IAM Identity Center provides by default",
                "access level": "Write",
                "resource types": [
                    ""
                ],
                "conditionKeys": "",
                "dependentActions": [
                    ""
                ]
            },
            {
                "name": "DeleteMfaDeviceForUser",
                "description": "Grants permission to delete a MFA device by device name for a given user",
                "access level": "Write",
                "resource types": [
                    ""
                ],
                "conditionKeys": "",
                "dependentActions": [
                    ""
                ]
            },
            {
                "name": "DeleteProvisioningTenant",
                "description": "Grants permission to delete the provisioning tenant",
                "access level": "Write",
                "resource types": [
                    ""
                ],
                "conditionKeys": "",
                "dependentActions": [
                    ""
                ]
            },
            {
                "name": "DeleteUser",
                "description": "Grants permission to delete a user from the directory that AWS IAM Identity Center provides by default",
                "access level": "Write",
                "resource types": [
                    ""
                ],
                "conditionKeys": "",
                "dependentActions": [
                    ""
                ]
            },
            {
                "name": "DescribeDirectory",
                "description": "Grants permission to retrieve information about the directory that AWS IAM Identity Center provides by default",
                "access level": "Read",
                "resource types": [
                    ""
                ],
                "conditionKeys": "",
                "dependentActions": [
                    ""
                ]
            },
            {
                "name": "DescribeGroup",
                "description": "Grants permission to query the group data, not including user and group members",
                "access level": "Read",
                "resource types": [
                    ""
                ],
                "conditionKeys": "",
                "dependentActions": [
                    ""
                ]
            },
            {
                "name": "DescribeGroups",
                "description": "Grants permission to retrieve information about groups from the directory that AWS IAM Identity Center provides by default",
                "access level": "Read",
                "resource types": [
                    ""
                ],
                "conditionKeys": "",
                "dependentActions": [
                    ""
                ]
            },
            {
                "name": "DescribeProvisioningTenant",
                "description": "Grants permission to describes the provisioning tenant",
                "access level": "Read",
                "resource types": [
                    ""
                ],
                "conditionKeys": "",
                "dependentActions": [
                    ""
                ]
            },
            {
                "name": "DescribeUser",
                "description": "Grants permission to retrieve information about a user from the directory that AWS IAM Identity Center provides by default",
                "access level": "Read",
                "resource types": [
                    ""
                ],
                "conditionKeys": "",
                "dependentActions": [
                    ""
                ]
            },
            {
                "name": "DescribeUserByUniqueAttribute",
                "description": "Grants permission to describe user with a valid unique attribute represented for the user",
                "access level": "Read",
                "resource types": [
                    ""
                ],
                "conditionKeys": "",
                "dependentActions": [
                    ""
                ]
            },
            {
                "name": "DescribeUsers",
                "description": "Grants permission to retrieve information about user from the directory that AWS IAM Identity Center provides by default",
                "access level": "Read",
                "resource types": [
                    ""
                ],
                "conditionKeys": "",
                "dependentActions": [
                    ""
                ]
            },
            {
                "name": "DisableExternalIdPConfigurationForDirectory",
                "description": "Grants permission to disable authentication of end users with an External Identity Provider",
                "access level": "Write",
                "resource types": [
                    ""
                ],
                "conditionKeys": "",
                "dependentActions": [
                    ""
                ]
            },
            {
                "name": "DisableUser",
                "description": "Grants permission to deactivate a user in the directory that AWS IAM Identity Center provides by default",
                "access level": "Write",
                "resource types": [
                    ""
                ],
                "conditionKeys": "",
                "dependentActions": [
                    ""
                ]
            },
            {
                "name": "EnableExternalIdPConfigurationForDirectory",
                "description": "Grants permission to enable authentication of end users with an External Identity Provider",
                "access level": "Write",
                "resource types": [
                    ""
                ],
                "conditionKeys": "",
                "dependentActions": [
                    ""
                ]
            },
            {
                "name": "EnableUser",
                "description": "Grants permission to activate user in the directory that AWS IAM Identity Center provides by default",
                "access level": "Write",
                "resource types": [
                    ""
                ],
                "conditionKeys": "",
                "dependentActions": [
                    ""
                ]
            },
            {
                "name": "GetAWSSPConfigurationForDirectory",
                "description": "Grants permission to retrieve the AWS IAM Identity Center Service Provider configurations for the directory",
                "access level": "Read",
                "resource types": [
                    ""
                ],
                "conditionKeys": "",
                "dependentActions": [
                    ""
                ]
            },
            {
                "name": "GetUserPoolInfo",
                "description": "(Deprecated) Grants permission to get UserPool Info",
                "access level": "Read",
                "resource types": [
                    ""
                ],
                "conditionKeys": "",
                "dependentActions": [
                    ""
                ]
            },
            {
                "name": "ImportExternalIdPCertificate",
                "description": "Grants permission to import the IdP certificate used for verifying external IdP responses",
                "access level": "Write",
                "resource types": [
                    ""
                ],
                "conditionKeys": "",
                "dependentActions": [
                    ""
                ]
            },
            {
                "name": "IsMemberInGroup",
                "description": "Grants permission to check if a member is a part of the group in the directory that AWS IAM Identity Center provides by default",
                "access level": "Read",
                "resource types": [
                    ""
                ],
                "conditionKeys": "",
                "dependentActions": [
                    ""
                ]
            },
            {
                "name": "ListBearerTokens",
                "description": "Grants permission to list bearer tokens for a given provisioning tenant",
                "access level": "Read",
                "resource types": [
                    ""
                ],
                "conditionKeys": "",
                "dependentActions": [
                    ""
                ]
            },
            {
                "name": "ListExternalIdPCertificates",
                "description": "Grants permission to list the external IdP certificates of a given directory and IdP",
                "access level": "Read",
                "resource types": [
                    ""
                ],
                "conditionKeys": "",
                "dependentActions": [
                    ""
                ]
            },
            {
                "name": "ListExternalIdPConfigurationsForDirectory",
                "description": "Grants permission to list all the External Identity Provider configurations created for the directory",
                "access level": "Read",
                "resource types": [
                    ""
                ],
                "conditionKeys": "",
                "dependentActions": [
                    ""
                ]
            },
            {
                "name": "ListGroupsForMember",
                "description": "Grants permission to list groups of the target member",
                "access level": "Read",
                "resource types": [
                    ""
                ],
                "conditionKeys": "",
                "dependentActions": [
                    ""
                ]
            },
            {
                "name": "ListGroupsForUser",
                "description": "Grants permission to list groups for a user from the directory that AWS IAM Identity Center provides by default",
                "access level": "Read",
                "resource types": [
                    ""
                ],
                "conditionKeys": "",
                "dependentActions": [
                    ""
                ]
            },
            {
                "name": "ListMembersInGroup",
                "description": "Grants permission to retrieve all members that are part of a group in the directory that AWS IAM Identity Center provides by default",
                "access level": "Read",
                "resource types": [
                    ""
                ],
                "conditionKeys": "",
                "dependentActions": [
                    ""
                ]
            },
            {
                "name": "ListMfaDevicesForUser",
                "description": "Grants permission to list all active MFA devices and their MFA device metadata for a user",
                "access level": "Read",
                "resource types": [
                    ""
                ],
                "conditionKeys": "",
                "dependentActions": [
                    ""
                ]
            },
            {
                "name": "ListProvisioningTenants",
                "description": "Grants permission to list provisioning tenants for a given directory",
                "access level": "Read",
                "resource types": [
                    ""
                ],
                "conditionKeys": "",
                "dependentActions": [
                    ""
                ]
            },
            {
                "name": "RemoveMemberFromGroup",
                "description": "Grants permission to remove a member that is part of a group in the directory that AWS IAM Identity Center provides by default",
                "access level": "Write",
                "resource types": [
                    ""
                ],
                "conditionKeys": "",
                "dependentActions": [
                    ""
                ]
            },
            {
                "name": "SearchGroups",
                "description": "Grants permission to search for groups within the associated directory",
                "access level": "Read",
                "resource types": [
                    ""
                ],
                "conditionKeys": "",
                "dependentActions": [
                    ""
                ]
            },
            {
                "name": "SearchUsers",
                "description": "Grants permission to search for users within the associated directory",
                "access level": "Read",
                "resource types": [
                    ""
                ],
                "conditionKeys": "",
                "dependentActions": [
                    ""
                ]
            },
            {
                "name": "StartVirtualMfaDeviceRegistration",
                "description": "Grants permission to begin the creation process of virtual mfa device",
                "access level": "Write",
                "resource types": [
                    ""
                ],
                "conditionKeys": "",
                "dependentActions": [
                    ""
                ]
            },
            {
                "name": "StartWebAuthnDeviceRegistration",
                "description": "Grants permission to begin the registration process of a WebAuthn device",
                "access level": "Write",
                "resource types": [
                    ""
                ],
                "conditionKeys": "",
                "dependentActions": [
                    ""
                ]
            },
            {
                "name": "UpdateExternalIdPConfigurationForDirectory",
                "description": "Grants permission to update an External Identity Provider configuration associated with the directory",
                "access level": "Write",
                "resource types": [
                    ""
                ],
                "conditionKeys": "",
                "dependentActions": [
                    ""
                ]
            },
            {
                "name": "UpdateGroup",
                "description": "Grants permission to update information about a group in the directory that AWS IAM Identity Center provides by default",
                "access level": "Write",
                "resource types": [
                    ""
                ],
                "conditionKeys": "",
                "dependentActions": [
                    ""
                ]
            },
            {
                "name": "UpdateGroupDisplayName",
                "description": "Grants permission to update group display name update group display name response",
                "access level": "Write",
                "resource types": [
                    ""
                ],
                "conditionKeys": "",
                "dependentActions": [
                    ""
                ]
            },
            {
                "name": "UpdateMfaDeviceForUser",
                "description": "Grants permission to update MFA device information",
                "access level": "Write",
                "resource types": [
                    ""
                ],
                "conditionKeys": "",
                "dependentActions": [
                    ""
                ]
            },
            {
                "name": "UpdatePassword",
                "description": "Grants permission to update a password by sending password reset link via email or generating one time password for a user in the directory that AWS IAM Identity Center provides by default",
                "access level": "Write",
                "resource types": [
                    ""
                ],
                "conditionKeys": "",
                "dependentActions": [
                    ""
                ]
            },
            {
                "name": "UpdateUser",
                "description": "Grants permission to update user information in the directory that AWS IAM Identity Center provides by default",
                "access level": "Write",
                "resource types": [
                    ""
                ],
                "conditionKeys": "",
                "dependentActions": [
                    ""
                ]
            },
            {
                "name": "UpdateUserName",
                "description": "Grants permission to update user name update user name response",
                "access level": "Write",
                "resource types": [
                    ""
                ],
                "conditionKeys": "",
                "dependentActions": [
                    ""
                ]
            },
            {
                "name": "VerifyEmail",
                "description": "Grants permission to verify an email address of an User",
                "access level": "Write",
                "resource types": [
                    ""
                ],
                "conditionKeys": "",
                "dependentActions": [
                    ""
                ]
            }
        ]
    }
]