[
    {
        "prefix_item": "storagegateway"
    },
    {
        "link": "https://docs.aws.amazon.com/service-authorization/latest/reference/./list_awsstoragegateway.html"
    },
    {
        "actions": [
            {
                "name": "ActivateGateway",
                "description": "Grants permission to activate the gateway you previously deployed on your host",
                "access level": "Write",
                "resource types": [
                    ""
                ],
                "conditionKeys": "aws:RequestTag/${TagKey}\n\n\naws:TagKeys",
                "dependentActions": [
                    ""
                ]
            },
            {
                "name": "AddCache",
                "description": "Grants permission to configure one or more gateway local disks as cache for a cached-volume gateway",
                "access level": "Write",
                "resource types": [
                    "gateway*"
                ],
                "conditionKeys": "",
                "dependentActions": [
                    ""
                ]
            },
            {
                "name": "AddTagsToResource",
                "description": "Grants permission to add one or more tags to the specified resource",
                "access level": "Tagging",
                "resource types": [
                    "gateway"
                ],
                "conditionKeys": "",
                "dependentActions": [
                    ""
                ]
            },
            {
                "name": "AddUploadBuffer",
                "description": "Grants permission to configure one or more gateway local disks as upload buffer for a specified gateway",
                "access level": "Write",
                "resource types": [
                    "gateway*"
                ],
                "conditionKeys": "",
                "dependentActions": [
                    ""
                ]
            },
            {
                "name": "AddWorkingStorage",
                "description": "Grants permission to configure one or more gateway local disks as working storage for a gateway",
                "access level": "Write",
                "resource types": [
                    "gateway*"
                ],
                "conditionKeys": "",
                "dependentActions": [
                    ""
                ]
            },
            {
                "name": "AssignTapePool",
                "description": "Grants permission to move a tape to the target pool specified",
                "access level": "Write",
                "resource types": [
                    "tape*"
                ],
                "conditionKeys": "",
                "dependentActions": [
                    ""
                ]
            },
            {
                "name": "AssociateFileSystem",
                "description": "Grants permission to associate an Amazon FSx file system with the Amazon FSx file gateway",
                "access level": "Write",
                "resource types": [
                    "gateway*"
                ],
                "conditionKeys": "",
                "dependentActions": [
                    "ds:DescribeDirectories\n                            \n\n                                ec2:DescribeNetworkInterfaces\n                            \n\n                                fsx:DescribeFileSystems\n                            \n\n                                iam:CreateServiceLinkedRole\n                            \n\n                                logs:CreateLogDelivery\n                            \n\n                                logs:GetLogDelivery\n                            \n\n                                logs:ListLogDeliveries\n                            \n\n                                logs:UpdateLogDelivery"
                ]
            },
            {
                "name": "AttachVolume",
                "description": "Grants permission to connect a volume to an iSCSI connection and then attaches the volume to the specified gateway",
                "access level": "Write",
                "resource types": [
                    "gateway*"
                ],
                "conditionKeys": "",
                "dependentActions": [
                    ""
                ]
            },
            {
                "name": "BypassGovernanceRetention",
                "description": "Grants permission to allow the governance retention lock on a pool to be bypassed",
                "access level": "Write",
                "resource types": [
                    "tapepool*"
                ],
                "conditionKeys": "",
                "dependentActions": [
                    ""
                ]
            },
            {
                "name": "CancelArchival",
                "description": "Grants permission to cancel archiving of a virtual tape to the virtual tape shelf (VTS) after the archiving process is initiated",
                "access level": "Write",
                "resource types": [
                    "gateway*"
                ],
                "conditionKeys": "",
                "dependentActions": [
                    ""
                ]
            },
            {
                "name": "CancelRetrieval",
                "description": "Grants permission to cancel retrieval of a virtual tape from the virtual tape shelf (VTS) to a gateway after the retrieval process is initiated",
                "access level": "Write",
                "resource types": [
                    "gateway*"
                ],
                "conditionKeys": "",
                "dependentActions": [
                    ""
                ]
            },
            {
                "name": "CreateCachediSCSIVolume",
                "description": "Grants permission to create a cached volume on a specified cached gateway. This operation is supported only for the gateway-cached volume architecture",
                "access level": "Write",
                "resource types": [
                    "gateway*"
                ],
                "conditionKeys": "",
                "dependentActions": [
                    ""
                ]
            },
            {
                "name": "CreateNFSFileShare",
                "description": "Grants permission to create a NFS file share on an existing file gateway",
                "access level": "Write",
                "resource types": [
                    "gateway*"
                ],
                "conditionKeys": "",
                "dependentActions": [
                    ""
                ]
            },
            {
                "name": "CreateSMBFileShare",
                "description": "Grants permission to create a SMB file share on an existing file gateway",
                "access level": "Write",
                "resource types": [
                    "gateway*"
                ],
                "conditionKeys": "",
                "dependentActions": [
                    ""
                ]
            },
            {
                "name": "CreateSnapshot",
                "description": "Grants permission to initiate a snapshot of a volume",
                "access level": "Write",
                "resource types": [
                    "volume*"
                ],
                "conditionKeys": "",
                "dependentActions": [
                    ""
                ]
            },
            {
                "name": "CreateSnapshotFromVolumeRecoveryPoint",
                "description": "Grants permission to initiate a snapshot of a gateway from a volume recovery point",
                "access level": "Write",
                "resource types": [
                    "volume*"
                ],
                "conditionKeys": "",
                "dependentActions": [
                    ""
                ]
            },
            {
                "name": "CreateStorediSCSIVolume",
                "description": "Grants permission to create a volume on a specified gateway",
                "access level": "Write",
                "resource types": [
                    "gateway*"
                ],
                "conditionKeys": "",
                "dependentActions": [
                    ""
                ]
            },
            {
                "name": "CreateTapePool",
                "description": "Grants permission to create a tape pool",
                "access level": "Write",
                "resource types": [
                    ""
                ],
                "conditionKeys": "aws:RequestTag/${TagKey}\n\n\naws:TagKeys",
                "dependentActions": [
                    ""
                ]
            },
            {
                "name": "CreateTapeWithBarcode",
                "description": "Grants permission to create a virtual tape by using your own barcode",
                "access level": "Write",
                "resource types": [
                    "gateway*"
                ],
                "conditionKeys": "",
                "dependentActions": [
                    ""
                ]
            },
            {
                "name": "CreateTapes",
                "description": "Grants permission to create one or more virtual tapes. You write data to the virtual tapes and then archive the tapes",
                "access level": "Write",
                "resource types": [
                    "gateway*"
                ],
                "conditionKeys": "",
                "dependentActions": [
                    ""
                ]
            },
            {
                "name": "DeleteAutomaticTapeCreationPolicy",
                "description": "Grants permission to delete the automatic tape creation policy configured on a gateway-VTL",
                "access level": "Write",
                "resource types": [
                    "gateway*"
                ],
                "conditionKeys": "",
                "dependentActions": [
                    ""
                ]
            },
            {
                "name": "DeleteBandwidthRateLimit",
                "description": "Grants permission to delete the bandwidth rate limits of a gateway",
                "access level": "Write",
                "resource types": [
                    "gateway*"
                ],
                "conditionKeys": "",
                "dependentActions": [
                    ""
                ]
            },
            {
                "name": "DeleteChapCredentials",
                "description": "Grants permission to delete Challenge-Handshake Authentication Protocol (CHAP) credentials for a specified iSCSI target and initiator pair",
                "access level": "Write",
                "resource types": [
                    "target*"
                ],
                "conditionKeys": "",
                "dependentActions": [
                    ""
                ]
            },
            {
                "name": "DeleteFileShare",
                "description": "Grants permission to delete a file share from a file gateway",
                "access level": "Write",
                "resource types": [
                    "share*"
                ],
                "conditionKeys": "",
                "dependentActions": [
                    ""
                ]
            },
            {
                "name": "DeleteGateway",
                "description": "Grants permission to delete a gateway",
                "access level": "Write",
                "resource types": [
                    "gateway*"
                ],
                "conditionKeys": "",
                "dependentActions": [
                    ""
                ]
            },
            {
                "name": "DeleteSnapshotSchedule",
                "description": "Grants permission to delete a snapshot of a volume",
                "access level": "Write",
                "resource types": [
                    "volume*"
                ],
                "conditionKeys": "",
                "dependentActions": [
                    ""
                ]
            },
            {
                "name": "DeleteTape",
                "description": "Grants permission to delete the specified virtual tape",
                "access level": "Write",
                "resource types": [
                    "gateway*"
                ],
                "conditionKeys": "",
                "dependentActions": [
                    ""
                ]
            },
            {
                "name": "DeleteTapeArchive",
                "description": "Grants permission to delete the specified virtual tape from the virtual tape shelf (VTS)",
                "access level": "Write",
                "resource types": [
                    ""
                ],
                "conditionKeys": "",
                "dependentActions": [
                    ""
                ]
            },
            {
                "name": "DeleteTapePool",
                "description": "Grants permission to delete the specified tape pool",
                "access level": "Write",
                "resource types": [
                    "tapepool*"
                ],
                "conditionKeys": "",
                "dependentActions": [
                    ""
                ]
            },
            {
                "name": "DeleteVolume",
                "description": "Grants permission to delete the specified gateway volume that you previously created using the CreateCachediSCSIVolume or CreateStorediSCSIVolume API",
                "access level": "Write",
                "resource types": [
                    "volume*"
                ],
                "conditionKeys": "",
                "dependentActions": [
                    ""
                ]
            },
            {
                "name": "DescribeAvailabilityMonitorTest",
                "description": "Grants permission to get the information about the most recent high availability monitoring test that was performed on the gateway",
                "access level": "Read",
                "resource types": [
                    "gateway*"
                ],
                "conditionKeys": "",
                "dependentActions": [
                    ""
                ]
            },
            {
                "name": "DescribeBandwidthRateLimit",
                "description": "Grants permission to get the bandwidth rate limits of a gateway",
                "access level": "Read",
                "resource types": [
                    "gateway*"
                ],
                "conditionKeys": "",
                "dependentActions": [
                    ""
                ]
            },
            {
                "name": "DescribeBandwidthRateLimitSchedule",
                "description": "Grants permission to get the bandwidth rate limit schedule of a gateway",
                "access level": "Read",
                "resource types": [
                    "gateway*"
                ],
                "conditionKeys": "",
                "dependentActions": [
                    ""
                ]
            },
            {
                "name": "DescribeCache",
                "description": "Grants permission to get information about the cache of a gateway. This operation is supported only for the gateway-cached volume architecture",
                "access level": "Read",
                "resource types": [
                    "gateway*"
                ],
                "conditionKeys": "",
                "dependentActions": [
                    ""
                ]
            },
            {
                "name": "DescribeCachediSCSIVolumes",
                "description": "Grants permission to get a description of the gateway volumes specified in the request. This operation is supported only for the gateway-cached volume architecture",
                "access level": "Read",
                "resource types": [
                    "volume*"
                ],
                "conditionKeys": "",
                "dependentActions": [
                    ""
                ]
            },
            {
                "name": "DescribeChapCredentials",
                "description": "Grants permission to get an array of Challenge-Handshake Authentication Protocol (CHAP) credentials information for a specified iSCSI target, one for each target-initiator pair",
                "access level": "Read",
                "resource types": [
                    "target*"
                ],
                "conditionKeys": "",
                "dependentActions": [
                    ""
                ]
            },
            {
                "name": "DescribeFileSystemAssociations",
                "description": "Grants permission to get a description for one or more file system associations",
                "access level": "Read",
                "resource types": [
                    "fs-association*"
                ],
                "conditionKeys": "",
                "dependentActions": [
                    ""
                ]
            },
            {
                "name": "DescribeGatewayInformation",
                "description": "Grants permission to get metadata about a gateway such as its name, network interfaces, configured time zone, and the state (whether the gateway is running or not)",
                "access level": "Read",
                "resource types": [
                    "gateway*"
                ],
                "conditionKeys": "",
                "dependentActions": [
                    ""
                ]
            },
            {
                "name": "DescribeMaintenanceStartTime",
                "description": "Grants permission to get your gateway's weekly maintenance start time including the day and time of the week",
                "access level": "Read",
                "resource types": [
                    "gateway*"
                ],
                "conditionKeys": "",
                "dependentActions": [
                    ""
                ]
            },
            {
                "name": "DescribeNFSFileShares",
                "description": "Grants permission to get a description for one or more file shares from a file gateway",
                "access level": "Read",
                "resource types": [
                    "share*"
                ],
                "conditionKeys": "",
                "dependentActions": [
                    ""
                ]
            },
            {
                "name": "DescribeSMBFileShares",
                "description": "Grants permission to get a description for one or more file shares from a file gateway",
                "access level": "Read",
                "resource types": [
                    "share*"
                ],
                "conditionKeys": "",
                "dependentActions": [
                    ""
                ]
            },
            {
                "name": "DescribeSMBSettings",
                "description": "Grants permission to get a description of a Server Message Block (SMB) file share settings from a file gateway",
                "access level": "Read",
                "resource types": [
                    "gateway*"
                ],
                "conditionKeys": "",
                "dependentActions": [
                    ""
                ]
            },
            {
                "name": "DescribeSnapshotSchedule",
                "description": "Grants permission to describe the snapshot schedule for the specified gateway volume",
                "access level": "Read",
                "resource types": [
                    "volume*"
                ],
                "conditionKeys": "",
                "dependentActions": [
                    ""
                ]
            },
            {
                "name": "DescribeStorediSCSIVolumes",
                "description": "Grants permission to get the description of the gateway volumes specified in the request",
                "access level": "Read",
                "resource types": [
                    "volume*"
                ],
                "conditionKeys": "",
                "dependentActions": [
                    ""
                ]
            },
            {
                "name": "DescribeTapeArchives",
                "description": "Grants permission to get a description of specified virtual tapes in the virtual tape shelf (VTS)",
                "access level": "Read",
                "resource types": [
                    ""
                ],
                "conditionKeys": "",
                "dependentActions": [
                    ""
                ]
            },
            {
                "name": "DescribeTapeRecoveryPoints",
                "description": "Grants permission to get a list of virtual tape recovery points that are available for the specified gateway-VTL",
                "access level": "Read",
                "resource types": [
                    "gateway*"
                ],
                "conditionKeys": "",
                "dependentActions": [
                    ""
                ]
            },
            {
                "name": "DescribeTapes",
                "description": "Grants permission to get a description of the specified Amazon Resource Name (ARN) of virtual tapes",
                "access level": "Read",
                "resource types": [
                    "gateway*"
                ],
                "conditionKeys": "",
                "dependentActions": [
                    ""
                ]
            },
            {
                "name": "DescribeUploadBuffer",
                "description": "Grants permission to get information about the upload buffer of a gateway",
                "access level": "Read",
                "resource types": [
                    "gateway*"
                ],
                "conditionKeys": "",
                "dependentActions": [
                    ""
                ]
            },
            {
                "name": "DescribeVTLDevices",
                "description": "Grants permission to get a description of virtual tape library (VTL) devices for the specified gateway",
                "access level": "Read",
                "resource types": [
                    "gateway*"
                ],
                "conditionKeys": "",
                "dependentActions": [
                    ""
                ]
            },
            {
                "name": "DescribeWorkingStorage",
                "description": "Grants permission to get information about the working storage of a gateway",
                "access level": "Read",
                "resource types": [
                    "gateway*"
                ],
                "conditionKeys": "",
                "dependentActions": [
                    ""
                ]
            },
            {
                "name": "DetachVolume",
                "description": "Grants permission to disconnect a volume from an iSCSI connection and then detaches the volume from the specified gateway",
                "access level": "Write",
                "resource types": [
                    "volume*"
                ],
                "conditionKeys": "",
                "dependentActions": [
                    ""
                ]
            },
            {
                "name": "DisableGateway",
                "description": "Grants permission to disable a gateway when the gateway is no longer functioning",
                "access level": "Write",
                "resource types": [
                    "gateway*"
                ],
                "conditionKeys": "",
                "dependentActions": [
                    ""
                ]
            },
            {
                "name": "DisassociateFileSystem",
                "description": "Grants permission to disassociate an Amazon FSx file system from an Amazon FSx file gateway",
                "access level": "Write",
                "resource types": [
                    "fs-association*"
                ],
                "conditionKeys": "",
                "dependentActions": [
                    ""
                ]
            },
            {
                "name": "JoinDomain",
                "description": "Grants permission to enable you to join an Active Directory Domain",
                "access level": "Write",
                "resource types": [
                    "gateway*"
                ],
                "conditionKeys": "",
                "dependentActions": [
                    ""
                ]
            },
            {
                "name": "ListAutomaticTapeCreationPolicies",
                "description": "Grants permission to list the automatic tape creation policies configured on the specified gateway-VTL or all gateway-VTLs owned by your account",
                "access level": "List",
                "resource types": [
                    "gateway*"
                ],
                "conditionKeys": "",
                "dependentActions": [
                    ""
                ]
            },
            {
                "name": "ListFileShares",
                "description": "Grants permission to get a list of the file shares for a specific file gateway, or the list of file shares that belong to the calling user account",
                "access level": "List",
                "resource types": [
                    "gateway*"
                ],
                "conditionKeys": "",
                "dependentActions": [
                    ""
                ]
            },
            {
                "name": "ListFileSystemAssociations",
                "description": "Grants permission to get a list of the file system associations for the specified gateway",
                "access level": "List",
                "resource types": [
                    "gateway*"
                ],
                "conditionKeys": "",
                "dependentActions": [
                    ""
                ]
            },
            {
                "name": "ListGateways",
                "description": "Grants permission to list gateways owned by an AWS account in a region specified in the request. The returned list is ordered by gateway Amazon Resource Name (ARN)",
                "access level": "List",
                "resource types": [
                    ""
                ],
                "conditionKeys": "",
                "dependentActions": [
                    ""
                ]
            },
            {
                "name": "ListLocalDisks",
                "description": "Grants permission to get a list of the gateway's local disks",
                "access level": "List",
                "resource types": [
                    "gateway*"
                ],
                "conditionKeys": "",
                "dependentActions": [
                    ""
                ]
            },
            {
                "name": "ListTagsForResource",
                "description": "Grants permission to get the tags that have been added to the specified resource",
                "access level": "List",
                "resource types": [
                    "gateway"
                ],
                "conditionKeys": "",
                "dependentActions": [
                    ""
                ]
            },
            {
                "name": "ListTapePools",
                "description": "Grants permission to list tape pools owned by your AWS account",
                "access level": "List",
                "resource types": [
                    "tapepool*"
                ],
                "conditionKeys": "",
                "dependentActions": [
                    ""
                ]
            },
            {
                "name": "ListTapes",
                "description": "Grants permission to list virtual tapes in your virtual tape library (VTL) and your virtual tape shelf (VTS)",
                "access level": "List",
                "resource types": [
                    "tape*"
                ],
                "conditionKeys": "",
                "dependentActions": [
                    ""
                ]
            },
            {
                "name": "ListVolumeInitiators",
                "description": "Grants permission to list iSCSI initiators that are connected to a volume",
                "access level": "List",
                "resource types": [
                    "volume*"
                ],
                "conditionKeys": "",
                "dependentActions": [
                    ""
                ]
            },
            {
                "name": "ListVolumeRecoveryPoints",
                "description": "Grants permission to list the recovery points for a specified gateway",
                "access level": "List",
                "resource types": [
                    "gateway*"
                ],
                "conditionKeys": "",
                "dependentActions": [
                    ""
                ]
            },
            {
                "name": "ListVolumes",
                "description": "Grants permission to list the iSCSI stored volumes of a gateway",
                "access level": "List",
                "resource types": [
                    "gateway*"
                ],
                "conditionKeys": "",
                "dependentActions": [
                    ""
                ]
            },
            {
                "name": "NotifyWhenUploaded",
                "description": "Grants permission to send you a notification through CloudWatch Events when all files written to your NFS file share have been uploaded to Amazon S3",
                "access level": "Write",
                "resource types": [
                    "share*"
                ],
                "conditionKeys": "",
                "dependentActions": [
                    ""
                ]
            },
            {
                "name": "RefreshCache",
                "description": "Grants permission to refresh the cache for the specified file share",
                "access level": "Write",
                "resource types": [
                    "share*"
                ],
                "conditionKeys": "",
                "dependentActions": [
                    ""
                ]
            },
            {
                "name": "RemoveTagsFromResource",
                "description": "Grants permission to remove one or more tags from the specified resource",
                "access level": "Tagging",
                "resource types": [
                    "gateway"
                ],
                "conditionKeys": "",
                "dependentActions": [
                    ""
                ]
            },
            {
                "name": "ResetCache",
                "description": "Grants permission to reset all cache disks that have encountered a error and makes the disks available for reconfiguration as cache storage",
                "access level": "Write",
                "resource types": [
                    "gateway*"
                ],
                "conditionKeys": "",
                "dependentActions": [
                    ""
                ]
            },
            {
                "name": "RetrieveTapeArchive",
                "description": "Grants permission to retrieve an archived virtual tape from the virtual tape shelf (VTS) to a gateway-VTL",
                "access level": "Write",
                "resource types": [
                    "gateway*"
                ],
                "conditionKeys": "",
                "dependentActions": [
                    ""
                ]
            },
            {
                "name": "RetrieveTapeRecoveryPoint",
                "description": "Grants permission to retrieve the recovery point for the specified virtual tape",
                "access level": "Write",
                "resource types": [
                    "gateway*"
                ],
                "conditionKeys": "",
                "dependentActions": [
                    ""
                ]
            },
            {
                "name": "SetLocalConsolePassword",
                "description": "Grants permission to set the password for your VM local console",
                "access level": "Write",
                "resource types": [
                    "gateway*"
                ],
                "conditionKeys": "",
                "dependentActions": [
                    ""
                ]
            },
            {
                "name": "SetSMBGuestPassword",
                "description": "Grants permission to set the password for SMB Guest user",
                "access level": "Write",
                "resource types": [
                    "gateway*"
                ],
                "conditionKeys": "",
                "dependentActions": [
                    ""
                ]
            },
            {
                "name": "ShutdownGateway",
                "description": "Grants permission to shut down a gateway",
                "access level": "Write",
                "resource types": [
                    "gateway*"
                ],
                "conditionKeys": "",
                "dependentActions": [
                    ""
                ]
            },
            {
                "name": "StartAvailabilityMonitorTest",
                "description": "Grants permission to start a test that verifies that the specified gateway is configured for High Availability monitoring in your host environment",
                "access level": "Write",
                "resource types": [
                    "gateway*"
                ],
                "conditionKeys": "",
                "dependentActions": [
                    ""
                ]
            },
            {
                "name": "StartGateway",
                "description": "Grants permission to start a gateway that you previously shut down",
                "access level": "Write",
                "resource types": [
                    "gateway*"
                ],
                "conditionKeys": "",
                "dependentActions": [
                    ""
                ]
            },
            {
                "name": "UpdateAutomaticTapeCreationPolicy",
                "description": "Grants permission to update the automatic tape creation policy configured on a gateway-VTL",
                "access level": "Write",
                "resource types": [
                    "gateway*"
                ],
                "conditionKeys": "",
                "dependentActions": [
                    ""
                ]
            },
            {
                "name": "UpdateBandwidthRateLimit",
                "description": "Grants permission to update the bandwidth rate limits of a gateway",
                "access level": "Write",
                "resource types": [
                    "gateway*"
                ],
                "conditionKeys": "",
                "dependentActions": [
                    ""
                ]
            },
            {
                "name": "UpdateBandwidthRateLimitSchedule",
                "description": "Grants permission to update the bandwidth rate limit schedule of a gateway",
                "access level": "Write",
                "resource types": [
                    "gateway*"
                ],
                "conditionKeys": "",
                "dependentActions": [
                    ""
                ]
            },
            {
                "name": "UpdateChapCredentials",
                "description": "Grants permission to update the Challenge-Handshake Authentication Protocol (CHAP) credentials for a specified iSCSI target",
                "access level": "Write",
                "resource types": [
                    "target*"
                ],
                "conditionKeys": "",
                "dependentActions": [
                    ""
                ]
            },
            {
                "name": "UpdateFileSystemAssociation",
                "description": "Grants permission to update a file system association",
                "access level": "Write",
                "resource types": [
                    "fs-association*"
                ],
                "conditionKeys": "",
                "dependentActions": [
                    "logs:CreateLogDelivery\n                            \n\n                                logs:DeleteLogDelivery\n                            \n\n                                logs:GetLogDelivery\n                            \n\n                                logs:ListLogDeliveries\n                            \n\n                                logs:UpdateLogDelivery"
                ]
            },
            {
                "name": "UpdateGatewayInformation",
                "description": "Grants permission to update a gateway's metadata, which includes the gateway's name and time zone",
                "access level": "Write",
                "resource types": [
                    "gateway*"
                ],
                "conditionKeys": "",
                "dependentActions": [
                    ""
                ]
            },
            {
                "name": "UpdateGatewaySoftwareNow",
                "description": "Grants permission to update the gateway virtual machine (VM) software",
                "access level": "Write",
                "resource types": [
                    "gateway*"
                ],
                "conditionKeys": "",
                "dependentActions": [
                    ""
                ]
            },
            {
                "name": "UpdateMaintenanceStartTime",
                "description": "Grants permission to update a gateway's weekly maintenance start time information, including day and time of the week. The maintenance time is the time in your gateway's time zone",
                "access level": "Write",
                "resource types": [
                    "gateway*"
                ],
                "conditionKeys": "",
                "dependentActions": [
                    ""
                ]
            },
            {
                "name": "UpdateNFSFileShare",
                "description": "Grants permission to update a NFS file share",
                "access level": "Write",
                "resource types": [
                    "share*"
                ],
                "conditionKeys": "",
                "dependentActions": [
                    ""
                ]
            },
            {
                "name": "UpdateSMBFileShare",
                "description": "Grants permission to update a SMB file share",
                "access level": "Write",
                "resource types": [
                    "share*"
                ],
                "conditionKeys": "",
                "dependentActions": [
                    ""
                ]
            },
            {
                "name": "UpdateSMBFileShareVisibility",
                "description": "Grants permission to update whether the shares on a gateway are visible in a net view or browse list",
                "access level": "Write",
                "resource types": [
                    "gateway*"
                ],
                "conditionKeys": "",
                "dependentActions": [
                    ""
                ]
            },
            {
                "name": "UpdateSMBLocalGroups",
                "description": "Grants permission to update the list of Active Directory users and groups that have special permissions for SMB file shares on the gateway",
                "access level": "Write",
                "resource types": [
                    "gateway*"
                ],
                "conditionKeys": "",
                "dependentActions": [
                    ""
                ]
            },
            {
                "name": "UpdateSMBSecurityStrategy",
                "description": "Grants permission to update the SMB security strategy on a file gateway",
                "access level": "Write",
                "resource types": [
                    "gateway*"
                ],
                "conditionKeys": "",
                "dependentActions": [
                    ""
                ]
            },
            {
                "name": "UpdateSnapshotSchedule",
                "description": "Grants permission to update a snapshot schedule configured for a gateway volume",
                "access level": "Write",
                "resource types": [
                    "volume*"
                ],
                "conditionKeys": "",
                "dependentActions": [
                    ""
                ]
            },
            {
                "name": "UpdateVTLDeviceType",
                "description": "Grants permission to update the type of medium changer in a gateway-VTL",
                "access level": "Write",
                "resource types": [
                    "device*"
                ],
                "conditionKeys": "",
                "dependentActions": [
                    ""
                ]
            }
        ]
    },
    {
        "resources": [
            {
                "resource_type": "device",
                "ARN": "arn:${Partition}:storagegateway:${Region}:${Account}:gateway/${GatewayId}/device/${Vtldevice}",
                "conditionKeys": ""
            },
            {
                "resource_type": "fs-association",
                "ARN": "arn:${Partition}:storagegateway:${Region}:${Account}:fs-association/${FsaId}",
                "conditionKeys": "aws:ResourceTag/${TagKey}"
            },
            {
                "resource_type": "gateway",
                "ARN": "arn:${Partition}:storagegateway:${Region}:${Account}:gateway/${GatewayId}",
                "conditionKeys": "aws:ResourceTag/${TagKey}"
            },
            {
                "resource_type": "share",
                "ARN": "arn:${Partition}:storagegateway:${Region}:${Account}:share/${ShareId}",
                "conditionKeys": "aws:ResourceTag/${TagKey}"
            },
            {
                "resource_type": "tape",
                "ARN": "arn:${Partition}:storagegateway:${Region}:${Account}:tape/${TapeBarcode}",
                "conditionKeys": "aws:ResourceTag/${TagKey}"
            },
            {
                "resource_type": "tapepool",
                "ARN": "arn:${Partition}:storagegateway:${Region}:${Account}:tapepool/${PoolId}",
                "conditionKeys": "aws:ResourceTag/${TagKey}"
            },
            {
                "resource_type": "target",
                "ARN": "arn:${Partition}:storagegateway:${Region}:${Account}:gateway/${GatewayId}/target/${IscsiTarget}",
                "conditionKeys": ""
            },
            {
                "resource_type": "volume",
                "ARN": "arn:${Partition}:storagegateway:${Region}:${Account}:gateway/${GatewayId}/volume/${VolumeId}",
                "conditionKeys": "aws:ResourceTag/${TagKey}"
            }
        ]
    },
    {
        "conditions": [
            {
                "Condition keys": "aws:RequestTag/${TagKey}",
                "Description": "Filters access by the allowed set of values for each of the tags",
                "Type": "String"
            },
            {
                "Condition keys": "aws:ResourceTag/${TagKey}",
                "Description": "Filters access by tag-value associated with the resource",
                "Type": "String"
            },
            {
                "Condition keys": "aws:TagKeys",
                "Description": "Filters access by the presence of mandatory tags in the request",
                "Type": "ArrayOfString"
            }
        ]
    }
]