[
    {
        "prefix_item": "sts"
    },
    {
        "link": "https://docs.aws.amazon.com/service-authorization/latest/reference/./list_awssecuritytokenservice.html"
    },
    {
        "actions": [
            {
                "name": "AssumeRole",
                "description": "Grants permission to obtain a set of temporary security credentials that you can use to access AWS resources that you might not normally have access to",
                "access level": "Write",
                "resource types": [
                    "role*"
                ],
                "conditionKeys": "",
                "dependentActions": [
                    ""
                ]
            },
            {
                "name": "AssumeRoleWithSAML",
                "description": "Grants permission to obtain a set of temporary security credentials for users who have been authenticated via a SAML authentication response",
                "access level": "Write",
                "resource types": [
                    "role*"
                ],
                "conditionKeys": "",
                "dependentActions": [
                    ""
                ]
            },
            {
                "name": "AssumeRoleWithWebIdentity",
                "description": "Grants permission to obtain a set of temporary security credentials for users who have been authenticated in a mobile or web application with a web identity provider",
                "access level": "Write",
                "resource types": [
                    "role*"
                ],
                "conditionKeys": "",
                "dependentActions": [
                    ""
                ]
            },
            {
                "name": "DecodeAuthorizationMessage",
                "description": "Grants permission to decode additional information about the authorization status of a request from an encoded message returned in response to an AWS request",
                "access level": "Write",
                "resource types": [
                    ""
                ],
                "conditionKeys": "",
                "dependentActions": [
                    ""
                ]
            },
            {
                "name": "GetAccessKeyInfo",
                "description": "Grants permission to obtain details about the access key id passed as a parameter to the request",
                "access level": "Read",
                "resource types": [
                    ""
                ],
                "conditionKeys": "",
                "dependentActions": [
                    ""
                ]
            },
            {
                "name": "GetCallerIdentity",
                "description": "Grants permission to obtain details about the IAM identity whose credentials are used to call the API",
                "access level": "Read",
                "resource types": [
                    ""
                ],
                "conditionKeys": "",
                "dependentActions": [
                    ""
                ]
            },
            {
                "name": "GetFederationToken",
                "description": "Grants permission to obtain a set of temporary security credentials (consisting of an access key ID, a secret access key, and a security token) for a federated user",
                "access level": "Read",
                "resource types": [
                    "user"
                ],
                "conditionKeys": "",
                "dependentActions": [
                    ""
                ]
            },
            {
                "name": "GetServiceBearerToken [permission only]",
                "description": "Grants permission to obtain a STS bearer token for an AWS root user, IAM role, or an IAM user",
                "access level": "Read",
                "resource types": [
                    ""
                ],
                "conditionKeys": "sts:AWSServiceName",
                "dependentActions": [
                    ""
                ]
            },
            {
                "name": "GetSessionToken",
                "description": "Grants permission to obtain a set of temporary security credentials (consisting of an access key ID, a secret access key, and a security token) for an AWS account or IAM user",
                "access level": "Read",
                "resource types": [
                    ""
                ],
                "conditionKeys": "",
                "dependentActions": [
                    ""
                ]
            },
            {
                "name": "SetSourceIdentity [permission only]",
                "description": "Grants permission to set a source identity on a STS session",
                "access level": "Write",
                "resource types": [
                    "role"
                ],
                "conditionKeys": "",
                "dependentActions": [
                    ""
                ]
            },
            {
                "name": "TagSession [permission only]",
                "description": "Grants permission to add tags to a STS session",
                "access level": "Tagging",
                "resource types": [
                    "role"
                ],
                "conditionKeys": "",
                "dependentActions": [
                    ""
                ]
            }
        ]
    },
    {
        "resources": [
            {
                "resource_type": "role",
                "ARN": "arn:${Partition}:iam::${Account}:role/${RoleNameWithPath}",
                "conditionKeys": "aws:ResourceTag/${TagKey}"
            },
            {
                "resource_type": "user",
                "ARN": "arn:${Partition}:iam::${Account}:user/${UserNameWithPath}",
                "conditionKeys": ""
            }
        ]
    },
    {
        "conditions": [
            {
                "Condition keys": "accounts.google.com:aud",
                "Description": "Filters access by the Google application ID",
                "Type": "String"
            },
            {
                "Condition keys": "accounts.google.com:oaud",
                "Description": "Filters access by the Google audience",
                "Type": "String"
            },
            {
                "Condition keys": "accounts.google.com:sub",
                "Description": "Filters access by the subject of the claim (the Google user ID)",
                "Type": "String"
            },
            {
                "Condition keys": "aws:RequestTag/${TagKey}",
                "Description": "Filters access by the tags that are passed in the request",
                "Type": "String"
            },
            {
                "Condition keys": "aws:ResourceTag/${TagKey}",
                "Description": "Filters access by the tags associated with the resource",
                "Type": "String"
            },
            {
                "Condition keys": "aws:TagKeys",
                "Description": "Filters access by the tag keys that are passed in the request",
                "Type": "ArrayOfString"
            },
            {
                "Condition keys": "cognito-identity.amazonaws.com:amr",
                "Description": "Filters access by the login information for Amazon Cognito",
                "Type": "String"
            },
            {
                "Condition keys": "cognito-identity.amazonaws.com:aud",
                "Description": "Filters access by the Amazon Cognito identity pool ID",
                "Type": "String"
            },
            {
                "Condition keys": "cognito-identity.amazonaws.com:sub",
                "Description": "Filters access by the subject of the claim (the Amazon Cognito user ID)",
                "Type": "String"
            },
            {
                "Condition keys": "graph.facebook.com:app_id",
                "Description": "Filters access by the Facebook application ID",
                "Type": "String"
            },
            {
                "Condition keys": "graph.facebook.com:id",
                "Description": "Filters access by the Facebook user ID",
                "Type": "String"
            },
            {
                "Condition keys": "iam:ResourceTag/${TagKey}",
                "Description": "Filters access by the tags that are attached to the role that is being assumed",
                "Type": "String"
            },
            {
                "Condition keys": "saml:aud",
                "Description": "Filters access by the endpoint URL to which SAML assertions are presented",
                "Type": "String"
            },
            {
                "Condition keys": "saml:cn",
                "Description": "Filters access by the eduOrg attribute",
                "Type": "ArrayOfString"
            },
            {
                "Condition keys": "saml:commonName",
                "Description": "Filters access by the commonName attribute",
                "Type": "String"
            },
            {
                "Condition keys": "saml:doc",
                "Description": "Filters access by on the principal that was used to assume the role",
                "Type": "String"
            },
            {
                "Condition keys": "saml:eduorghomepageuri",
                "Description": "Filters access by the eduOrg attribute",
                "Type": "ArrayOfString"
            },
            {
                "Condition keys": "saml:eduorgidentityauthnpolicyuri",
                "Description": "Filters access by the eduOrg attribute",
                "Type": "ArrayOfString"
            },
            {
                "Condition keys": "saml:eduorglegalname",
                "Description": "Filters access by the eduOrg attribute",
                "Type": "ArrayOfString"
            },
            {
                "Condition keys": "saml:eduorgsuperioruri",
                "Description": "Filters access by the eduOrg attribute",
                "Type": "ArrayOfString"
            },
            {
                "Condition keys": "saml:eduorgwhitepagesuri",
                "Description": "Filters access by the eduOrg attribute",
                "Type": "ArrayOfString"
            },
            {
                "Condition keys": "saml:edupersonaffiliation",
                "Description": "Filters access by the eduPerson attribute",
                "Type": "ArrayOfString"
            },
            {
                "Condition keys": "saml:edupersonassurance",
                "Description": "Filters access by the eduPerson attribute",
                "Type": "ArrayOfString"
            },
            {
                "Condition keys": "saml:edupersonentitlement",
                "Description": "Filters access by the eduPerson attribute",
                "Type": "ArrayOfString"
            },
            {
                "Condition keys": "saml:edupersonnickname",
                "Description": "Filters access by the eduPerson attribute",
                "Type": "ArrayOfString"
            },
            {
                "Condition keys": "saml:edupersonorgdn",
                "Description": "Filters access by the eduPerson attribute",
                "Type": "String"
            },
            {
                "Condition keys": "saml:edupersonorgunitdn",
                "Description": "Filters access by the eduPerson attribute",
                "Type": "ArrayOfString"
            },
            {
                "Condition keys": "saml:edupersonprimaryaffiliation",
                "Description": "Filters access by the eduPerson attribute",
                "Type": "String"
            },
            {
                "Condition keys": "saml:edupersonprimaryorgunitdn",
                "Description": "Filters access by the eduPerson attribute",
                "Type": "String"
            },
            {
                "Condition keys": "saml:edupersonprincipalname",
                "Description": "Filters access by the eduPerson attribute",
                "Type": "String"
            },
            {
                "Condition keys": "saml:edupersonscopedaffiliation",
                "Description": "Filters access by the eduPerson attribute",
                "Type": "ArrayOfString"
            },
            {
                "Condition keys": "saml:edupersontargetedid",
                "Description": "Filters access by the eduPerson attribute",
                "Type": "ArrayOfString"
            },
            {
                "Condition keys": "saml:givenName",
                "Description": "Filters access by the givenName attribute",
                "Type": "String"
            },
            {
                "Condition keys": "saml:iss",
                "Description": "Filters access by on the issuer, which is represented by a URN",
                "Type": "String"
            },
            {
                "Condition keys": "saml:mail",
                "Description": "Filters access by the mail attribute",
                "Type": "String"
            },
            {
                "Condition keys": "saml:name",
                "Description": "Filters access by the name attribute",
                "Type": "String"
            },
            {
                "Condition keys": "saml:namequalifier",
                "Description": "Filters access by the hash value of the issuer, account ID, and friendly name",
                "Type": "String"
            },
            {
                "Condition keys": "saml:organizationStatus",
                "Description": "Filters access by the organizationStatus attribute",
                "Type": "String"
            },
            {
                "Condition keys": "saml:primaryGroupSID",
                "Description": "Filters access by the primaryGroupSID attribute",
                "Type": "String"
            },
            {
                "Condition keys": "saml:sub",
                "Description": "Filters access by the subject of the claim (the SAML user ID)",
                "Type": "String"
            },
            {
                "Condition keys": "saml:sub_type",
                "Description": "Filters access by the value persistent, transient, or the full Format URI",
                "Type": "String"
            },
            {
                "Condition keys": "saml:surname",
                "Description": "Filters access by the surname attribute",
                "Type": "String"
            },
            {
                "Condition keys": "saml:uid",
                "Description": "Filters access by the uid attribute",
                "Type": "String"
            },
            {
                "Condition keys": "saml:x500UniqueIdentifier",
                "Description": "Filters access by the uid attribute",
                "Type": "String"
            },
            {
                "Condition keys": "sts:AWSServiceName",
                "Description": "Filters access by the service that is obtaining a bearer token",
                "Type": "String"
            },
            {
                "Condition keys": "sts:ExternalId",
                "Description": "Filters access by the unique identifier required when you assume a role in another account",
                "Type": "String"
            },
            {
                "Condition keys": "sts:RoleSessionName",
                "Description": "Filters access by the role session name required when you assume a role",
                "Type": "String"
            },
            {
                "Condition keys": "sts:SourceIdentity",
                "Description": "Filters access by the source identity that is passed in the request",
                "Type": "String"
            },
            {
                "Condition keys": "sts:TransitiveTagKeys",
                "Description": "Filters access by the transitive tag keys that are passed in the request",
                "Type": "String"
            },
            {
                "Condition keys": "www.amazon.com:app_id",
                "Description": "Filters access by the Login with Amazon application ID",
                "Type": "String"
            },
            {
                "Condition keys": "www.amazon.com:user_id",
                "Description": "Filters access by the Login with Amazon user ID",
                "Type": "String"
            }
        ]
    }
]