[
    {
        "prefix_item": "support"
    },
    {
        "link": "https://docs.aws.amazon.com/service-authorization/latest/reference/./list_awssupport.html"
    },
    {
        "actions": [
            {
                "name": "AddAttachmentsToSet",
                "description": "Adds one or more attachments to an AWS Support case.",
                "access level": "Write",
                "resource types": [
                    ""
                ],
                "conditionKeys": "",
                "dependentActions": [
                    ""
                ]
            },
            {
                "name": "AddCommunicationToCase",
                "description": "Adds a customer communication to an AWS Support case.",
                "access level": "Write",
                "resource types": [
                    ""
                ],
                "conditionKeys": "",
                "dependentActions": [
                    ""
                ]
            },
            {
                "name": "CreateCase",
                "description": "Creates a new AWS Support case.",
                "access level": "Write",
                "resource types": [
                    ""
                ],
                "conditionKeys": "",
                "dependentActions": [
                    ""
                ]
            },
            {
                "name": "DescribeAttachment",
                "description": "Returns the description for an attachment.",
                "access level": "Read",
                "resource types": [
                    ""
                ],
                "conditionKeys": "",
                "dependentActions": [
                    ""
                ]
            },
            {
                "name": "DescribeCaseAttributes",
                "description": "This is an internally managed function which allows secondary services to read AWS Support case attributes.",
                "access level": "Read",
                "resource types": [
                    ""
                ],
                "conditionKeys": "",
                "dependentActions": [
                    ""
                ]
            },
            {
                "name": "DescribeCases",
                "description": "Returns a list of AWS Support cases that matches the given inputs.",
                "access level": "Read",
                "resource types": [
                    ""
                ],
                "conditionKeys": "",
                "dependentActions": [
                    ""
                ]
            },
            {
                "name": "DescribeCommunications",
                "description": "Returns the communications and attachments for one or more AWS Support cases.",
                "access level": "Read",
                "resource types": [
                    ""
                ],
                "conditionKeys": "",
                "dependentActions": [
                    ""
                ]
            },
            {
                "name": "DescribeIssueTypes",
                "description": "Returns issue types for AWS Support cases.",
                "access level": "Read",
                "resource types": [
                    ""
                ],
                "conditionKeys": "",
                "dependentActions": [
                    ""
                ]
            },
            {
                "name": "DescribeServices",
                "description": "Returns the current list of AWS services and categories that applies to each service.",
                "access level": "Read",
                "resource types": [
                    ""
                ],
                "conditionKeys": "",
                "dependentActions": [
                    ""
                ]
            },
            {
                "name": "DescribeSeverityLevels",
                "description": "Returns the list of severity levels that can be assigned to an AWS Support case.",
                "access level": "Read",
                "resource types": [
                    ""
                ],
                "conditionKeys": "",
                "dependentActions": [
                    ""
                ]
            },
            {
                "name": "DescribeSupportLevel",
                "description": "Returns the support level for an AWS Account identifier.",
                "access level": "Read",
                "resource types": [
                    ""
                ],
                "conditionKeys": "",
                "dependentActions": [
                    ""
                ]
            },
            {
                "name": "DescribeTrustedAdvisorCheckRefreshStatuses",
                "description": "Returns the status of a Trusted Advisor refresh check based on a list of check identifiers.",
                "access level": "Read",
                "resource types": [
                    ""
                ],
                "conditionKeys": "",
                "dependentActions": [
                    ""
                ]
            },
            {
                "name": "DescribeTrustedAdvisorCheckResult",
                "description": "Returns the results of the Trusted Advisor check that has the specified check identifier.",
                "access level": "Read",
                "resource types": [
                    ""
                ],
                "conditionKeys": "",
                "dependentActions": [
                    ""
                ]
            },
            {
                "name": "DescribeTrustedAdvisorCheckSummaries",
                "description": "Returns the summaries of the results of the Trusted Advisor checks that have the specified check identifiers.",
                "access level": "Read",
                "resource types": [
                    ""
                ],
                "conditionKeys": "",
                "dependentActions": [
                    ""
                ]
            },
            {
                "name": "DescribeTrustedAdvisorChecks",
                "description": "Returns a list of all available Trusted Advisor checks, including name, identifier, category and description.",
                "access level": "Read",
                "resource types": [
                    ""
                ],
                "conditionKeys": "",
                "dependentActions": [
                    ""
                ]
            },
            {
                "name": "InitiateCallForCase",
                "description": "This is an internally managed function to initiate a call on AWS Support Center.",
                "access level": "Write",
                "resource types": [
                    ""
                ],
                "conditionKeys": "",
                "dependentActions": [
                    ""
                ]
            },
            {
                "name": "InitiateChatForCase",
                "description": "This is an internally managed function to initiate a chat on AWS Support Center.",
                "access level": "Write",
                "resource types": [
                    ""
                ],
                "conditionKeys": "",
                "dependentActions": [
                    ""
                ]
            },
            {
                "name": "PutCaseAttributes",
                "description": "This is an internally managed function which allows secondary services to attach attributes to AWS Support cases.",
                "access level": "Write",
                "resource types": [
                    ""
                ],
                "conditionKeys": "",
                "dependentActions": [
                    ""
                ]
            },
            {
                "name": "RateCaseCommunication",
                "description": "Rate an AWS Support case communication.",
                "access level": "Write",
                "resource types": [
                    ""
                ],
                "conditionKeys": "",
                "dependentActions": [
                    ""
                ]
            },
            {
                "name": "RefreshTrustedAdvisorCheck",
                "description": "Requests a refresh of the Trusted Advisor check that has the specified check identifier.",
                "access level": "Write",
                "resource types": [
                    ""
                ],
                "conditionKeys": "",
                "dependentActions": [
                    ""
                ]
            },
            {
                "name": "ResolveCase",
                "description": "Resolves an AWS Support case.",
                "access level": "Write",
                "resource types": [
                    ""
                ],
                "conditionKeys": "",
                "dependentActions": [
                    ""
                ]
            },
            {
                "name": "SearchForCases",
                "description": "Returns a list of AWS Support cases that matches the given inputs.",
                "access level": "Read",
                "resource types": [
                    ""
                ],
                "conditionKeys": "",
                "dependentActions": [
                    ""
                ]
            }
        ]
    }
]