[
    {
        "prefix_item": "supportapp"
    },
    {
        "link": "https://docs.aws.amazon.com/service-authorization/latest/reference/./list_awssupportappinslack.html"
    },
    {
        "actions": [
            {
                "name": "CreateSlackChannelConfiguration",
                "description": "Grants permission to create a Slack channel configuration for your account",
                "access level": "Write",
                "resource types": [
                    ""
                ],
                "conditionKeys": "",
                "dependentActions": [
                    ""
                ]
            },
            {
                "name": "DeleteAccountAlias",
                "description": "Grants permission to delete an alias from your account",
                "access level": "Write",
                "resource types": [
                    ""
                ],
                "conditionKeys": "",
                "dependentActions": [
                    ""
                ]
            },
            {
                "name": "DeleteSlackChannelConfiguration",
                "description": "Grants permission to delete a Slack channel configuration from your account",
                "access level": "Write",
                "resource types": [
                    ""
                ],
                "conditionKeys": "",
                "dependentActions": [
                    ""
                ]
            },
            {
                "name": "DeleteSlackWorkspaceConfiguration",
                "description": "Grants permission to delete a Slack workspace configuration from your account",
                "access level": "Write",
                "resource types": [
                    ""
                ],
                "conditionKeys": "",
                "dependentActions": [
                    ""
                ]
            },
            {
                "name": "DescribeSlackChannels [permission only]",
                "description": "Grants permission to list all public Slack channels in a workspace that have invited the AWS Support App",
                "access level": "Read",
                "resource types": [
                    ""
                ],
                "conditionKeys": "",
                "dependentActions": [
                    ""
                ]
            },
            {
                "name": "GetAccountAlias",
                "description": "Grants permission to get the alias for your account",
                "access level": "Read",
                "resource types": [
                    ""
                ],
                "conditionKeys": "",
                "dependentActions": [
                    ""
                ]
            },
            {
                "name": "GetSlackOauthParameters [permission only]",
                "description": "Grants permission to get parameters for the Slack OAuth code, which the AWS Support App uses to authorize the workspace",
                "access level": "Read",
                "resource types": [
                    ""
                ],
                "conditionKeys": "",
                "dependentActions": [
                    ""
                ]
            },
            {
                "name": "ListSlackChannelConfigurations",
                "description": "Grants permission to list all Slack channel configurations for your account",
                "access level": "Read",
                "resource types": [
                    ""
                ],
                "conditionKeys": "",
                "dependentActions": [
                    ""
                ]
            },
            {
                "name": "ListSlackWorkspaceConfigurations",
                "description": "Grants permission to list all Slack workspace configurations for your account",
                "access level": "Read",
                "resource types": [
                    ""
                ],
                "conditionKeys": "",
                "dependentActions": [
                    ""
                ]
            },
            {
                "name": "PutAccountAlias",
                "description": "Grants permission to create or update an alias for your account",
                "access level": "Write",
                "resource types": [
                    ""
                ],
                "conditionKeys": "",
                "dependentActions": [
                    ""
                ]
            },
            {
                "name": "RedeemSlackOauthCode [permission only]",
                "description": "Grants permission to redeem the Slack OAuth code, which the AWS Support App uses to authorize the workspace",
                "access level": "Write",
                "resource types": [
                    ""
                ],
                "conditionKeys": "",
                "dependentActions": [
                    ""
                ]
            },
            {
                "name": "RegisterSlackWorkspaceForOrganization",
                "description": "Grants permission to register a Slack workspace for an AWS account that is part of an organization",
                "access level": "Write",
                "resource types": [
                    ""
                ],
                "conditionKeys": "",
                "dependentActions": [
                    ""
                ]
            },
            {
                "name": "UpdateSlackChannelConfiguration",
                "description": "Grants permission to update a Slack channel configuration for your account",
                "access level": "Write",
                "resource types": [
                    ""
                ],
                "conditionKeys": "",
                "dependentActions": [
                    ""
                ]
            }
        ]
    }
]