[
    {
        "prefix_item": "tnb"
    },
    {
        "link": "https://docs.aws.amazon.com/service-authorization/latest/reference/./list_awstelconetworkbuilder.html"
    },
    {
        "actions": [
            {
                "name": "CancelSolNetworkOperation",
                "description": "Grants permission to cancel a network operation",
                "access level": "Write",
                "resource types": [
                    "network-operation*"
                ],
                "conditionKeys": "",
                "dependentActions": [
                    ""
                ]
            },
            {
                "name": "CreateSolFunctionPackage",
                "description": "Grants permission to create a function package",
                "access level": "Write",
                "resource types": [
                    "function-package*"
                ],
                "conditionKeys": "",
                "dependentActions": [
                    ""
                ]
            },
            {
                "name": "CreateSolNetworkInstance",
                "description": "Grants permission to create a network instance",
                "access level": "Write",
                "resource types": [
                    "network-instance*"
                ],
                "conditionKeys": "",
                "dependentActions": [
                    ""
                ]
            },
            {
                "name": "CreateSolNetworkPackage",
                "description": "Grants permission to create a network package",
                "access level": "Write",
                "resource types": [
                    "network-package*"
                ],
                "conditionKeys": "",
                "dependentActions": [
                    ""
                ]
            },
            {
                "name": "DeleteSolFunctionPackage",
                "description": "Grants permission to delete a function package",
                "access level": "Write",
                "resource types": [
                    "function-package*"
                ],
                "conditionKeys": "",
                "dependentActions": [
                    ""
                ]
            },
            {
                "name": "DeleteSolNetworkInstance",
                "description": "Grants permission to delete a network instance",
                "access level": "Write",
                "resource types": [
                    "network-instance*"
                ],
                "conditionKeys": "",
                "dependentActions": [
                    ""
                ]
            },
            {
                "name": "DeleteSolNetworkPackage",
                "description": "Grants permission to delete a network package",
                "access level": "Write",
                "resource types": [
                    "network-package*"
                ],
                "conditionKeys": "",
                "dependentActions": [
                    ""
                ]
            },
            {
                "name": "GetSolFunctionInstance",
                "description": "Grants permission to get a function instance",
                "access level": "Read",
                "resource types": [
                    "function-instance*"
                ],
                "conditionKeys": "",
                "dependentActions": [
                    ""
                ]
            },
            {
                "name": "GetSolFunctionPackage",
                "description": "Grants permission to get a function package",
                "access level": "Read",
                "resource types": [
                    "function-package*"
                ],
                "conditionKeys": "",
                "dependentActions": [
                    ""
                ]
            },
            {
                "name": "GetSolFunctionPackageContent",
                "description": "Grants permission to get a function package contents",
                "access level": "Read",
                "resource types": [
                    "function-package*"
                ],
                "conditionKeys": "",
                "dependentActions": [
                    ""
                ]
            },
            {
                "name": "GetSolFunctionPackageDescriptor",
                "description": "Grants permission to get a function package descriptor",
                "access level": "Read",
                "resource types": [
                    "function-package*"
                ],
                "conditionKeys": "",
                "dependentActions": [
                    ""
                ]
            },
            {
                "name": "GetSolNetworkInstance",
                "description": "Grants permission to get a network instance",
                "access level": "Read",
                "resource types": [
                    "network-instance*"
                ],
                "conditionKeys": "",
                "dependentActions": [
                    ""
                ]
            },
            {
                "name": "GetSolNetworkOperation",
                "description": "Grants permission to get a network operation",
                "access level": "Read",
                "resource types": [
                    "network-operation*"
                ],
                "conditionKeys": "",
                "dependentActions": [
                    ""
                ]
            },
            {
                "name": "GetSolNetworkPackage",
                "description": "Grants permission to get a network package",
                "access level": "Read",
                "resource types": [
                    "network-package*"
                ],
                "conditionKeys": "",
                "dependentActions": [
                    ""
                ]
            },
            {
                "name": "GetSolNetworkPackageContent",
                "description": "Grants permission to get a network package contents",
                "access level": "Read",
                "resource types": [
                    "network-package*"
                ],
                "conditionKeys": "",
                "dependentActions": [
                    ""
                ]
            },
            {
                "name": "GetSolNetworkPackageDescriptor",
                "description": "Grants permission to get a network package descriptor",
                "access level": "Read",
                "resource types": [
                    "network-package*"
                ],
                "conditionKeys": "",
                "dependentActions": [
                    ""
                ]
            },
            {
                "name": "InstantiateSolNetworkInstance",
                "description": "Grants permission to instantiate a network instance",
                "access level": "Write",
                "resource types": [
                    "network-instance*"
                ],
                "conditionKeys": "",
                "dependentActions": [
                    ""
                ]
            },
            {
                "name": "ListSolFunctionInstances",
                "description": "Grants permission to list function instances",
                "access level": "List",
                "resource types": [
                    "function-instance*"
                ],
                "conditionKeys": "",
                "dependentActions": [
                    ""
                ]
            },
            {
                "name": "ListSolFunctionPackages",
                "description": "Grants permission to list function packages",
                "access level": "List",
                "resource types": [
                    "function-package*"
                ],
                "conditionKeys": "",
                "dependentActions": [
                    ""
                ]
            },
            {
                "name": "ListSolNetworkInstances",
                "description": "Grants permission to list network instances",
                "access level": "List",
                "resource types": [
                    "network-instance*"
                ],
                "conditionKeys": "",
                "dependentActions": [
                    ""
                ]
            },
            {
                "name": "ListSolNetworkOperations",
                "description": "Grants permission to list network operations",
                "access level": "List",
                "resource types": [
                    "network-operation*"
                ],
                "conditionKeys": "",
                "dependentActions": [
                    ""
                ]
            },
            {
                "name": "ListSolNetworkPackages",
                "description": "Grants permission to list network packages",
                "access level": "List",
                "resource types": [
                    "network-package*"
                ],
                "conditionKeys": "",
                "dependentActions": [
                    ""
                ]
            },
            {
                "name": "ListTagsForResource",
                "description": "Grants permission to return a list of tags for a resource",
                "access level": "List",
                "resource types": [
                    ""
                ],
                "conditionKeys": "",
                "dependentActions": [
                    ""
                ]
            },
            {
                "name": "PutSolFunctionPackageContent",
                "description": "Grants permission to upload function package content",
                "access level": "Write",
                "resource types": [
                    "function-package*"
                ],
                "conditionKeys": "",
                "dependentActions": [
                    ""
                ]
            },
            {
                "name": "PutSolNetworkPackageContent",
                "description": "Grants permission to upload network package content",
                "access level": "Write",
                "resource types": [
                    "network-package*"
                ],
                "conditionKeys": "",
                "dependentActions": [
                    ""
                ]
            },
            {
                "name": "TagResource",
                "description": "Grants permission to add tags to the specified resource",
                "access level": "Tagging",
                "resource types": [
                    "function-instance"
                ],
                "conditionKeys": "",
                "dependentActions": [
                    ""
                ]
            },
            {
                "name": "TerminateSolNetworkInstance",
                "description": "Grants permission to terminate a network instance",
                "access level": "Write",
                "resource types": [
                    "network-instance*"
                ],
                "conditionKeys": "",
                "dependentActions": [
                    ""
                ]
            },
            {
                "name": "UntagResource",
                "description": "Grants permission to remove tags from the specified resource",
                "access level": "Tagging",
                "resource types": [
                    "function-instance"
                ],
                "conditionKeys": "",
                "dependentActions": [
                    ""
                ]
            },
            {
                "name": "UpdateSolFunctionPackage",
                "description": "Grants permission to update a function package",
                "access level": "Write",
                "resource types": [
                    "function-package*"
                ],
                "conditionKeys": "",
                "dependentActions": [
                    ""
                ]
            },
            {
                "name": "UpdateSolNetworkInstance",
                "description": "Grants permission to update a network instance",
                "access level": "Write",
                "resource types": [
                    "function-instance*"
                ],
                "conditionKeys": "",
                "dependentActions": [
                    ""
                ]
            },
            {
                "name": "UpdateSolNetworkPackage",
                "description": "Grants permission to update a network package",
                "access level": "Write",
                "resource types": [
                    "network-package*"
                ],
                "conditionKeys": "",
                "dependentActions": [
                    ""
                ]
            },
            {
                "name": "ValidateSolFunctionPackageContent",
                "description": "Grants permission to validate function package content",
                "access level": "Write",
                "resource types": [
                    "function-package*"
                ],
                "conditionKeys": "",
                "dependentActions": [
                    ""
                ]
            },
            {
                "name": "ValidateSolNetworkPackageContent",
                "description": "Grants permission to validate network package content",
                "access level": "Write",
                "resource types": [
                    "network-package*"
                ],
                "conditionKeys": "",
                "dependentActions": [
                    ""
                ]
            }
        ]
    },
    {
        "resources": [
            {
                "resource_type": "function-package",
                "ARN": "arn:${Partition}:tnb:${Region}:${Account}:function-package/${FunctionPackageId}",
                "conditionKeys": "aws:ResourceTag/${TagKey}"
            },
            {
                "resource_type": "network-package",
                "ARN": "arn:${Partition}:tnb:${Region}:${Account}:network-package/${NetworkPackageId}",
                "conditionKeys": "aws:ResourceTag/${TagKey}"
            },
            {
                "resource_type": "network-instance",
                "ARN": "arn:${Partition}:tnb:${Region}:${Account}:network-instance/${NetworkInstanceId}",
                "conditionKeys": "aws:ResourceTag/${TagKey}"
            },
            {
                "resource_type": "function-instance",
                "ARN": "arn:${Partition}:tnb:${Region}:${Account}:function-instance/${FunctionInstanceId}",
                "conditionKeys": "aws:ResourceTag/${TagKey}"
            },
            {
                "resource_type": "network-operation",
                "ARN": "arn:${Partition}:tnb:${Region}:${Account}:network-operation/${NetworkOperationId}",
                "conditionKeys": "aws:ResourceTag/${TagKey}"
            }
        ]
    },
    {
        "conditions": [
            {
                "Condition keys": "aws:RequestTag/${TagKey}",
                "Description": "Filters access by checking the presence of tag key-value pairs in the request",
                "Type": "String"
            },
            {
                "Condition keys": "aws:ResourceTag/${TagKey}",
                "Description": "Filters access by checking tag key-value pairs attached to the resource",
                "Type": "String"
            },
            {
                "Condition keys": "aws:TagKeys",
                "Description": "Filters access by presence of tag keys in the request",
                "Type": "ArrayOfString"
            }
        ]
    }
]