[
    {
        "prefix_item": "transcribe"
    },
    {
        "link": "https://docs.aws.amazon.com/service-authorization/latest/reference/./list_amazontranscribe.html"
    },
    {
        "actions": [
            {
                "name": "CreateCallAnalyticsCategory",
                "description": "Grants permission to create an analytics category. Amazon Transcribe applies the conditions specified by your analytics categories to your call analytics jobs",
                "access level": "Write",
                "resource types": [
                    ""
                ],
                "conditionKeys": "",
                "dependentActions": [
                    ""
                ]
            },
            {
                "name": "CreateLanguageModel",
                "description": "Grants permission to create a new custom language model",
                "access level": "Write",
                "resource types": [
                    ""
                ],
                "conditionKeys": "aws:RequestTag/${TagKey}\n\n\naws:TagKeys",
                "dependentActions": [
                    "s3:GetObject\n                            \n\n                                s3:ListBucket"
                ]
            },
            {
                "name": "CreateMedicalVocabulary",
                "description": "Grants permission to create a new custom vocabulary that you can use to change the way Amazon Transcribe Medical handles transcription of an audio file",
                "access level": "Write",
                "resource types": [
                    ""
                ],
                "conditionKeys": "aws:RequestTag/${TagKey}\n\n\naws:TagKeys",
                "dependentActions": [
                    "s3:GetObject"
                ]
            },
            {
                "name": "CreateVocabulary",
                "description": "Grants permission to create a new custom vocabulary that you can use to change the way Amazon Transcribe handles transcription of an audio file",
                "access level": "Write",
                "resource types": [
                    ""
                ],
                "conditionKeys": "aws:RequestTag/${TagKey}\n\n\naws:TagKeys",
                "dependentActions": [
                    "s3:GetObject"
                ]
            },
            {
                "name": "CreateVocabularyFilter",
                "description": "Grants permission to create a new vocabulary filter that you can use to filter out words from the transcription of an audio file generated by Amazon Transcribe",
                "access level": "Write",
                "resource types": [
                    ""
                ],
                "conditionKeys": "aws:RequestTag/${TagKey}\n\n\naws:TagKeys",
                "dependentActions": [
                    "s3:GetObject"
                ]
            },
            {
                "name": "DeleteCallAnalyticsCategory",
                "description": "Grants permission to delete a call analytics category using its name from Amazon Transcribe",
                "access level": "Write",
                "resource types": [
                    ""
                ],
                "conditionKeys": "",
                "dependentActions": [
                    ""
                ]
            },
            {
                "name": "DeleteCallAnalyticsJob",
                "description": "Grants permission to delete a previously submitted call analytics job along with any other generated results such as the transcription, models, and so on",
                "access level": "Write",
                "resource types": [
                    ""
                ],
                "conditionKeys": "",
                "dependentActions": [
                    ""
                ]
            },
            {
                "name": "DeleteLanguageModel",
                "description": "Grants permission to delete a previously created custom language model",
                "access level": "Write",
                "resource types": [
                    "languagemodel*"
                ],
                "conditionKeys": "",
                "dependentActions": [
                    ""
                ]
            },
            {
                "name": "DeleteMedicalTranscriptionJob",
                "description": "Grants permission to delete a previously submitted medical transcription job",
                "access level": "Write",
                "resource types": [
                    "medicaltranscriptionjob*"
                ],
                "conditionKeys": "",
                "dependentActions": [
                    ""
                ]
            },
            {
                "name": "DeleteMedicalVocabulary",
                "description": "Grants permission to delete a medical vocabulary from Amazon Transcribe",
                "access level": "Write",
                "resource types": [
                    "medicalvocabulary*"
                ],
                "conditionKeys": "",
                "dependentActions": [
                    ""
                ]
            },
            {
                "name": "DeleteTranscriptionJob",
                "description": "Grants permission to delete a previously submitted transcription job along with any other generated results such as the transcription, models, and so on",
                "access level": "Write",
                "resource types": [
                    "transcriptionjob*"
                ],
                "conditionKeys": "",
                "dependentActions": [
                    ""
                ]
            },
            {
                "name": "DeleteVocabulary",
                "description": "Grants permission to delete a vocabulary from Amazon Transcribe",
                "access level": "Write",
                "resource types": [
                    "vocabulary*"
                ],
                "conditionKeys": "",
                "dependentActions": [
                    ""
                ]
            },
            {
                "name": "DeleteVocabularyFilter",
                "description": "Grants permission to delete a vocabulary filter from Amazon Transcribe",
                "access level": "Write",
                "resource types": [
                    "vocabularyfilter*"
                ],
                "conditionKeys": "",
                "dependentActions": [
                    ""
                ]
            },
            {
                "name": "DescribeLanguageModel",
                "description": "Grants permission to return information about a custom language model",
                "access level": "Read",
                "resource types": [
                    "languagemodel*"
                ],
                "conditionKeys": "",
                "dependentActions": [
                    ""
                ]
            },
            {
                "name": "GetCallAnalyticsCategory",
                "description": "Grants permission to retrieve information about a call analytics category",
                "access level": "Read",
                "resource types": [
                    ""
                ],
                "conditionKeys": "",
                "dependentActions": [
                    ""
                ]
            },
            {
                "name": "GetCallAnalyticsJob",
                "description": "Grants permission to return information about a call analytics job",
                "access level": "Read",
                "resource types": [
                    ""
                ],
                "conditionKeys": "",
                "dependentActions": [
                    ""
                ]
            },
            {
                "name": "GetMedicalTranscriptionJob",
                "description": "Grants permission to return information about a medical transcription job",
                "access level": "Read",
                "resource types": [
                    "medicaltranscriptionjob*"
                ],
                "conditionKeys": "",
                "dependentActions": [
                    ""
                ]
            },
            {
                "name": "GetMedicalVocabulary",
                "description": "Grants permission to get information about a medical vocabulary",
                "access level": "Read",
                "resource types": [
                    "medicalvocabulary*"
                ],
                "conditionKeys": "",
                "dependentActions": [
                    ""
                ]
            },
            {
                "name": "GetTranscriptionJob",
                "description": "Grants permission to return information about a transcription job",
                "access level": "Read",
                "resource types": [
                    "transcriptionjob*"
                ],
                "conditionKeys": "",
                "dependentActions": [
                    ""
                ]
            },
            {
                "name": "GetVocabulary",
                "description": "Grants permission to to get information about a vocabulary",
                "access level": "Read",
                "resource types": [
                    "vocabulary*"
                ],
                "conditionKeys": "",
                "dependentActions": [
                    ""
                ]
            },
            {
                "name": "GetVocabularyFilter",
                "description": "Grants permission to get information about a vocabulary filter",
                "access level": "Read",
                "resource types": [
                    "vocabularyfilter*"
                ],
                "conditionKeys": "",
                "dependentActions": [
                    ""
                ]
            },
            {
                "name": "ListCallAnalyticsCategories",
                "description": "Grants permission to list call analytics categories that has been created",
                "access level": "List",
                "resource types": [
                    ""
                ],
                "conditionKeys": "",
                "dependentActions": [
                    ""
                ]
            },
            {
                "name": "ListCallAnalyticsJobs",
                "description": "Grants permission to list call analytics jobs with the specified status",
                "access level": "List",
                "resource types": [
                    ""
                ],
                "conditionKeys": "",
                "dependentActions": [
                    ""
                ]
            },
            {
                "name": "ListLanguageModels",
                "description": "Grants permission to list custom language models",
                "access level": "List",
                "resource types": [
                    ""
                ],
                "conditionKeys": "",
                "dependentActions": [
                    ""
                ]
            },
            {
                "name": "ListMedicalTranscriptionJobs",
                "description": "Grants permission to list medical transcription jobs with the specified status",
                "access level": "List",
                "resource types": [
                    ""
                ],
                "conditionKeys": "",
                "dependentActions": [
                    ""
                ]
            },
            {
                "name": "ListMedicalVocabularies",
                "description": "Grants permission to return a list of medical vocabularies that match the specified criteria. If no criteria are specified, returns the entire list of vocabularies",
                "access level": "List",
                "resource types": [
                    ""
                ],
                "conditionKeys": "",
                "dependentActions": [
                    ""
                ]
            },
            {
                "name": "ListTagsForResource",
                "description": "Grants permission to list tags for a resource",
                "access level": "Read",
                "resource types": [
                    ""
                ],
                "conditionKeys": "",
                "dependentActions": [
                    ""
                ]
            },
            {
                "name": "ListTranscriptionJobs",
                "description": "Grants permission to list transcription jobs with the specified status",
                "access level": "List",
                "resource types": [
                    ""
                ],
                "conditionKeys": "",
                "dependentActions": [
                    ""
                ]
            },
            {
                "name": "ListVocabularies",
                "description": "Grants permission to return a list of vocabularies that match the specified criteria. If no criteria are specified, returns the entire list of vocabularies",
                "access level": "List",
                "resource types": [
                    ""
                ],
                "conditionKeys": "",
                "dependentActions": [
                    ""
                ]
            },
            {
                "name": "ListVocabularyFilters",
                "description": "Grants permission to return a list of vocabulary filters that match the specified criteria. If no criteria are specified, returns the at most 5 vocabulary filters",
                "access level": "List",
                "resource types": [
                    ""
                ],
                "conditionKeys": "",
                "dependentActions": [
                    ""
                ]
            },
            {
                "name": "StartCallAnalyticsJob",
                "description": "Grants permission to start an asynchronous analytics job that not only transcribes the audio recording of a caller and agent, but also returns additional insights",
                "access level": "Write",
                "resource types": [
                    ""
                ],
                "conditionKeys": "transcribe:OutputEncryptionKMSKeyId\n\n\ntranscribe:OutputLocation",
                "dependentActions": [
                    "s3:GetObject"
                ]
            },
            {
                "name": "StartCallAnalyticsStreamTranscription",
                "description": "Grants permission to start a protocol where audio is streamed to Transcribe Call Analytics and the transcription results are streamed to your application",
                "access level": "Write",
                "resource types": [
                    ""
                ],
                "conditionKeys": "",
                "dependentActions": [
                    ""
                ]
            },
            {
                "name": "StartCallAnalyticsStreamTranscriptionWebSocket",
                "description": "Grants permission to start a WebSocket where audio is streamed to Transcribe Call Analytics and the transcription results are streamed to your application",
                "access level": "Write",
                "resource types": [
                    ""
                ],
                "conditionKeys": "",
                "dependentActions": [
                    ""
                ]
            },
            {
                "name": "StartMedicalStreamTranscription",
                "description": "Grants permission to start a protocol where audio is streamed to Transcribe Medical and the transcription results are streamed to your application",
                "access level": "Write",
                "resource types": [
                    ""
                ],
                "conditionKeys": "",
                "dependentActions": [
                    ""
                ]
            },
            {
                "name": "StartMedicalStreamTranscriptionWebSocket",
                "description": "Grants permission to start a WebSocket where audio is streamed to Transcribe Medical and the transcription results are streamed to your application",
                "access level": "Write",
                "resource types": [
                    ""
                ],
                "conditionKeys": "",
                "dependentActions": [
                    ""
                ]
            },
            {
                "name": "StartMedicalTranscriptionJob",
                "description": "Grants permission to start an asynchronous job to transcribe medical speech to text",
                "access level": "Write",
                "resource types": [
                    ""
                ],
                "conditionKeys": "transcribe:OutputBucketName\n\n\ntranscribe:OutputEncryptionKMSKeyId\n\n\ntranscribe:OutputKey\n\n\naws:RequestTag/${TagKey}\n\n\naws:TagKeys",
                "dependentActions": [
                    "s3:GetObject"
                ]
            },
            {
                "name": "StartStreamTranscription",
                "description": "Grants permission to start a bidirectional HTTP2 stream to transcribe speech to text in real time",
                "access level": "Write",
                "resource types": [
                    ""
                ],
                "conditionKeys": "",
                "dependentActions": [
                    ""
                ]
            },
            {
                "name": "StartStreamTranscriptionWebSocket",
                "description": "Grants permission to start a websocket stream to transcribe speech to text in real time",
                "access level": "Write",
                "resource types": [
                    ""
                ],
                "conditionKeys": "",
                "dependentActions": [
                    ""
                ]
            },
            {
                "name": "StartTranscriptionJob",
                "description": "Grants permission to start an asynchronous job to transcribe speech to text",
                "access level": "Write",
                "resource types": [
                    ""
                ],
                "conditionKeys": "transcribe:OutputBucketName\n\n\ntranscribe:OutputEncryptionKMSKeyId\n\n\ntranscribe:OutputKey\n\n\naws:RequestTag/${TagKey}\n\n\naws:TagKeys",
                "dependentActions": [
                    "s3:GetObject"
                ]
            },
            {
                "name": "TagResource",
                "description": "Grants permission to tag a resource with given key value pairs",
                "access level": "Tagging",
                "resource types": [
                    ""
                ],
                "conditionKeys": "aws:RequestTag/${TagKey}\n\n\naws:TagKeys",
                "dependentActions": [
                    ""
                ]
            },
            {
                "name": "UntagResource",
                "description": "Grants permission to untag a resource with given key",
                "access level": "Tagging",
                "resource types": [
                    ""
                ],
                "conditionKeys": "aws:TagKeys",
                "dependentActions": [
                    ""
                ]
            },
            {
                "name": "UpdateCallAnalyticsCategory",
                "description": "Grants permission to update the call analytics category with new values. The UpdateCallAnalyticsCategory operation overwrites all of the existing information with the values that you provide in the request",
                "access level": "Write",
                "resource types": [
                    ""
                ],
                "conditionKeys": "",
                "dependentActions": [
                    ""
                ]
            },
            {
                "name": "UpdateMedicalVocabulary",
                "description": "Grants permission to update an existing medical vocabulary with new values. The UpdateMedicalVocabulary operation overwrites all of the existing information with the values that you provide in the request",
                "access level": "Write",
                "resource types": [
                    "medicalvocabulary*"
                ],
                "conditionKeys": "",
                "dependentActions": [
                    "s3:GetObject"
                ]
            },
            {
                "name": "UpdateVocabulary",
                "description": "Grants permission to update an existing vocabulary with new values. The UpdateVocabulary operation overwrites all of the existing information with the values that you provide in the request",
                "access level": "Write",
                "resource types": [
                    "vocabulary*"
                ],
                "conditionKeys": "",
                "dependentActions": [
                    "s3:GetObject"
                ]
            },
            {
                "name": "UpdateVocabularyFilter",
                "description": "Grants permission to update an existing vocabulary filter with new values. The UpdateVocabularyFilter operation overwrites all of the existing information with the values that you provide in the request",
                "access level": "Write",
                "resource types": [
                    "vocabularyfilter*"
                ],
                "conditionKeys": "",
                "dependentActions": [
                    "s3:GetObject"
                ]
            }
        ]
    },
    {
        "resources": [
            {
                "resource_type": "transcriptionjob",
                "ARN": "arn:${Partition}:transcribe:${Region}:${Account}:transcription-job/${JobName}",
                "conditionKeys": "aws:ResourceTag/${TagKey}"
            },
            {
                "resource_type": "vocabulary",
                "ARN": "arn:${Partition}:transcribe:${Region}:${Account}:vocabulary/${VocabularyName}",
                "conditionKeys": "aws:ResourceTag/${TagKey}"
            },
            {
                "resource_type": "vocabularyfilter",
                "ARN": "arn:${Partition}:transcribe:${Region}:${Account}:vocabulary-filter/${VocabularyFilterName}",
                "conditionKeys": "aws:ResourceTag/${TagKey}"
            },
            {
                "resource_type": "languagemodel",
                "ARN": "arn:${Partition}:transcribe:${Region}:${Account}:language-model/${ModelName}",
                "conditionKeys": "aws:ResourceTag/${TagKey}"
            },
            {
                "resource_type": "medicaltranscriptionjob",
                "ARN": "arn:${Partition}:transcribe:${Region}:${Account}:medical-transcription-job/${JobName}",
                "conditionKeys": "aws:ResourceTag/${TagKey}"
            },
            {
                "resource_type": "medicalvocabulary",
                "ARN": "arn:${Partition}:transcribe:${Region}:${Account}:medical-vocabulary/${VocabularyName}",
                "conditionKeys": "aws:ResourceTag/${TagKey}"
            },
            {
                "resource_type": "callanalyticsjob",
                "ARN": "arn:${Partition}:transcribe:${Region}:${Account}:analytics-job/${JobName}",
                "conditionKeys": ""
            },
            {
                "resource_type": "callanalyticscategory",
                "ARN": "arn:${Partition}:transcribe:${Region}:${Account}:analytics-category/${CategoryName}",
                "conditionKeys": ""
            }
        ]
    },
    {
        "conditions": [
            {
                "Condition keys": "aws:RequestTag/${TagKey}",
                "Description": "Filters access by requiring tag values present in a resource creation request",
                "Type": "String"
            },
            {
                "Condition keys": "aws:ResourceTag/${TagKey}",
                "Description": "Filters access by requiring tag value associated with the resource",
                "Type": "String"
            },
            {
                "Condition keys": "aws:TagKeys",
                "Description": "Filters access by requiring the presence of mandatory tags in the request",
                "Type": "ArrayOfString"
            },
            {
                "Condition keys": "transcribe:OutputBucketName",
                "Description": "Filters access based on the output bucket name included in the request",
                "Type": "String"
            },
            {
                "Condition keys": "transcribe:OutputEncryptionKMSKeyId",
                "Description": "Filters access based on the KMS key id included in the request",
                "Type": "String"
            },
            {
                "Condition keys": "transcribe:OutputKey",
                "Description": "Filters access based on the output key included in the request",
                "Type": "String"
            },
            {
                "Condition keys": "transcribe:OutputLocation",
                "Description": "Filters access based on the output location included in the request",
                "Type": "String"
            }
        ]
    }
]