[
    {
        "prefix_item": "vpc-lattice"
    },
    {
        "link": "https://docs.aws.amazon.com/service-authorization/latest/reference/./list_amazonvpclattice.html"
    },
    {
        "actions": [
            {
                "name": "CreateAccessLogSubscription",
                "description": "Grants permission to create an access log subscription",
                "access level": "Write",
                "resource types": [
                    "AccessLogSubscription*"
                ],
                "conditionKeys": "",
                "dependentActions": [
                    "logs:CreateLogDelivery\n                            \n\n                                logs:GetLogDelivery"
                ]
            },
            {
                "name": "CreateListener",
                "description": "Grants permission to create a listener",
                "access level": "Write",
                "resource types": [
                    "Listener*"
                ],
                "conditionKeys": "",
                "dependentActions": [
                    ""
                ]
            },
            {
                "name": "CreateRule",
                "description": "Grants permission to create a rule",
                "access level": "Write",
                "resource types": [
                    "Rule*"
                ],
                "conditionKeys": "",
                "dependentActions": [
                    ""
                ]
            },
            {
                "name": "CreateService",
                "description": "Grants permission to create a service",
                "access level": "Write",
                "resource types": [
                    "Service*"
                ],
                "conditionKeys": "",
                "dependentActions": [
                    "iam:CreateServiceLinkedRole"
                ]
            },
            {
                "name": "CreateServiceNetwork",
                "description": "Grants permission to create a service network",
                "access level": "Write",
                "resource types": [
                    "ServiceNetwork*"
                ],
                "conditionKeys": "",
                "dependentActions": [
                    "iam:CreateServiceLinkedRole"
                ]
            },
            {
                "name": "CreateServiceNetworkServiceAssociation",
                "description": "Grants permission to create a service network and service association",
                "access level": "Write",
                "resource types": [
                    "Service*"
                ],
                "conditionKeys": "",
                "dependentActions": [
                    ""
                ]
            },
            {
                "name": "CreateServiceNetworkVpcAssociation",
                "description": "Grants permission to create a service network and VPC association",
                "access level": "Write",
                "resource types": [
                    "ServiceNetwork*"
                ],
                "conditionKeys": "",
                "dependentActions": [
                    "ec2:DescribeVpcs"
                ]
            },
            {
                "name": "CreateTargetGroup",
                "description": "Grants permission to create a target group",
                "access level": "Write",
                "resource types": [
                    "TargetGroup*"
                ],
                "conditionKeys": "",
                "dependentActions": [
                    "iam:CreateServiceLinkedRole"
                ]
            },
            {
                "name": "DeleteAccessLogSubscription",
                "description": "Grants permission to delete an access log subscription",
                "access level": "Write",
                "resource types": [
                    "AccessLogSubscription*"
                ],
                "conditionKeys": "",
                "dependentActions": [
                    "logs:DeleteLogDelivery\n                            \n\n                                logs:GetLogDelivery"
                ]
            },
            {
                "name": "DeleteAuthPolicy",
                "description": "Grants permission to delete an auth policy",
                "access level": "Permissions management",
                "resource types": [
                    "Service"
                ],
                "conditionKeys": "",
                "dependentActions": [
                    ""
                ]
            },
            {
                "name": "DeleteListener",
                "description": "Grants permission to delete a listener",
                "access level": "Write",
                "resource types": [
                    "Listener*"
                ],
                "conditionKeys": "",
                "dependentActions": [
                    ""
                ]
            },
            {
                "name": "DeleteResourcePolicy",
                "description": "Grants permission to delete a resource policy",
                "access level": "Write",
                "resource types": [
                    "Service"
                ],
                "conditionKeys": "",
                "dependentActions": [
                    ""
                ]
            },
            {
                "name": "DeleteRule",
                "description": "Grants permission to delete a rule",
                "access level": "Write",
                "resource types": [
                    "Rule*"
                ],
                "conditionKeys": "",
                "dependentActions": [
                    ""
                ]
            },
            {
                "name": "DeleteService",
                "description": "Grants permission to delete a service",
                "access level": "Write",
                "resource types": [
                    "Service*"
                ],
                "conditionKeys": "",
                "dependentActions": [
                    ""
                ]
            },
            {
                "name": "DeleteServiceNetwork",
                "description": "Grants permission to delete a service network",
                "access level": "Write",
                "resource types": [
                    "ServiceNetwork*"
                ],
                "conditionKeys": "",
                "dependentActions": [
                    ""
                ]
            },
            {
                "name": "DeleteServiceNetworkServiceAssociation",
                "description": "Grants permission to delete a service network service association",
                "access level": "Write",
                "resource types": [
                    "ServiceNetworkServiceAssociation*"
                ],
                "conditionKeys": "",
                "dependentActions": [
                    ""
                ]
            },
            {
                "name": "DeleteServiceNetworkVpcAssociation",
                "description": "Grants permission to delete a service network and VPC association",
                "access level": "Write",
                "resource types": [
                    "ServiceNetworkVpcAssociation*"
                ],
                "conditionKeys": "",
                "dependentActions": [
                    ""
                ]
            },
            {
                "name": "DeleteTargetGroup",
                "description": "Grants permission to delete a target group",
                "access level": "Write",
                "resource types": [
                    "TargetGroup*"
                ],
                "conditionKeys": "",
                "dependentActions": [
                    ""
                ]
            },
            {
                "name": "DeregisterTargets",
                "description": "Grants permission to deregister targets from a target group",
                "access level": "Write",
                "resource types": [
                    "TargetGroup*"
                ],
                "conditionKeys": "",
                "dependentActions": [
                    ""
                ]
            },
            {
                "name": "GetAccessLogSubscription",
                "description": "Grants permission to get information about an access log subscription",
                "access level": "Read",
                "resource types": [
                    "AccessLogSubscription*"
                ],
                "conditionKeys": "",
                "dependentActions": [
                    "logs:GetLogDelivery"
                ]
            },
            {
                "name": "GetAuthPolicy",
                "description": "Grants permission to get information about an auth policy",
                "access level": "Read",
                "resource types": [
                    "Service"
                ],
                "conditionKeys": "",
                "dependentActions": [
                    ""
                ]
            },
            {
                "name": "GetListener",
                "description": "Grants permission to get information about a listener",
                "access level": "Read",
                "resource types": [
                    "Listener*"
                ],
                "conditionKeys": "",
                "dependentActions": [
                    ""
                ]
            },
            {
                "name": "GetResourcePolicy",
                "description": "Grants permission to get information about a resource policy",
                "access level": "Read",
                "resource types": [
                    "Service"
                ],
                "conditionKeys": "",
                "dependentActions": [
                    ""
                ]
            },
            {
                "name": "GetRule",
                "description": "Grants permission to get information about a rule",
                "access level": "Read",
                "resource types": [
                    "Rule*"
                ],
                "conditionKeys": "",
                "dependentActions": [
                    ""
                ]
            },
            {
                "name": "GetService",
                "description": "Grants permission to get information about a service",
                "access level": "Read",
                "resource types": [
                    "Service*"
                ],
                "conditionKeys": "",
                "dependentActions": [
                    ""
                ]
            },
            {
                "name": "GetServiceNetwork",
                "description": "Grants permission to get information about a service network",
                "access level": "Read",
                "resource types": [
                    "ServiceNetwork*"
                ],
                "conditionKeys": "",
                "dependentActions": [
                    ""
                ]
            },
            {
                "name": "GetServiceNetworkServiceAssociation",
                "description": "Grants permission to get information about a service network and service association",
                "access level": "Read",
                "resource types": [
                    "ServiceNetworkServiceAssociation*"
                ],
                "conditionKeys": "",
                "dependentActions": [
                    ""
                ]
            },
            {
                "name": "GetServiceNetworkVpcAssociation",
                "description": "Grants permission to get information about a service network and VPC association",
                "access level": "Read",
                "resource types": [
                    "ServiceNetworkVpcAssociation*"
                ],
                "conditionKeys": "",
                "dependentActions": [
                    ""
                ]
            },
            {
                "name": "GetTargetGroup",
                "description": "Grants permission to get information about a target group",
                "access level": "Read",
                "resource types": [
                    "TargetGroup*"
                ],
                "conditionKeys": "",
                "dependentActions": [
                    ""
                ]
            },
            {
                "name": "ListAccessLogSubscriptions",
                "description": "Grants permission to list some or all access log subscriptions about a service network or a service",
                "access level": "List",
                "resource types": [
                    ""
                ],
                "conditionKeys": "",
                "dependentActions": [
                    ""
                ]
            },
            {
                "name": "ListListeners",
                "description": "Grants permission to list some or all listeners",
                "access level": "List",
                "resource types": [
                    ""
                ],
                "conditionKeys": "",
                "dependentActions": [
                    ""
                ]
            },
            {
                "name": "ListRules",
                "description": "Grants permission to list some or all rules",
                "access level": "List",
                "resource types": [
                    ""
                ],
                "conditionKeys": "",
                "dependentActions": [
                    ""
                ]
            },
            {
                "name": "ListServiceNetworkServiceAssociations",
                "description": "Grants permission to list some or all service network and service associations",
                "access level": "List",
                "resource types": [
                    ""
                ],
                "conditionKeys": "vpc-lattice:ServiceNetworkArn\n\n\nvpc-lattice:ServiceArn",
                "dependentActions": [
                    ""
                ]
            },
            {
                "name": "ListServiceNetworkVpcAssociations",
                "description": "Grants permission to list some or all service network and VPC associations",
                "access level": "List",
                "resource types": [
                    ""
                ],
                "conditionKeys": "vpc-lattice:VpcId\n\n\nvpc-lattice:ServiceNetworkArn",
                "dependentActions": [
                    ""
                ]
            },
            {
                "name": "ListServiceNetworks",
                "description": "Grants permission to list the service networks owned by a caller account or shared with the caller account",
                "access level": "List",
                "resource types": [
                    ""
                ],
                "conditionKeys": "",
                "dependentActions": [
                    ""
                ]
            },
            {
                "name": "ListServices",
                "description": "Grants permission to list the services owned by a caller account or shared with the caller account",
                "access level": "List",
                "resource types": [
                    ""
                ],
                "conditionKeys": "",
                "dependentActions": [
                    ""
                ]
            },
            {
                "name": "ListTagsForResource",
                "description": "Grants permission to list tags for a vpc-lattice resource",
                "access level": "Read",
                "resource types": [
                    ""
                ],
                "conditionKeys": "",
                "dependentActions": [
                    ""
                ]
            },
            {
                "name": "ListTargetGroups",
                "description": "Grants permission to list some or all target groups",
                "access level": "List",
                "resource types": [
                    ""
                ],
                "conditionKeys": "",
                "dependentActions": [
                    ""
                ]
            },
            {
                "name": "ListTargets",
                "description": "Grants permission to list some or all targets in a target group",
                "access level": "List",
                "resource types": [
                    "TargetGroup*"
                ],
                "conditionKeys": "",
                "dependentActions": [
                    ""
                ]
            },
            {
                "name": "PutAuthPolicy",
                "description": "Grants permission to create or update the auth policy for a service network or a service",
                "access level": "Permissions management",
                "resource types": [
                    "Service"
                ],
                "conditionKeys": "",
                "dependentActions": [
                    ""
                ]
            },
            {
                "name": "PutResourcePolicy",
                "description": "Grants permission to create a resource policy for a service network or a service",
                "access level": "Write",
                "resource types": [
                    "Service"
                ],
                "conditionKeys": "",
                "dependentActions": [
                    ""
                ]
            },
            {
                "name": "RegisterTargets",
                "description": "Grants permission to register targets to a target group",
                "access level": "Write",
                "resource types": [
                    "TargetGroup*"
                ],
                "conditionKeys": "",
                "dependentActions": [
                    ""
                ]
            },
            {
                "name": "TagResource",
                "description": "Grants permission to tag a vpc-lattice resource",
                "access level": "Tagging",
                "resource types": [
                    "AccessLogSubscription"
                ],
                "conditionKeys": "",
                "dependentActions": [
                    ""
                ]
            },
            {
                "name": "UntagResource",
                "description": "Grants permission to untag a vpc-lattice resource",
                "access level": "Tagging",
                "resource types": [
                    "AccessLogSubscription"
                ],
                "conditionKeys": "",
                "dependentActions": [
                    ""
                ]
            },
            {
                "name": "UpdateAccessLogSubscription",
                "description": "Grants permission to update an access log subscription",
                "access level": "Write",
                "resource types": [
                    "AccessLogSubscription*"
                ],
                "conditionKeys": "",
                "dependentActions": [
                    "logs:GetLogDelivery\n                            \n\n                                logs:UpdateLogDelivery"
                ]
            },
            {
                "name": "UpdateListener",
                "description": "Grants permission to update a listener",
                "access level": "Write",
                "resource types": [
                    "Listener*"
                ],
                "conditionKeys": "",
                "dependentActions": [
                    ""
                ]
            },
            {
                "name": "UpdateRule",
                "description": "Grants permission to update a rule",
                "access level": "Write",
                "resource types": [
                    "Rule*"
                ],
                "conditionKeys": "",
                "dependentActions": [
                    ""
                ]
            },
            {
                "name": "UpdateService",
                "description": "Grants permission to update a service",
                "access level": "Write",
                "resource types": [
                    "Service*"
                ],
                "conditionKeys": "",
                "dependentActions": [
                    ""
                ]
            },
            {
                "name": "UpdateServiceNetwork",
                "description": "Grants permission to update a service network",
                "access level": "Write",
                "resource types": [
                    "ServiceNetwork*"
                ],
                "conditionKeys": "",
                "dependentActions": [
                    ""
                ]
            },
            {
                "name": "UpdateServiceNetworkVpcAssociation",
                "description": "Grants permission to update a service network and VPC association",
                "access level": "Write",
                "resource types": [
                    "ServiceNetworkVpcAssociation*"
                ],
                "conditionKeys": "",
                "dependentActions": [
                    "ec2:DescribeSecurityGroups\n                            \n\n                                ec2:DescribeVpcs"
                ]
            },
            {
                "name": "UpdateTargetGroup",
                "description": "Grants permission to update a target group",
                "access level": "Write",
                "resource types": [
                    "TargetGroup*"
                ],
                "conditionKeys": "",
                "dependentActions": [
                    ""
                ]
            }
        ]
    },
    {
        "resources": [
            {
                "resource_type": "ServiceNetwork",
                "ARN": "arn:${Partition}:vpc-lattice:${Region}:${Account}:servicenetwork/${ServiceNetworkId}",
                "conditionKeys": "aws:RequestTag/${TagKey}\n\n\naws:ResourceTag/${TagKey}\n\n\naws:TagKeys\n\n\nvpc-lattice:AuthType"
            },
            {
                "resource_type": "Service",
                "ARN": "arn:${Partition}:vpc-lattice:${Region}:${Account}:service/${ServiceId}",
                "conditionKeys": "aws:RequestTag/${TagKey}\n\n\naws:ResourceTag/${TagKey}\n\n\naws:TagKeys\n\n\nvpc-lattice:AuthType"
            },
            {
                "resource_type": "ServiceNetworkVpcAssociation",
                "ARN": "arn:${Partition}:vpc-lattice:${Region}:${Account}:servicenetworkvpcassociation/${ServiceNetworkVpcAssociationId}",
                "conditionKeys": "aws:RequestTag/${TagKey}\n\n\naws:ResourceTag/${TagKey}\n\n\naws:TagKeys\n\n\nvpc-lattice:SecurityGroupIds\n\n\nvpc-lattice:ServiceNetworkArn\n\n\nvpc-lattice:VpcId"
            },
            {
                "resource_type": "ServiceNetworkServiceAssociation",
                "ARN": "arn:${Partition}:vpc-lattice:${Region}:${Account}:servicenetworkserviceassociation/${ServiceNetworkServiceAssociationId}",
                "conditionKeys": "aws:RequestTag/${TagKey}\n\n\naws:ResourceTag/${TagKey}\n\n\naws:TagKeys\n\n\nvpc-lattice:ServiceArn\n\n\nvpc-lattice:ServiceNetworkArn"
            },
            {
                "resource_type": "TargetGroup",
                "ARN": "arn:${Partition}:vpc-lattice:${Region}:${Account}:targetgroup/${TargetGroupId}",
                "conditionKeys": "aws:RequestTag/${TagKey}\n\n\naws:ResourceTag/${TagKey}\n\n\naws:TagKeys\n\n\nvpc-lattice:VpcId"
            },
            {
                "resource_type": "Listener",
                "ARN": "arn:${Partition}:vpc-lattice:${Region}:${Account}:service/${ServiceId}/listener/${ListenerId}",
                "conditionKeys": "aws:RequestTag/${TagKey}\n\n\naws:ResourceTag/${TagKey}\n\n\naws:TagKeys\n\n\nvpc-lattice:Protocol\n\n\nvpc-lattice:TargetGroupArns"
            },
            {
                "resource_type": "Rule",
                "ARN": "arn:${Partition}:vpc-lattice:${Region}:${Account}:service/${ServiceId}/listener/${ListenerId}/rule/${RuleId}",
                "conditionKeys": "aws:RequestTag/${TagKey}\n\n\naws:ResourceTag/${TagKey}\n\n\naws:TagKeys\n\n\nvpc-lattice:TargetGroupArns"
            },
            {
                "resource_type": "AccessLogSubscription",
                "ARN": "arn:${Partition}:vpc-lattice:${Region}:${Account}:accesslogsubscription/${AccessLogSubscriptionId}",
                "conditionKeys": "aws:RequestTag/${TagKey}\n\n\naws:ResourceTag/${TagKey}\n\n\naws:TagKeys"
            }
        ]
    },
    {
        "conditions": [
            {
                "Condition keys": "aws:RequestTag/${TagKey}",
                "Description": "Filters access by the presence of tag key-value pairs in the request",
                "Type": "String"
            },
            {
                "Condition keys": "aws:ResourceTag/${TagKey}",
                "Description": "Filters access by tag key-value pairs attached to the resource",
                "Type": "String"
            },
            {
                "Condition keys": "aws:TagKeys",
                "Description": "Filters access by the presence of tag keys in the request",
                "Type": "ArrayOfString"
            },
            {
                "Condition keys": "vpc-lattice:AuthType",
                "Description": "Filters access by the auth type specified in the request",
                "Type": "String"
            },
            {
                "Condition keys": "vpc-lattice:Protocol",
                "Description": "Filters access by the protocol specified in the request",
                "Type": "String"
            },
            {
                "Condition keys": "vpc-lattice:SecurityGroupIds",
                "Description": "Filters access by the IDs of security groups",
                "Type": "ArrayOfString"
            },
            {
                "Condition keys": "vpc-lattice:ServiceArn",
                "Description": "Filters access by the ARN of a service",
                "Type": "ARN"
            },
            {
                "Condition keys": "vpc-lattice:ServiceNetworkArn",
                "Description": "Filters access by the ARN of a service network",
                "Type": "ARN"
            },
            {
                "Condition keys": "vpc-lattice:TargetGroupArns",
                "Description": "Filters access by the ARNs of target groups",
                "Type": "ArrayOfARN"
            },
            {
                "Condition keys": "vpc-lattice:VpcId",
                "Description": "Filters access by the ID of a virtual private cloud (VPC)",
                "Type": "String"
            }
        ]
    }
]