[
    {
        "prefix_item": "vpc-lattice-svcs"
    },
    {
        "link": "https://docs.aws.amazon.com/service-authorization/latest/reference/./list_amazonvpclatticeservices.html"
    },
    {
        "actions": [
            {
                "name": "Invoke",
                "description": "Grants permission to invoke a VPC Lattice service",
                "access level": "Write",
                "resource types": [
                    "Service*"
                ],
                "conditionKeys": "",
                "dependentActions": [
                    ""
                ]
            }
        ]
    },
    {
        "resources": [
            {
                "resource_type": "Service",
                "ARN": "arn:${Partition}:vpc-lattice:${Region}:${Account}:service/${ServiceId}/${RequestPath}",
                "conditionKeys": ""
            }
        ]
    },
    {
        "conditions": [
            {
                "Condition keys": "vpc-lattice-svcs:Port",
                "Description": "Filters access by the destination port the request is made to",
                "Type": "Numeric"
            },
            {
                "Condition keys": "vpc-lattice-svcs:RequestHeader/${HeaderName}",
                "Description": "Filters access by a header name-value pair in the request headers",
                "Type": "String"
            },
            {
                "Condition keys": "vpc-lattice-svcs:RequestMethod",
                "Description": "Filters access by the method of the request",
                "Type": "String"
            },
            {
                "Condition keys": "vpc-lattice-svcs:RequestQueryString/${QueryStringKey}",
                "Description": "Filters access by the query string key-value pairs in the request URL",
                "Type": "ArrayOfString"
            },
            {
                "Condition keys": "vpc-lattice-svcs:ServiceArn",
                "Description": "Filters access by the ARN of the service receiving the request",
                "Type": "ARN"
            },
            {
                "Condition keys": "vpc-lattice-svcs:ServiceNetworkArn",
                "Description": "Filters access by the ARN of the service network receiving the request",
                "Type": "ARN"
            },
            {
                "Condition keys": "vpc-lattice-svcs:SourceVpc",
                "Description": "Filters access by the VPC the request is made from",
                "Type": "String"
            },
            {
                "Condition keys": "vpc-lattice-svcs:SourceVpcOwnerAccount",
                "Description": "Filters access by the owning account of the VPC the request is made from",
                "Type": "String"
            }
        ]
    }
]