[
    {
        "prefix_item": "waf-regional"
    },
    {
        "link": "https://docs.aws.amazon.com/service-authorization/latest/reference/./list_awswafregional.html"
    },
    {
        "actions": [
            {
                "name": "AssociateWebACL",
                "description": "Grants permission to associate a web ACL with a resource",
                "access level": "Write",
                "resource types": [
                    "loadbalancer/app/*"
                ],
                "conditionKeys": "",
                "dependentActions": [
                    ""
                ]
            },
            {
                "name": "CreateByteMatchSet",
                "description": "Grants permission to create a ByteMatchSet",
                "access level": "Write",
                "resource types": [
                    "bytematchset*"
                ],
                "conditionKeys": "",
                "dependentActions": [
                    ""
                ]
            },
            {
                "name": "CreateGeoMatchSet",
                "description": "Grants permission to create a GeoMatchSet",
                "access level": "Write",
                "resource types": [
                    "geomatchset*"
                ],
                "conditionKeys": "",
                "dependentActions": [
                    ""
                ]
            },
            {
                "name": "CreateIPSet",
                "description": "Grants permission to create an IPSet",
                "access level": "Write",
                "resource types": [
                    "ipset*"
                ],
                "conditionKeys": "",
                "dependentActions": [
                    ""
                ]
            },
            {
                "name": "CreateRateBasedRule",
                "description": "Grants permission to create a RateBasedRule",
                "access level": "Write",
                "resource types": [
                    "ratebasedrule*"
                ],
                "conditionKeys": "",
                "dependentActions": [
                    ""
                ]
            },
            {
                "name": "CreateRegexMatchSet",
                "description": "Grants permission to create a RegexMatchSet",
                "access level": "Write",
                "resource types": [
                    "regexmatchset*"
                ],
                "conditionKeys": "",
                "dependentActions": [
                    ""
                ]
            },
            {
                "name": "CreateRegexPatternSet",
                "description": "Grants permission to create a RegexPatternSet",
                "access level": "Write",
                "resource types": [
                    "regexpatternset*"
                ],
                "conditionKeys": "",
                "dependentActions": [
                    ""
                ]
            },
            {
                "name": "CreateRule",
                "description": "Grants permission to create a Rule",
                "access level": "Write",
                "resource types": [
                    "rule*"
                ],
                "conditionKeys": "",
                "dependentActions": [
                    ""
                ]
            },
            {
                "name": "CreateRuleGroup",
                "description": "Grants permission to create a RuleGroup",
                "access level": "Write",
                "resource types": [
                    "rulegroup*"
                ],
                "conditionKeys": "",
                "dependentActions": [
                    ""
                ]
            },
            {
                "name": "CreateSizeConstraintSet",
                "description": "Grants permission to create a SizeConstraintSet",
                "access level": "Write",
                "resource types": [
                    "sizeconstraintset*"
                ],
                "conditionKeys": "",
                "dependentActions": [
                    ""
                ]
            },
            {
                "name": "CreateSqlInjectionMatchSet",
                "description": "Grants permission to create an SqlInjectionMatchSet",
                "access level": "Write",
                "resource types": [
                    "sqlinjectionmatchset*"
                ],
                "conditionKeys": "",
                "dependentActions": [
                    ""
                ]
            },
            {
                "name": "CreateWebACL",
                "description": "Grants permission to create a WebACL",
                "access level": "Permissions management",
                "resource types": [
                    "webacl*"
                ],
                "conditionKeys": "",
                "dependentActions": [
                    ""
                ]
            },
            {
                "name": "CreateWebACLMigrationStack",
                "description": "Grants permission to create a CloudFormation web ACL template in an S3 bucket for the purposes of migrating the web ACL from AWS WAF Classic to AWS WAF v2",
                "access level": "Write",
                "resource types": [
                    "webacl*"
                ],
                "conditionKeys": "",
                "dependentActions": [
                    "s3:PutObject"
                ]
            },
            {
                "name": "CreateXssMatchSet",
                "description": "Grants permission to create an XssMatchSet",
                "access level": "Write",
                "resource types": [
                    "xssmatchset*"
                ],
                "conditionKeys": "",
                "dependentActions": [
                    ""
                ]
            },
            {
                "name": "DeleteByteMatchSet",
                "description": "Grants permission to delete a ByteMatchSet",
                "access level": "Write",
                "resource types": [
                    "bytematchset*"
                ],
                "conditionKeys": "",
                "dependentActions": [
                    ""
                ]
            },
            {
                "name": "DeleteGeoMatchSet",
                "description": "Grants permission to delete a GeoMatchSet",
                "access level": "Write",
                "resource types": [
                    "geomatchset*"
                ],
                "conditionKeys": "",
                "dependentActions": [
                    ""
                ]
            },
            {
                "name": "DeleteIPSet",
                "description": "Grants permission to delete an IPSet",
                "access level": "Write",
                "resource types": [
                    "ipset*"
                ],
                "conditionKeys": "",
                "dependentActions": [
                    ""
                ]
            },
            {
                "name": "DeleteLoggingConfiguration",
                "description": "Grants permission to delete a LoggingConfiguration from a web ACL",
                "access level": "Write",
                "resource types": [
                    "webacl*"
                ],
                "conditionKeys": "",
                "dependentActions": [
                    ""
                ]
            },
            {
                "name": "DeletePermissionPolicy",
                "description": "Grants permission to delete an IAM policy from a rule group",
                "access level": "Permissions management",
                "resource types": [
                    "rulegroup*"
                ],
                "conditionKeys": "",
                "dependentActions": [
                    ""
                ]
            },
            {
                "name": "DeleteRateBasedRule",
                "description": "Grants permission to delete a RateBasedRule",
                "access level": "Write",
                "resource types": [
                    "ratebasedrule*"
                ],
                "conditionKeys": "",
                "dependentActions": [
                    ""
                ]
            },
            {
                "name": "DeleteRegexMatchSet",
                "description": "Grants permission to delete a RegexMatchSet",
                "access level": "Write",
                "resource types": [
                    "regexmatchset*"
                ],
                "conditionKeys": "",
                "dependentActions": [
                    ""
                ]
            },
            {
                "name": "DeleteRegexPatternSet",
                "description": "Grants permission to delete a RegexPatternSet",
                "access level": "Write",
                "resource types": [
                    "regexpatternset*"
                ],
                "conditionKeys": "",
                "dependentActions": [
                    ""
                ]
            },
            {
                "name": "DeleteRule",
                "description": "Grants permission to delete a Rule",
                "access level": "Write",
                "resource types": [
                    "rule*"
                ],
                "conditionKeys": "",
                "dependentActions": [
                    ""
                ]
            },
            {
                "name": "DeleteRuleGroup",
                "description": "Grants permission to delete a RuleGroup",
                "access level": "Write",
                "resource types": [
                    "rulegroup*"
                ],
                "conditionKeys": "",
                "dependentActions": [
                    ""
                ]
            },
            {
                "name": "DeleteSizeConstraintSet",
                "description": "Grants permission to delete a SizeConstraintSet",
                "access level": "Write",
                "resource types": [
                    "sizeconstraintset*"
                ],
                "conditionKeys": "",
                "dependentActions": [
                    ""
                ]
            },
            {
                "name": "DeleteSqlInjectionMatchSet",
                "description": "Grants permission to delete an SqlInjectionMatchSet",
                "access level": "Write",
                "resource types": [
                    "sqlinjectionmatchset*"
                ],
                "conditionKeys": "",
                "dependentActions": [
                    ""
                ]
            },
            {
                "name": "DeleteWebACL",
                "description": "Grants permission to delete a WebACL",
                "access level": "Permissions management",
                "resource types": [
                    "webacl*"
                ],
                "conditionKeys": "",
                "dependentActions": [
                    ""
                ]
            },
            {
                "name": "DeleteXssMatchSet",
                "description": "Grants permission to delete an XssMatchSet",
                "access level": "Write",
                "resource types": [
                    "xssmatchset*"
                ],
                "conditionKeys": "",
                "dependentActions": [
                    ""
                ]
            },
            {
                "name": "DisassociateWebACL",
                "description": "Grants permission to delete an association between a web ACL and a resource",
                "access level": "Write",
                "resource types": [
                    "loadbalancer/app/*"
                ],
                "conditionKeys": "",
                "dependentActions": [
                    ""
                ]
            },
            {
                "name": "GetByteMatchSet",
                "description": "Grants permission to retrieve a ByteMatchSet",
                "access level": "Read",
                "resource types": [
                    "bytematchset*"
                ],
                "conditionKeys": "",
                "dependentActions": [
                    ""
                ]
            },
            {
                "name": "GetChangeToken",
                "description": "Grants permission to retrieve a change token to use in create, update, and delete requests",
                "access level": "Read",
                "resource types": [
                    ""
                ],
                "conditionKeys": "",
                "dependentActions": [
                    ""
                ]
            },
            {
                "name": "GetChangeTokenStatus",
                "description": "Grants permission to retrieve the status of a change token",
                "access level": "Read",
                "resource types": [
                    ""
                ],
                "conditionKeys": "",
                "dependentActions": [
                    ""
                ]
            },
            {
                "name": "GetGeoMatchSet",
                "description": "Grants permission to retrieve a GeoMatchSet",
                "access level": "Read",
                "resource types": [
                    "geomatchset*"
                ],
                "conditionKeys": "",
                "dependentActions": [
                    ""
                ]
            },
            {
                "name": "GetIPSet",
                "description": "Grants permission to retrieve an IPSet",
                "access level": "Read",
                "resource types": [
                    "ipset*"
                ],
                "conditionKeys": "",
                "dependentActions": [
                    ""
                ]
            },
            {
                "name": "GetLoggingConfiguration",
                "description": "Grants permission to retrieve a LoggingConfiguration",
                "access level": "Read",
                "resource types": [
                    "webacl*"
                ],
                "conditionKeys": "",
                "dependentActions": [
                    ""
                ]
            },
            {
                "name": "GetPermissionPolicy",
                "description": "Grants permission to retrieve an IAM policy attached to a RuleGroup",
                "access level": "Read",
                "resource types": [
                    "rulegroup*"
                ],
                "conditionKeys": "",
                "dependentActions": [
                    ""
                ]
            },
            {
                "name": "GetRateBasedRule",
                "description": "Grants permission to retrieve a RateBasedRule",
                "access level": "Read",
                "resource types": [
                    "ratebasedrule*"
                ],
                "conditionKeys": "",
                "dependentActions": [
                    ""
                ]
            },
            {
                "name": "GetRateBasedRuleManagedKeys",
                "description": "Grants permission to retrieve the array of IP addresses that are currently being blocked by a RateBasedRule",
                "access level": "Read",
                "resource types": [
                    "ratebasedrule*"
                ],
                "conditionKeys": "",
                "dependentActions": [
                    ""
                ]
            },
            {
                "name": "GetRegexMatchSet",
                "description": "Grants permission to retrieve a RegexMatchSet",
                "access level": "Read",
                "resource types": [
                    "regexmatchset*"
                ],
                "conditionKeys": "",
                "dependentActions": [
                    ""
                ]
            },
            {
                "name": "GetRegexPatternSet",
                "description": "Grants permission to retrieve a RegexPatternSet",
                "access level": "Read",
                "resource types": [
                    "regexpatternset*"
                ],
                "conditionKeys": "",
                "dependentActions": [
                    ""
                ]
            },
            {
                "name": "GetRule",
                "description": "Grants permission to retrieve a Rule",
                "access level": "Read",
                "resource types": [
                    "rule*"
                ],
                "conditionKeys": "",
                "dependentActions": [
                    ""
                ]
            },
            {
                "name": "GetRuleGroup",
                "description": "Grants permission to retrieve a RuleGroup",
                "access level": "Read",
                "resource types": [
                    "rulegroup*"
                ],
                "conditionKeys": "",
                "dependentActions": [
                    ""
                ]
            },
            {
                "name": "GetSampledRequests",
                "description": "Grants permission to retrieve detailed information for a sample set of web requests",
                "access level": "Read",
                "resource types": [
                    "rule"
                ],
                "conditionKeys": "",
                "dependentActions": [
                    ""
                ]
            },
            {
                "name": "GetSizeConstraintSet",
                "description": "Grants permission to retrieve a SizeConstraintSet",
                "access level": "Read",
                "resource types": [
                    "sizeconstraintset*"
                ],
                "conditionKeys": "",
                "dependentActions": [
                    ""
                ]
            },
            {
                "name": "GetSqlInjectionMatchSet",
                "description": "Grants permission to retrieve an SqlInjectionMatchSet",
                "access level": "Read",
                "resource types": [
                    "sqlinjectionmatchset*"
                ],
                "conditionKeys": "",
                "dependentActions": [
                    ""
                ]
            },
            {
                "name": "GetWebACL",
                "description": "Grants permission to retrieve a WebACL",
                "access level": "Read",
                "resource types": [
                    "webacl*"
                ],
                "conditionKeys": "",
                "dependentActions": [
                    ""
                ]
            },
            {
                "name": "GetWebACLForResource",
                "description": "Grants permission to retrieve a WebACL that's associated with a specified resource",
                "access level": "Read",
                "resource types": [
                    "loadbalancer/app/*"
                ],
                "conditionKeys": "",
                "dependentActions": [
                    ""
                ]
            },
            {
                "name": "GetXssMatchSet",
                "description": "Grants permission to retrieve an XssMatchSet",
                "access level": "Read",
                "resource types": [
                    "xssmatchset*"
                ],
                "conditionKeys": "",
                "dependentActions": [
                    ""
                ]
            },
            {
                "name": "ListActivatedRulesInRuleGroup",
                "description": "Grants permission to retrieve an array of ActivatedRule objects",
                "access level": "List",
                "resource types": [
                    ""
                ],
                "conditionKeys": "",
                "dependentActions": [
                    ""
                ]
            },
            {
                "name": "ListByteMatchSets",
                "description": "Grants permission to retrieve an array of ByteMatchSetSummary objects",
                "access level": "List",
                "resource types": [
                    ""
                ],
                "conditionKeys": "",
                "dependentActions": [
                    ""
                ]
            },
            {
                "name": "ListGeoMatchSets",
                "description": "Grants permission to retrieve an array of GeoMatchSetSummary objects",
                "access level": "List",
                "resource types": [
                    ""
                ],
                "conditionKeys": "",
                "dependentActions": [
                    ""
                ]
            },
            {
                "name": "ListIPSets",
                "description": "Grants permission to retrieve an array of IPSetSummary objects",
                "access level": "List",
                "resource types": [
                    ""
                ],
                "conditionKeys": "",
                "dependentActions": [
                    ""
                ]
            },
            {
                "name": "ListLoggingConfigurations",
                "description": "Grants permission to retrieve an array of LoggingConfiguration objects",
                "access level": "List",
                "resource types": [
                    ""
                ],
                "conditionKeys": "",
                "dependentActions": [
                    ""
                ]
            },
            {
                "name": "ListRateBasedRules",
                "description": "Grants permission to retrieve an array of RuleSummary objects",
                "access level": "List",
                "resource types": [
                    ""
                ],
                "conditionKeys": "",
                "dependentActions": [
                    ""
                ]
            },
            {
                "name": "ListRegexMatchSets",
                "description": "Grants permission to retrieve an array of RegexMatchSetSummary objects",
                "access level": "List",
                "resource types": [
                    ""
                ],
                "conditionKeys": "",
                "dependentActions": [
                    ""
                ]
            },
            {
                "name": "ListRegexPatternSets",
                "description": "Grants permission to retrieve an array of RegexPatternSetSummary objects",
                "access level": "List",
                "resource types": [
                    ""
                ],
                "conditionKeys": "",
                "dependentActions": [
                    ""
                ]
            },
            {
                "name": "ListResourcesForWebACL",
                "description": "Grants permission to retrieve an array of resources associated with a specified WebACL",
                "access level": "List",
                "resource types": [
                    "webacl*"
                ],
                "conditionKeys": "",
                "dependentActions": [
                    ""
                ]
            },
            {
                "name": "ListRuleGroups",
                "description": "Grants permission to retrieve an array of RuleGroup objects",
                "access level": "List",
                "resource types": [
                    ""
                ],
                "conditionKeys": "",
                "dependentActions": [
                    ""
                ]
            },
            {
                "name": "ListRules",
                "description": "Grants permission to retrieve an array of RuleSummary objects",
                "access level": "List",
                "resource types": [
                    ""
                ],
                "conditionKeys": "",
                "dependentActions": [
                    ""
                ]
            },
            {
                "name": "ListSizeConstraintSets",
                "description": "Grants permission to retrieve an array of SizeConstraintSetSummary objects",
                "access level": "List",
                "resource types": [
                    ""
                ],
                "conditionKeys": "",
                "dependentActions": [
                    ""
                ]
            },
            {
                "name": "ListSqlInjectionMatchSets",
                "description": "Grants permission to retrieve an array of SqlInjectionMatchSet objects",
                "access level": "List",
                "resource types": [
                    ""
                ],
                "conditionKeys": "",
                "dependentActions": [
                    ""
                ]
            },
            {
                "name": "ListSubscribedRuleGroups",
                "description": "Grants permission to retrieve an array of RuleGroup objects that you are subscribed to",
                "access level": "List",
                "resource types": [
                    ""
                ],
                "conditionKeys": "",
                "dependentActions": [
                    ""
                ]
            },
            {
                "name": "ListTagsForResource",
                "description": "Grants permission to lists the Tags for a resource",
                "access level": "Read",
                "resource types": [
                    "ratebasedrule"
                ],
                "conditionKeys": "",
                "dependentActions": [
                    ""
                ]
            },
            {
                "name": "ListWebACLs",
                "description": "Grants permission to retrieve an array of WebACLSummary objects",
                "access level": "List",
                "resource types": [
                    ""
                ],
                "conditionKeys": "",
                "dependentActions": [
                    ""
                ]
            },
            {
                "name": "ListXssMatchSets",
                "description": "Grants permission to retrieve an array of XssMatchSet objects",
                "access level": "List",
                "resource types": [
                    ""
                ],
                "conditionKeys": "",
                "dependentActions": [
                    ""
                ]
            },
            {
                "name": "PutLoggingConfiguration",
                "description": "Grants permission to associates a LoggingConfiguration with a web ACL",
                "access level": "Write",
                "resource types": [
                    "webacl*"
                ],
                "conditionKeys": "",
                "dependentActions": [
                    "iam:CreateServiceLinkedRole"
                ]
            },
            {
                "name": "PutPermissionPolicy",
                "description": "Grants permission to attach an IAM policy to a specified rule group, to support rule group sharing between accounts",
                "access level": "Permissions management",
                "resource types": [
                    "rulegroup*"
                ],
                "conditionKeys": "",
                "dependentActions": [
                    ""
                ]
            },
            {
                "name": "TagResource",
                "description": "Grants permission to add a Tag to a resource",
                "access level": "Tagging",
                "resource types": [
                    "ratebasedrule"
                ],
                "conditionKeys": "",
                "dependentActions": [
                    ""
                ]
            },
            {
                "name": "UntagResource",
                "description": "Grants permission to remove a Tag from a resource",
                "access level": "Tagging",
                "resource types": [
                    "ratebasedrule"
                ],
                "conditionKeys": "",
                "dependentActions": [
                    ""
                ]
            },
            {
                "name": "UpdateByteMatchSet",
                "description": "Grants permission to insert or delete ByteMatchTuple objects in a ByteMatchSet",
                "access level": "Write",
                "resource types": [
                    "bytematchset*"
                ],
                "conditionKeys": "",
                "dependentActions": [
                    ""
                ]
            },
            {
                "name": "UpdateGeoMatchSet",
                "description": "Grants permission to insert or delete GeoMatchConstraint objects in a GeoMatchSet",
                "access level": "Write",
                "resource types": [
                    "geomatchset*"
                ],
                "conditionKeys": "",
                "dependentActions": [
                    ""
                ]
            },
            {
                "name": "UpdateIPSet",
                "description": "Grants permission to insert or delete IPSetDescriptor objects in an IPSet",
                "access level": "Write",
                "resource types": [
                    "ipset*"
                ],
                "conditionKeys": "",
                "dependentActions": [
                    ""
                ]
            },
            {
                "name": "UpdateRateBasedRule",
                "description": "Grants permission to insert or delete predicate objects in a rate based rule and update the RateLimit in the rule",
                "access level": "Write",
                "resource types": [
                    "ratebasedrule*"
                ],
                "conditionKeys": "",
                "dependentActions": [
                    ""
                ]
            },
            {
                "name": "UpdateRegexMatchSet",
                "description": "Grants permission to insert or delete RegexMatchTuple objects in a RegexMatchSet",
                "access level": "Write",
                "resource types": [
                    "regexmatchset*"
                ],
                "conditionKeys": "",
                "dependentActions": [
                    ""
                ]
            },
            {
                "name": "UpdateRegexPatternSet",
                "description": "Grants permission to insert or delete RegexPatternStrings in a RegexPatternSet",
                "access level": "Write",
                "resource types": [
                    "regexpatternset*"
                ],
                "conditionKeys": "",
                "dependentActions": [
                    ""
                ]
            },
            {
                "name": "UpdateRule",
                "description": "Grants permission to insert or delete predicate objects in a Rule",
                "access level": "Write",
                "resource types": [
                    "rule*"
                ],
                "conditionKeys": "",
                "dependentActions": [
                    ""
                ]
            },
            {
                "name": "UpdateRuleGroup",
                "description": "Grants permission to insert or delete ActivatedRule objects in a RuleGroup",
                "access level": "Write",
                "resource types": [
                    "rulegroup*"
                ],
                "conditionKeys": "",
                "dependentActions": [
                    ""
                ]
            },
            {
                "name": "UpdateSizeConstraintSet",
                "description": "Grants permission to insert or delete SizeConstraint objects in a SizeConstraintSet",
                "access level": "Write",
                "resource types": [
                    "sizeconstraintset*"
                ],
                "conditionKeys": "",
                "dependentActions": [
                    ""
                ]
            },
            {
                "name": "UpdateSqlInjectionMatchSet",
                "description": "Grants permission to insert or delete SqlInjectionMatchTuple objects in an SqlInjectionMatchSet",
                "access level": "Write",
                "resource types": [
                    "sqlinjectionmatchset*"
                ],
                "conditionKeys": "",
                "dependentActions": [
                    ""
                ]
            },
            {
                "name": "UpdateWebACL",
                "description": "Grants permission to insert or delete ActivatedRule objects in a WebACL",
                "access level": "Permissions management",
                "resource types": [
                    "webacl*"
                ],
                "conditionKeys": "",
                "dependentActions": [
                    ""
                ]
            },
            {
                "name": "UpdateXssMatchSet",
                "description": "Grants permission to insert or delete XssMatchTuple objects in an XssMatchSet",
                "access level": "Write",
                "resource types": [
                    "xssmatchset*"
                ],
                "conditionKeys": "",
                "dependentActions": [
                    ""
                ]
            }
        ]
    },
    {
        "resources": [
            {
                "resource_type": "bytematchset",
                "ARN": "arn:${Partition}:waf-regional:${Region}:${Account}:bytematchset/${Id}",
                "conditionKeys": ""
            },
            {
                "resource_type": "ipset",
                "ARN": "arn:${Partition}:waf-regional:${Region}:${Account}:ipset/${Id}",
                "conditionKeys": ""
            },
            {
                "resource_type": "loadbalancer/app/",
                "ARN": "arn:${Partition}:elasticloadbalancing:${Region}:${Account}:loadbalancer/app/${LoadBalancerName}/${LoadBalancerId}",
                "conditionKeys": ""
            },
            {
                "resource_type": "ratebasedrule",
                "ARN": "arn:${Partition}:waf-regional:${Region}:${Account}:ratebasedrule/${Id}",
                "conditionKeys": "aws:ResourceTag/${TagKey}"
            },
            {
                "resource_type": "rule",
                "ARN": "arn:${Partition}:waf-regional:${Region}:${Account}:rule/${Id}",
                "conditionKeys": "aws:ResourceTag/${TagKey}"
            },
            {
                "resource_type": "sizeconstraintset",
                "ARN": "arn:${Partition}:waf-regional:${Region}:${Account}:sizeconstraintset/${Id}",
                "conditionKeys": ""
            },
            {
                "resource_type": "sqlinjectionmatchset",
                "ARN": "arn:${Partition}:waf-regional:${Region}:${Account}:sqlinjectionset/${Id}",
                "conditionKeys": ""
            },
            {
                "resource_type": "webacl",
                "ARN": "arn:${Partition}:waf-regional:${Region}:${Account}:webacl/${Id}",
                "conditionKeys": "aws:ResourceTag/${TagKey}"
            },
            {
                "resource_type": "xssmatchset",
                "ARN": "arn:${Partition}:waf-regional:${Region}:${Account}:xssmatchset/${Id}",
                "conditionKeys": ""
            },
            {
                "resource_type": "regexmatchset",
                "ARN": "arn:${Partition}:waf-regional:${Region}:${Account}:regexmatch/${Id}",
                "conditionKeys": ""
            },
            {
                "resource_type": "regexpatternset",
                "ARN": "arn:${Partition}:waf-regional:${Region}:${Account}:regexpatternset/${Id}",
                "conditionKeys": ""
            },
            {
                "resource_type": "geomatchset",
                "ARN": "arn:${Partition}:waf-regional:${Region}:${Account}:geomatchset/${Id}",
                "conditionKeys": ""
            },
            {
                "resource_type": "rulegroup",
                "ARN": "arn:${Partition}:waf-regional:${Region}:${Account}:rulegroup/${Id}",
                "conditionKeys": "aws:ResourceTag/${TagKey}"
            }
        ]
    },
    {
        "conditions": [
            {
                "Condition keys": "aws:RequestTag/${TagKey}",
                "Description": "Filters actions based on the allowed set of values for each of the tags",
                "Type": "String"
            },
            {
                "Condition keys": "aws:ResourceTag/${TagKey}",
                "Description": "Filters actions based on tag-value assoicated with the resource",
                "Type": "String"
            },
            {
                "Condition keys": "aws:TagKeys",
                "Description": "Filters actions based on the presence of mandatory tags in the request",
                "Type": "ArrayOfString"
            }
        ]
    }
]