[
    {
        "prefix_item": "wisdom"
    },
    {
        "link": "https://docs.aws.amazon.com/service-authorization/latest/reference/./list_amazonconnectwisdom.html"
    },
    {
        "actions": [
            {
                "name": "CreateAssistant",
                "description": "Grants permission to create an assistant",
                "access level": "Write",
                "resource types": [
                    ""
                ],
                "conditionKeys": "aws:TagKeys\n\n\naws:RequestTag/${TagKey}",
                "dependentActions": [
                    ""
                ]
            },
            {
                "name": "CreateAssistantAssociation",
                "description": "Grants permission to create an association between an assistant and another resource",
                "access level": "Write",
                "resource types": [
                    "Assistant*"
                ],
                "conditionKeys": "",
                "dependentActions": [
                    ""
                ]
            },
            {
                "name": "CreateContent",
                "description": "Grants permission to create content",
                "access level": "Write",
                "resource types": [
                    "KnowledgeBase*"
                ],
                "conditionKeys": "",
                "dependentActions": [
                    ""
                ]
            },
            {
                "name": "CreateKnowledgeBase",
                "description": "Grants permission to create a knowledge base",
                "access level": "Write",
                "resource types": [
                    ""
                ],
                "conditionKeys": "aws:TagKeys\n\n\naws:RequestTag/${TagKey}",
                "dependentActions": [
                    ""
                ]
            },
            {
                "name": "CreateSession",
                "description": "Grants permission to create a session",
                "access level": "Write",
                "resource types": [
                    "Assistant*"
                ],
                "conditionKeys": "",
                "dependentActions": [
                    ""
                ]
            },
            {
                "name": "DeleteAssistant",
                "description": "Grants permission to delete an assistant",
                "access level": "Write",
                "resource types": [
                    "Assistant*"
                ],
                "conditionKeys": "",
                "dependentActions": [
                    ""
                ]
            },
            {
                "name": "DeleteAssistantAssociation",
                "description": "Grants permission to delete an assistant association",
                "access level": "Write",
                "resource types": [
                    "Assistant*"
                ],
                "conditionKeys": "",
                "dependentActions": [
                    ""
                ]
            },
            {
                "name": "DeleteContent",
                "description": "Grants permission to delete content",
                "access level": "Write",
                "resource types": [
                    "Content*"
                ],
                "conditionKeys": "",
                "dependentActions": [
                    ""
                ]
            },
            {
                "name": "DeleteKnowledgeBase",
                "description": "Grants permission to delete a knowledge base",
                "access level": "Write",
                "resource types": [
                    "KnowledgeBase*"
                ],
                "conditionKeys": "",
                "dependentActions": [
                    ""
                ]
            },
            {
                "name": "GetAssistant",
                "description": "Grants permission to retrieve information about an assistant",
                "access level": "Read",
                "resource types": [
                    "Assistant*"
                ],
                "conditionKeys": "",
                "dependentActions": [
                    ""
                ]
            },
            {
                "name": "GetAssistantAssociation",
                "description": "Grants permission to retrieve information about an assistant association",
                "access level": "Read",
                "resource types": [
                    "Assistant*"
                ],
                "conditionKeys": "",
                "dependentActions": [
                    ""
                ]
            },
            {
                "name": "GetContent",
                "description": "Grants permission to retrieve content, including a pre-signed URL to download the content",
                "access level": "Read",
                "resource types": [
                    "Content*"
                ],
                "conditionKeys": "",
                "dependentActions": [
                    ""
                ]
            },
            {
                "name": "GetContentSummary",
                "description": "Grants permission to retrieve summary information about the content",
                "access level": "Read",
                "resource types": [
                    "Content*"
                ],
                "conditionKeys": "",
                "dependentActions": [
                    ""
                ]
            },
            {
                "name": "GetKnowledgeBase",
                "description": "Grants permission to retrieve information about the knowledge base",
                "access level": "Read",
                "resource types": [
                    "KnowledgeBase*"
                ],
                "conditionKeys": "",
                "dependentActions": [
                    ""
                ]
            },
            {
                "name": "GetRecommendations",
                "description": "Grants permission to retrieve recommendations for the specified session",
                "access level": "Read",
                "resource types": [
                    "Assistant*"
                ],
                "conditionKeys": "",
                "dependentActions": [
                    ""
                ]
            },
            {
                "name": "GetSession",
                "description": "Grants permission to retrieve information for a specified session",
                "access level": "Read",
                "resource types": [
                    "Assistant*"
                ],
                "conditionKeys": "",
                "dependentActions": [
                    ""
                ]
            },
            {
                "name": "ListAssistantAssociations",
                "description": "Grants permission to list information about assistant associations",
                "access level": "List",
                "resource types": [
                    "Assistant*"
                ],
                "conditionKeys": "",
                "dependentActions": [
                    ""
                ]
            },
            {
                "name": "ListAssistants",
                "description": "Grants permission to list information about assistants",
                "access level": "List",
                "resource types": [
                    ""
                ],
                "conditionKeys": "",
                "dependentActions": [
                    ""
                ]
            },
            {
                "name": "ListContents",
                "description": "Grants permission to list the content with a knowledge base",
                "access level": "List",
                "resource types": [
                    "KnowledgeBase*"
                ],
                "conditionKeys": "",
                "dependentActions": [
                    ""
                ]
            },
            {
                "name": "ListKnowledgeBases",
                "description": "Grants permission to list information about knowledge bases",
                "access level": "List",
                "resource types": [
                    ""
                ],
                "conditionKeys": "",
                "dependentActions": [
                    ""
                ]
            },
            {
                "name": "ListTagsForResource",
                "description": "Grants permission to list the tags for the specified resource",
                "access level": "Read",
                "resource types": [
                    ""
                ],
                "conditionKeys": "",
                "dependentActions": [
                    ""
                ]
            },
            {
                "name": "NotifyRecommendationsReceived",
                "description": "Grants permission to remove the specified recommendations from the specified assistant's queue of newly available recommendations",
                "access level": "Write",
                "resource types": [
                    "Assistant*"
                ],
                "conditionKeys": "",
                "dependentActions": [
                    ""
                ]
            },
            {
                "name": "QueryAssistant",
                "description": "Grants permission to perform a manual search against the specified assistant",
                "access level": "Read",
                "resource types": [
                    "Assistant*"
                ],
                "conditionKeys": "",
                "dependentActions": [
                    ""
                ]
            },
            {
                "name": "RemoveKnowledgeBaseTemplateUri",
                "description": "Grants permission to remove a URI template from a knowledge base",
                "access level": "Write",
                "resource types": [
                    "KnowledgeBase*"
                ],
                "conditionKeys": "",
                "dependentActions": [
                    ""
                ]
            },
            {
                "name": "SearchContent",
                "description": "Grants permission to search for content referencing a specified knowledge base. Can be used to get a specific content resource by its name",
                "access level": "Read",
                "resource types": [
                    "KnowledgeBase*"
                ],
                "conditionKeys": "",
                "dependentActions": [
                    ""
                ]
            },
            {
                "name": "SearchSessions",
                "description": "Grants permission to search for sessions referencing a specified assistant. Can be used to et a specific session resource by its name",
                "access level": "Read",
                "resource types": [
                    "Assistant*"
                ],
                "conditionKeys": "",
                "dependentActions": [
                    ""
                ]
            },
            {
                "name": "StartContentUpload",
                "description": "Grants permission to get a URL to upload content to a knowledge base",
                "access level": "Write",
                "resource types": [
                    "KnowledgeBase*"
                ],
                "conditionKeys": "",
                "dependentActions": [
                    ""
                ]
            },
            {
                "name": "TagResource",
                "description": "Grants permission to add the specified tags to the specified resource",
                "access level": "Tagging",
                "resource types": [
                    ""
                ],
                "conditionKeys": "aws:TagKeys\n\n\naws:RequestTag/${TagKey}",
                "dependentActions": [
                    ""
                ]
            },
            {
                "name": "UntagResource",
                "description": "Grants permission to remove the specified tags from the specified resource",
                "access level": "Tagging",
                "resource types": [
                    ""
                ],
                "conditionKeys": "aws:TagKeys",
                "dependentActions": [
                    ""
                ]
            },
            {
                "name": "UpdateContent",
                "description": "Grants permission to update information about the content",
                "access level": "Write",
                "resource types": [
                    "Content*"
                ],
                "conditionKeys": "",
                "dependentActions": [
                    ""
                ]
            },
            {
                "name": "UpdateKnowledgeBaseTemplateUri",
                "description": "Grants permission to update the template URI of a knowledge base",
                "access level": "Write",
                "resource types": [
                    "KnowledgeBase*"
                ],
                "conditionKeys": "",
                "dependentActions": [
                    ""
                ]
            }
        ]
    },
    {
        "resources": [
            {
                "resource_type": "Assistant",
                "ARN": "arn:${Partition}:wisdom:${Region}:${Account}:assistant/${AssistantId}",
                "conditionKeys": "aws:ResourceTag/${TagKey}"
            },
            {
                "resource_type": "AssistantAssociation",
                "ARN": "arn:${Partition}:wisdom:${Region}:${Account}:association/${AssistantId}/${AssistantAssociationId}",
                "conditionKeys": "aws:ResourceTag/${TagKey}"
            },
            {
                "resource_type": "Content",
                "ARN": "arn:${Partition}:wisdom:${Region}:${Account}:content/${KnowledgeBaseId}/${ContentId}",
                "conditionKeys": "aws:ResourceTag/${TagKey}"
            },
            {
                "resource_type": "KnowledgeBase",
                "ARN": "arn:${Partition}:wisdom:${Region}:${Account}:knowledge-base/${KnowledgeBaseId}",
                "conditionKeys": "aws:ResourceTag/${TagKey}"
            },
            {
                "resource_type": "Session",
                "ARN": "arn:${Partition}:wisdom:${Region}:${Account}:session/${AssistantId}/${SessionId}",
                "conditionKeys": "aws:ResourceTag/${TagKey}"
            }
        ]
    },
    {
        "conditions": [
            {
                "Condition keys": "aws:RequestTag/${TagKey}",
                "Description": "Filters actions based on the tags that are passed in the request",
                "Type": "String"
            },
            {
                "Condition keys": "aws:ResourceTag/${TagKey}",
                "Description": "Filters actions based on the tags associated with the resource",
                "Type": "String"
            },
            {
                "Condition keys": "aws:TagKeys",
                "Description": "Filters actions based on the tag keys that are passed in the request",
                "Type": "String"
            }
        ]
    }
]