[
    {
        "prefix_item": "workdocs"
    },
    {
        "link": "https://docs.aws.amazon.com/service-authorization/latest/reference/./list_amazonworkdocs.html"
    },
    {
        "actions": [
            {
                "name": "AbortDocumentVersionUpload",
                "description": "Grants permission to abort the upload of the specified document version that was previously initiated by InitiateDocumentVersionUpload",
                "access level": "Write",
                "resource types": [
                    ""
                ],
                "conditionKeys": "",
                "dependentActions": [
                    ""
                ]
            },
            {
                "name": "ActivateUser",
                "description": "Grants permission to activate the specified user. Only active users can access Amazon WorkDocs",
                "access level": "Write",
                "resource types": [
                    ""
                ],
                "conditionKeys": "",
                "dependentActions": [
                    ""
                ]
            },
            {
                "name": "AddNotificationPermissions [permission only]",
                "description": "Grants permission to add principals that are allowed to call notification subscription APIs for a given WorkDocs site",
                "access level": "Write",
                "resource types": [
                    ""
                ],
                "conditionKeys": "",
                "dependentActions": [
                    ""
                ]
            },
            {
                "name": "AddResourcePermissions",
                "description": "Grants permission to create a set of permissions for the specified folder or document",
                "access level": "Write",
                "resource types": [
                    ""
                ],
                "conditionKeys": "",
                "dependentActions": [
                    ""
                ]
            },
            {
                "name": "AddUserToGroup [permission only]",
                "description": "Grants permission to add a user to a group",
                "access level": "Write",
                "resource types": [
                    ""
                ],
                "conditionKeys": "",
                "dependentActions": [
                    ""
                ]
            },
            {
                "name": "CheckAlias [permission only]",
                "description": "Grants permission to check an alias",
                "access level": "Read",
                "resource types": [
                    ""
                ],
                "conditionKeys": "",
                "dependentActions": [
                    ""
                ]
            },
            {
                "name": "CreateComment",
                "description": "Grants permission to add a new comment to the specified document version",
                "access level": "Write",
                "resource types": [
                    ""
                ],
                "conditionKeys": "",
                "dependentActions": [
                    ""
                ]
            },
            {
                "name": "CreateCustomMetadata",
                "description": "Grants permission to add one or more custom properties to the specified resource",
                "access level": "Write",
                "resource types": [
                    ""
                ],
                "conditionKeys": "",
                "dependentActions": [
                    ""
                ]
            },
            {
                "name": "CreateFolder",
                "description": "Grants permission to create a folder with the specified name and parent folder",
                "access level": "Write",
                "resource types": [
                    ""
                ],
                "conditionKeys": "",
                "dependentActions": [
                    ""
                ]
            },
            {
                "name": "CreateInstance [permission only]",
                "description": "Grants permission to create an instance",
                "access level": "Write",
                "resource types": [
                    ""
                ],
                "conditionKeys": "",
                "dependentActions": [
                    ""
                ]
            },
            {
                "name": "CreateLabels",
                "description": "Grants permission to add labels to the given resource",
                "access level": "Write",
                "resource types": [
                    ""
                ],
                "conditionKeys": "",
                "dependentActions": [
                    ""
                ]
            },
            {
                "name": "CreateNotificationSubscription",
                "description": "Grants permission to configure WorkDocs to use Amazon SNS notifications",
                "access level": "Write",
                "resource types": [
                    ""
                ],
                "conditionKeys": "",
                "dependentActions": [
                    ""
                ]
            },
            {
                "name": "CreateUser",
                "description": "Grants permission to create a user in a Simple AD or Microsoft AD directory",
                "access level": "Write",
                "resource types": [
                    ""
                ],
                "conditionKeys": "",
                "dependentActions": [
                    ""
                ]
            },
            {
                "name": "DeactivateUser",
                "description": "Grants permission to deactivate the specified user, which revokes the user's access to Amazon WorkDocs",
                "access level": "Write",
                "resource types": [
                    ""
                ],
                "conditionKeys": "",
                "dependentActions": [
                    ""
                ]
            },
            {
                "name": "DeleteComment",
                "description": "Grants permission to delete the specified comment from the document version",
                "access level": "Write",
                "resource types": [
                    ""
                ],
                "conditionKeys": "",
                "dependentActions": [
                    ""
                ]
            },
            {
                "name": "DeleteCustomMetadata",
                "description": "Grants permission to delete custom metadata from the specified resource",
                "access level": "Write",
                "resource types": [
                    ""
                ],
                "conditionKeys": "",
                "dependentActions": [
                    ""
                ]
            },
            {
                "name": "DeleteDocument",
                "description": "Grants permission to permanently delete the specified document and its associated metadata",
                "access level": "Write",
                "resource types": [
                    ""
                ],
                "conditionKeys": "",
                "dependentActions": [
                    ""
                ]
            },
            {
                "name": "DeleteDocumentVersion",
                "description": "Grants permission to delete versions of a specified document",
                "access level": "Write",
                "resource types": [
                    ""
                ],
                "conditionKeys": "",
                "dependentActions": [
                    ""
                ]
            },
            {
                "name": "DeleteFolder",
                "description": "Grants permission to permanently delete the specified folder and its contents",
                "access level": "Write",
                "resource types": [
                    ""
                ],
                "conditionKeys": "",
                "dependentActions": [
                    ""
                ]
            },
            {
                "name": "DeleteFolderContents",
                "description": "Grants permission to delete the contents of the specified folder",
                "access level": "Write",
                "resource types": [
                    ""
                ],
                "conditionKeys": "",
                "dependentActions": [
                    ""
                ]
            },
            {
                "name": "DeleteInstance [permission only]",
                "description": "Grants permission to delete an instance",
                "access level": "Write",
                "resource types": [
                    ""
                ],
                "conditionKeys": "",
                "dependentActions": [
                    ""
                ]
            },
            {
                "name": "DeleteLabels",
                "description": "Grants permission to delete one or more labels from a resource",
                "access level": "Write",
                "resource types": [
                    ""
                ],
                "conditionKeys": "",
                "dependentActions": [
                    ""
                ]
            },
            {
                "name": "DeleteNotificationPermissions [permission only]",
                "description": "Grants permission to delete principals that are allowed to call notification subscription APIs for a given WorkDocs site",
                "access level": "Write",
                "resource types": [
                    ""
                ],
                "conditionKeys": "",
                "dependentActions": [
                    ""
                ]
            },
            {
                "name": "DeleteNotificationSubscription",
                "description": "Grants permission to delete the specified subscription from the specified organization",
                "access level": "Write",
                "resource types": [
                    ""
                ],
                "conditionKeys": "",
                "dependentActions": [
                    ""
                ]
            },
            {
                "name": "DeleteUser",
                "description": "Grants permission to delete the specified user from a Simple AD or Microsoft AD directory",
                "access level": "Write",
                "resource types": [
                    ""
                ],
                "conditionKeys": "",
                "dependentActions": [
                    ""
                ]
            },
            {
                "name": "DeregisterDirectory [permission only]",
                "description": "Grants permission to deregister a directory",
                "access level": "Write",
                "resource types": [
                    ""
                ],
                "conditionKeys": "",
                "dependentActions": [
                    ""
                ]
            },
            {
                "name": "DescribeActivities",
                "description": "Grants permission to fetch user activities in a specified time period",
                "access level": "List",
                "resource types": [
                    ""
                ],
                "conditionKeys": "",
                "dependentActions": [
                    ""
                ]
            },
            {
                "name": "DescribeAvailableDirectories [permission only]",
                "description": "Grants permission to describe available directories",
                "access level": "List",
                "resource types": [
                    ""
                ],
                "conditionKeys": "",
                "dependentActions": [
                    ""
                ]
            },
            {
                "name": "DescribeComments",
                "description": "Grants permission to list all the comments for the specified document version",
                "access level": "List",
                "resource types": [
                    ""
                ],
                "conditionKeys": "",
                "dependentActions": [
                    ""
                ]
            },
            {
                "name": "DescribeDocumentVersions",
                "description": "Grants permission to retrieve the document versions for the specified document",
                "access level": "List",
                "resource types": [
                    ""
                ],
                "conditionKeys": "",
                "dependentActions": [
                    ""
                ]
            },
            {
                "name": "DescribeFolderContents",
                "description": "Grants permission to describe the contents of the specified folder, including its documents and sub-folders",
                "access level": "List",
                "resource types": [
                    ""
                ],
                "conditionKeys": "",
                "dependentActions": [
                    ""
                ]
            },
            {
                "name": "DescribeGroups",
                "description": "Grants permission to describe the user groups",
                "access level": "List",
                "resource types": [
                    ""
                ],
                "conditionKeys": "",
                "dependentActions": [
                    ""
                ]
            },
            {
                "name": "DescribeInstances [permission only]",
                "description": "Grants permission to describe instances",
                "access level": "List",
                "resource types": [
                    ""
                ],
                "conditionKeys": "",
                "dependentActions": [
                    ""
                ]
            },
            {
                "name": "DescribeNotificationPermissions [permission only]",
                "description": "Grants permission to describe principals that are allowed to call notification subscription APIs for a given WorkDocs site",
                "access level": "List",
                "resource types": [
                    ""
                ],
                "conditionKeys": "",
                "dependentActions": [
                    ""
                ]
            },
            {
                "name": "DescribeNotificationSubscriptions",
                "description": "Grants permission to list the specified notification subscriptions",
                "access level": "List",
                "resource types": [
                    ""
                ],
                "conditionKeys": "",
                "dependentActions": [
                    ""
                ]
            },
            {
                "name": "DescribeResourcePermissions",
                "description": "Grants permission to view a description of a specified resource's permissions",
                "access level": "List",
                "resource types": [
                    ""
                ],
                "conditionKeys": "",
                "dependentActions": [
                    ""
                ]
            },
            {
                "name": "DescribeRootFolders",
                "description": "Grants permission to describe the root folders",
                "access level": "List",
                "resource types": [
                    ""
                ],
                "conditionKeys": "",
                "dependentActions": [
                    ""
                ]
            },
            {
                "name": "DescribeUsers",
                "description": "Grants permission to view a description of the specified users. You can describe all users or filter the results (for example, by status or organization)",
                "access level": "List",
                "resource types": [
                    ""
                ],
                "conditionKeys": "",
                "dependentActions": [
                    ""
                ]
            },
            {
                "name": "DownloadDocumentVersion [permission only]",
                "description": "Grants permission to download a specified document version",
                "access level": "Read",
                "resource types": [
                    ""
                ],
                "conditionKeys": "",
                "dependentActions": [
                    ""
                ]
            },
            {
                "name": "GetCurrentUser",
                "description": "Grants permission to retrieve the details of the current user",
                "access level": "Read",
                "resource types": [
                    ""
                ],
                "conditionKeys": "",
                "dependentActions": [
                    ""
                ]
            },
            {
                "name": "GetDocument",
                "description": "Grants permission to retrieve the specified document object",
                "access level": "Read",
                "resource types": [
                    ""
                ],
                "conditionKeys": "",
                "dependentActions": [
                    ""
                ]
            },
            {
                "name": "GetDocumentPath",
                "description": "Grants permission to retrieve the path information (the hierarchy from the root folder) for the requested document",
                "access level": "Read",
                "resource types": [
                    ""
                ],
                "conditionKeys": "",
                "dependentActions": [
                    ""
                ]
            },
            {
                "name": "GetDocumentVersion",
                "description": "Grants permission to retrieve version metadata for the specified document",
                "access level": "Read",
                "resource types": [
                    ""
                ],
                "conditionKeys": "",
                "dependentActions": [
                    ""
                ]
            },
            {
                "name": "GetFolder",
                "description": "Grants permission to retrieve the metadata of the specified folder",
                "access level": "Read",
                "resource types": [
                    ""
                ],
                "conditionKeys": "",
                "dependentActions": [
                    ""
                ]
            },
            {
                "name": "GetFolderPath",
                "description": "Grants permission to retrieve the path information (the hierarchy from the root folder) for the specified folder",
                "access level": "Read",
                "resource types": [
                    ""
                ],
                "conditionKeys": "",
                "dependentActions": [
                    ""
                ]
            },
            {
                "name": "GetGroup [permission only]",
                "description": "Grants permission to retrieve details for the specified group",
                "access level": "Read",
                "resource types": [
                    ""
                ],
                "conditionKeys": "",
                "dependentActions": [
                    ""
                ]
            },
            {
                "name": "GetResources",
                "description": "Grants permission to get a collection of resources",
                "access level": "Read",
                "resource types": [
                    ""
                ],
                "conditionKeys": "",
                "dependentActions": [
                    ""
                ]
            },
            {
                "name": "InitiateDocumentVersionUpload",
                "description": "Grants permission to create a new document object and version object",
                "access level": "Write",
                "resource types": [
                    ""
                ],
                "conditionKeys": "",
                "dependentActions": [
                    ""
                ]
            },
            {
                "name": "RegisterDirectory [permission only]",
                "description": "Grants permission to register a directory",
                "access level": "Write",
                "resource types": [
                    ""
                ],
                "conditionKeys": "",
                "dependentActions": [
                    ""
                ]
            },
            {
                "name": "RemoveAllResourcePermissions",
                "description": "Grants permission to remove all the permissions from the specified resource",
                "access level": "Write",
                "resource types": [
                    ""
                ],
                "conditionKeys": "",
                "dependentActions": [
                    ""
                ]
            },
            {
                "name": "RemoveResourcePermission",
                "description": "Grants permission to remove the permission for the specified principal from the specified resource",
                "access level": "Write",
                "resource types": [
                    ""
                ],
                "conditionKeys": "",
                "dependentActions": [
                    ""
                ]
            },
            {
                "name": "RestoreDocumentVersions",
                "description": "Grants permission to restore versions of a specified document",
                "access level": "Write",
                "resource types": [
                    ""
                ],
                "conditionKeys": "",
                "dependentActions": [
                    ""
                ]
            },
            {
                "name": "SearchResources",
                "description": "Grants permission to search metadata and the content of resources",
                "access level": "List",
                "resource types": [
                    ""
                ],
                "conditionKeys": "",
                "dependentActions": [
                    ""
                ]
            },
            {
                "name": "UpdateDocument",
                "description": "Grants permission to update the specified attributes of the specified document",
                "access level": "Write",
                "resource types": [
                    ""
                ],
                "conditionKeys": "",
                "dependentActions": [
                    ""
                ]
            },
            {
                "name": "UpdateDocumentVersion",
                "description": "Grants permission to change the status of the document version to ACTIVE",
                "access level": "Write",
                "resource types": [
                    ""
                ],
                "conditionKeys": "",
                "dependentActions": [
                    ""
                ]
            },
            {
                "name": "UpdateFolder",
                "description": "Grants permission to update the specified attributes of the specified folder",
                "access level": "Write",
                "resource types": [
                    ""
                ],
                "conditionKeys": "",
                "dependentActions": [
                    ""
                ]
            },
            {
                "name": "UpdateInstanceAlias [permission only]",
                "description": "Grants permission to update an instance alias",
                "access level": "Write",
                "resource types": [
                    ""
                ],
                "conditionKeys": "",
                "dependentActions": [
                    ""
                ]
            },
            {
                "name": "UpdateUser",
                "description": "Grants permission to update the specified attributes of the specified user, and grants or revokes administrative privileges to the Amazon WorkDocs site",
                "access level": "Write",
                "resource types": [
                    ""
                ],
                "conditionKeys": "",
                "dependentActions": [
                    ""
                ]
            }
        ]
    }
]